{"op_code":0,"worker_id":"86638fb0-284c-4fe6-bb33-ee29d2adb3be-137621019616768","study_name":"stageA-baseline","directions":[1]}
{"op_code":0,"worker_id":"7d95b9da-d28a-4a61-9539-a7cadc394c27-137194481391104","study_name":"stageA-baseline","directions":[1]}
{"op_code":0,"worker_id":"9e97f2a5-d018-4804-af09-446e3f976f45-127331980781056","study_name":"stageA-baseline","directions":[1]}
{"op_code":4,"worker_id":"86638fb0-284c-4fe6-bb33-ee29d2adb3be-137621019616768","study_id":0,"datetime_start":"2026-08-19T23:09:41.159932"}
{"op_code":4,"worker_id":"7d95b9da-d28a-4a61-9539-a7cadc394c27-137194481391104","study_id":0,"datetime_start":"2026-08-19T23:09:41.165092"}
{"op_code":5,"worker_id":"86638fb0-284c-4fe6-bb33-ee29d2adb3be-137621019616768","trial_id":0,"param_name":"lr","param_value_internal":5.972086713381386e-05,"distribution":"{\"name\": \"FloatDistribution\", \"attributes\": {\"step\": null, \"low\": 5e-06, \"high\": 0.0003, \"log\": true}}"}
{"op_code":4,"worker_id":"9e97f2a5-d018-4804-af09-446e3f976f45-127331980781056","study_id":0,"datetime_start":"2026-08-19T23:09:41.169997"}
{"op_code":5,"worker_id":"86638fb0-284c-4fe6-bb33-ee29d2adb3be-137621019616768","trial_id":0,"param_name":"batch_size","param_value_internal":2,"distribution":"{\"name\": \"CategoricalDistribution\", \"attributes\": {\"choices\": [16, 32, 64]}}"}
{"op_code":5,"worker_id":"9e97f2a5-d018-4804-af09-446e3f976f45-127331980781056","trial_id":2,"param_name":"lr","param_value_internal":0.0002944083562012058,"distribution":"{\"name\": \"FloatDistribution\", \"attributes\": {\"step\": null, \"low\": 5e-06, \"high\": 0.0003, \"log\": true}}"}
{"op_code":5,"worker_id":"7d95b9da-d28a-4a61-9539-a7cadc394c27-137194481391104","trial_id":1,"param_name":"lr","param_value_internal":0.0002398170286732557,"distribution":"{\"name\": \"FloatDistribution\", \"attributes\": {\"step\": null, \"low\": 5e-06, \"high\": 0.0003, \"log\": true}}"}
{"op_code":5,"worker_id":"9e97f2a5-d018-4804-af09-446e3f976f45-127331980781056","trial_id":2,"param_name":"batch_size","param_value_internal":0,"distribution":"{\"name\": \"CategoricalDistribution\", \"attributes\": {\"choices\": [16, 32, 64]}}"}
{"op_code":5,"worker_id":"7d95b9da-d28a-4a61-9539-a7cadc394c27-137194481391104","trial_id":1,"param_name":"batch_size","param_value_internal":0,"distribution":"{\"name\": \"CategoricalDistribution\", \"attributes\": {\"choices\": [16, 32, 64]}}"}
{"op_code":0,"worker_id":"8e121434-d455-47e7-a812-6463efa1c5b8-129601631901184","study_name":"stageA-baseline","directions":[1]}
{"op_code":0,"worker_id":"9a8b9994-b7f8-45c0-883b-c8a222f6c0d6-137116887188992","study_name":"stageA-baseline","directions":[1]}
{"op_code":5,"worker_id":"7d95b9da-d28a-4a61-9539-a7cadc394c27-137194481391104","trial_id":1,"param_name":"weight_decay","param_value_internal":5.234602340352829e-06,"distribution":"{\"name\": \"FloatDistribution\", \"attributes\": {\"step\": null, \"low\": 1e-06, \"high\": 0.01, \"log\": true}}"}
{"op_code":5,"worker_id":"9e97f2a5-d018-4804-af09-446e3f976f45-127331980781056","trial_id":2,"param_name":"weight_decay","param_value_internal":0.00016816390719096166,"distribution":"{\"name\": \"FloatDistribution\", \"attributes\": {\"step\": null, \"low\": 1e-06, \"high\": 0.01, \"log\": true}}"}
{"op_code":5,"worker_id":"7d95b9da-d28a-4a61-9539-a7cadc394c27-137194481391104","trial_id":1,"param_name":"dropout","param_value_internal":0.056637245838188174,"distribution":"{\"name\": \"FloatDistribution\", \"attributes\": {\"step\": null, \"low\": 0.0, \"high\": 0.3, \"log\": false}}"}
{"op_code":5,"worker_id":"9e97f2a5-d018-4804-af09-446e3f976f45-127331980781056","trial_id":2,"param_name":"dropout","param_value_internal":0.02477658523713906,"distribution":"{\"name\": \"FloatDistribution\", \"attributes\": {\"step\": null, \"low\": 0.0, \"high\": 0.3, \"log\": false}}"}
{"op_code":0,"worker_id":"d8159b67-1598-4530-8185-0b4e2f627deb-130265049986560","study_name":"stageA-baseline","directions":[1]}
{"op_code":5,"worker_id":"86638fb0-284c-4fe6-bb33-ee29d2adb3be-137621019616768","trial_id":0,"param_name":"weight_decay","param_value_internal":0.0004793787226453116,"distribution":"{\"name\": \"FloatDistribution\", \"attributes\": {\"step\": null, \"low\": 1e-06, \"high\": 0.01, \"log\": true}}"}
{"op_code":4,"worker_id":"8e121434-d455-47e7-a812-6463efa1c5b8-129601631901184","study_id":0,"datetime_start":"2026-08-19T23:09:41.228969"}
{"op_code":5,"worker_id":"9e97f2a5-d018-4804-af09-446e3f976f45-127331980781056","trial_id":2,"param_name":"patience","param_value_internal":2.0,"distribution":"{\"name\": \"IntDistribution\", \"attributes\": {\"log\": false, \"step\": 1, \"low\": 2, \"high\": 5}}"}
{"op_code":5,"worker_id":"7d95b9da-d28a-4a61-9539-a7cadc394c27-137194481391104","trial_id":1,"param_name":"patience","param_value_internal":4.0,"distribution":"{\"name\": \"IntDistribution\", \"attributes\": {\"log\": false, \"step\": 1, \"low\": 2, \"high\": 5}}"}
{"op_code":5,"worker_id":"8e121434-d455-47e7-a812-6463efa1c5b8-129601631901184","trial_id":3,"param_name":"lr","param_value_internal":0.00017381388073940923,"distribution":"{\"name\": \"FloatDistribution\", \"attributes\": {\"step\": null, \"low\": 5e-06, \"high\": 0.0003, \"log\": true}}"}
{"op_code":0,"worker_id":"03390d1d-9dbe-44ea-b50c-8910413720e7-127115480471040","study_name":"stageA-baseline","directions":[1]}
{"op_code":5,"worker_id":"8e121434-d455-47e7-a812-6463efa1c5b8-129601631901184","trial_id":3,"param_name":"batch_size","param_value_internal":1,"distribution":"{\"name\": \"CategoricalDistribution\", \"attributes\": {\"choices\": [16, 32, 64]}}"}
{"op_code":4,"worker_id":"d8159b67-1598-4530-8185-0b4e2f627deb-130265049986560","study_id":0,"datetime_start":"2026-08-19T23:09:41.254375"}
{"op_code":5,"worker_id":"86638fb0-284c-4fe6-bb33-ee29d2adb3be-137621019616768","trial_id":0,"param_name":"dropout","param_value_internal":0.0817821869304291,"distribution":"{\"name\": \"FloatDistribution\", \"attributes\": {\"step\": null, \"low\": 0.0, \"high\": 0.3, \"log\": false}}"}
{"op_code":5,"worker_id":"d8159b67-1598-4530-8185-0b4e2f627deb-130265049986560","trial_id":4,"param_name":"lr","param_value_internal":5.294998918258323e-06,"distribution":"{\"name\": \"FloatDistribution\", \"attributes\": {\"step\": null, \"low\": 5e-06, \"high\": 0.0003, \"log\": true}}"}
{"op_code":0,"worker_id":"40bc7db2-faeb-462c-8398-1aab030ed339-128154193819136","study_name":"stageA-baseline","directions":[1]}
{"op_code":5,"worker_id":"86638fb0-284c-4fe6-bb33-ee29d2adb3be-137621019616768","trial_id":0,"param_name":"patience","param_value_internal":3.0,"distribution":"{\"name\": \"IntDistribution\", \"attributes\": {\"log\": false, \"step\": 1, \"low\": 2, \"high\": 5}}"}
{"op_code":4,"worker_id":"9a8b9994-b7f8-45c0-883b-c8a222f6c0d6-137116887188992","study_id":0,"datetime_start":"2026-08-19T23:09:41.229740"}
{"op_code":4,"worker_id":"03390d1d-9dbe-44ea-b50c-8910413720e7-127115480471040","study_id":0,"datetime_start":"2026-08-19T23:09:41.276586"}
{"op_code":5,"worker_id":"d8159b67-1598-4530-8185-0b4e2f627deb-130265049986560","trial_id":4,"param_name":"batch_size","param_value_internal":1,"distribution":"{\"name\": \"CategoricalDistribution\", \"attributes\": {\"choices\": [16, 32, 64]}}"}
{"op_code":0,"worker_id":"679cf347-18f2-4a2e-a430-e12538a555a3-126265109607936","study_name":"stageA-baseline","directions":[1]}
{"op_code":5,"worker_id":"03390d1d-9dbe-44ea-b50c-8910413720e7-127115480471040","trial_id":6,"param_name":"lr","param_value_internal":4.28918978950667e-05,"distribution":"{\"name\": \"FloatDistribution\", \"attributes\": {\"step\": null, \"low\": 5e-06, \"high\": 0.0003, \"log\": true}}"}
{"op_code":0,"worker_id":"d5d9ede1-bcd4-481f-8816-9f3bfc2ae4f1-130087024510464","study_name":"stageA-baseline","directions":[1]}
{"op_code":5,"worker_id":"d8159b67-1598-4530-8185-0b4e2f627deb-130265049986560","trial_id":4,"param_name":"weight_decay","param_value_internal":2.3498464804500023e-06,"distribution":"{\"name\": \"FloatDistribution\", \"attributes\": {\"step\": null, \"low\": 1e-06, \"high\": 0.01, \"log\": true}}"}
{"op_code":5,"worker_id":"8e121434-d455-47e7-a812-6463efa1c5b8-129601631901184","trial_id":3,"param_name":"weight_decay","param_value_internal":4.2553489971203485e-06,"distribution":"{\"name\": \"FloatDistribution\", \"attributes\": {\"step\": null, \"low\": 1e-06, \"high\": 0.01, \"log\": true}}"}
{"op_code":4,"worker_id":"40bc7db2-faeb-462c-8398-1aab030ed339-128154193819136","study_id":0,"datetime_start":"2026-08-19T23:09:41.297704"}
{"op_code":5,"worker_id":"8e121434-d455-47e7-a812-6463efa1c5b8-129601631901184","trial_id":3,"param_name":"dropout","param_value_internal":0.08193531806189419,"distribution":"{\"name\": \"FloatDistribution\", \"attributes\": {\"step\": null, \"low\": 0.0, \"high\": 0.3, \"log\": false}}"}
{"op_code":5,"worker_id":"40bc7db2-faeb-462c-8398-1aab030ed339-128154193819136","trial_id":7,"param_name":"lr","param_value_internal":2.9417855875132207e-05,"distribution":"{\"name\": \"FloatDistribution\", \"attributes\": {\"step\": null, \"low\": 5e-06, \"high\": 0.0003, \"log\": true}}"}
{"op_code":5,"worker_id":"40bc7db2-faeb-462c-8398-1aab030ed339-128154193819136","trial_id":7,"param_name":"batch_size","param_value_internal":1,"distribution":"{\"name\": \"CategoricalDistribution\", \"attributes\": {\"choices\": [16, 32, 64]}}"}
{"op_code":4,"worker_id":"679cf347-18f2-4a2e-a430-e12538a555a3-126265109607936","study_id":0,"datetime_start":"2026-08-19T23:09:41.315027"}
{"op_code":5,"worker_id":"8e121434-d455-47e7-a812-6463efa1c5b8-129601631901184","trial_id":3,"param_name":"patience","param_value_internal":2.0,"distribution":"{\"name\": \"IntDistribution\", \"attributes\": {\"log\": false, \"step\": 1, \"low\": 2, \"high\": 5}}"}
{"op_code":5,"worker_id":"679cf347-18f2-4a2e-a430-e12538a555a3-126265109607936","trial_id":8,"param_name":"lr","param_value_internal":1.8471080853174592e-05,"distribution":"{\"name\": \"FloatDistribution\", \"attributes\": {\"step\": null, \"low\": 5e-06, \"high\": 0.0003, \"log\": true}}"}
{"op_code":5,"worker_id":"9a8b9994-b7f8-45c0-883b-c8a222f6c0d6-137116887188992","trial_id":5,"param_name":"lr","param_value_internal":7.188523286470475e-05,"distribution":"{\"name\": \"FloatDistribution\", \"attributes\": {\"step\": null, \"low\": 5e-06, \"high\": 0.0003, \"log\": true}}"}
{"op_code":5,"worker_id":"679cf347-18f2-4a2e-a430-e12538a555a3-126265109607936","trial_id":8,"param_name":"batch_size","param_value_internal":1,"distribution":"{\"name\": \"CategoricalDistribution\", \"attributes\": {\"choices\": [16, 32, 64]}}"}
{"op_code":4,"worker_id":"d5d9ede1-bcd4-481f-8816-9f3bfc2ae4f1-130087024510464","study_id":0,"datetime_start":"2026-08-19T23:09:41.324110"}
{"op_code":5,"worker_id":"9a8b9994-b7f8-45c0-883b-c8a222f6c0d6-137116887188992","trial_id":5,"param_name":"batch_size","param_value_internal":2,"distribution":"{\"name\": \"CategoricalDistribution\", \"attributes\": {\"choices\": [16, 32, 64]}}"}
{"op_code":5,"worker_id":"d5d9ede1-bcd4-481f-8816-9f3bfc2ae4f1-130087024510464","trial_id":9,"param_name":"lr","param_value_internal":4.0381547596515955e-05,"distribution":"{\"name\": \"FloatDistribution\", \"attributes\": {\"step\": null, \"low\": 5e-06, \"high\": 0.0003, \"log\": true}}"}
{"op_code":0,"worker_id":"fc071723-94a2-4a86-9e7d-bdfde0c69d2a-140268501722624","study_name":"stageA-baseline","directions":[1]}
{"op_code":5,"worker_id":"d8159b67-1598-4530-8185-0b4e2f627deb-130265049986560","trial_id":4,"param_name":"dropout","param_value_internal":0.18956289364137938,"distribution":"{\"name\": \"FloatDistribution\", \"attributes\": {\"step\": null, \"low\": 0.0, \"high\": 0.3, \"log\": false}}"}
{"op_code":5,"worker_id":"9a8b9994-b7f8-45c0-883b-c8a222f6c0d6-137116887188992","trial_id":5,"param_name":"weight_decay","param_value_internal":0.00013305911864711857,"distribution":"{\"name\": \"FloatDistribution\", \"attributes\": {\"step\": null, \"low\": 1e-06, \"high\": 0.01, \"log\": true}}"}
{"op_code":5,"worker_id":"d8159b67-1598-4530-8185-0b4e2f627deb-130265049986560","trial_id":4,"param_name":"patience","param_value_internal":3.0,"distribution":"{\"name\": \"IntDistribution\", \"attributes\": {\"log\": false, \"step\": 1, \"low\": 2, \"high\": 5}}"}
{"op_code":5,"worker_id":"9a8b9994-b7f8-45c0-883b-c8a222f6c0d6-137116887188992","trial_id":5,"param_name":"dropout","param_value_internal":0.2021976053234587,"distribution":"{\"name\": \"FloatDistribution\", \"attributes\": {\"step\": null, \"low\": 0.0, \"high\": 0.3, \"log\": false}}"}
{"op_code":5,"worker_id":"40bc7db2-faeb-462c-8398-1aab030ed339-128154193819136","trial_id":7,"param_name":"weight_decay","param_value_internal":1.0641989835488641e-05,"distribution":"{\"name\": \"FloatDistribution\", \"attributes\": {\"step\": null, \"low\": 1e-06, \"high\": 0.01, \"log\": true}}"}
{"op_code":5,"worker_id":"9a8b9994-b7f8-45c0-883b-c8a222f6c0d6-137116887188992","trial_id":5,"param_name":"patience","param_value_internal":3.0,"distribution":"{\"name\": \"IntDistribution\", \"attributes\": {\"log\": false, \"step\": 1, \"low\": 2, \"high\": 5}}"}
{"op_code":5,"worker_id":"40bc7db2-faeb-462c-8398-1aab030ed339-128154193819136","trial_id":7,"param_name":"dropout","param_value_internal":0.2141161499595642,"distribution":"{\"name\": \"FloatDistribution\", \"attributes\": {\"step\": null, \"low\": 0.0, \"high\": 0.3, \"log\": false}}"}
{"op_code":5,"worker_id":"d5d9ede1-bcd4-481f-8816-9f3bfc2ae4f1-130087024510464","trial_id":9,"param_name":"batch_size","param_value_internal":2,"distribution":"{\"name\": \"CategoricalDistribution\", \"attributes\": {\"choices\": [16, 32, 64]}}"}
{"op_code":5,"worker_id":"679cf347-18f2-4a2e-a430-e12538a555a3-126265109607936","trial_id":8,"param_name":"weight_decay","param_value_internal":0.0026317907575399186,"distribution":"{\"name\": \"FloatDistribution\", \"attributes\": {\"step\": null, \"low\": 1e-06, \"high\": 0.01, \"log\": true}}"}
{"op_code":5,"worker_id":"d5d9ede1-bcd4-481f-8816-9f3bfc2ae4f1-130087024510464","trial_id":9,"param_name":"weight_decay","param_value_internal":0.0038256984251393185,"distribution":"{\"name\": \"FloatDistribution\", \"attributes\": {\"step\": null, \"low\": 1e-06, \"high\": 0.01, \"log\": true}}"}
{"op_code":5,"worker_id":"d5d9ede1-bcd4-481f-8816-9f3bfc2ae4f1-130087024510464","trial_id":9,"param_name":"dropout","param_value_internal":0.08053450029158374,"distribution":"{\"name\": \"FloatDistribution\", \"attributes\": {\"step\": null, \"low\": 0.0, \"high\": 0.3, \"log\": false}}"}
{"op_code":4,"worker_id":"fc071723-94a2-4a86-9e7d-bdfde0c69d2a-140268501722624","study_id":0,"datetime_start":"2026-08-19T23:09:41.375171"}
{"op_code":5,"worker_id":"d5d9ede1-bcd4-481f-8816-9f3bfc2ae4f1-130087024510464","trial_id":9,"param_name":"patience","param_value_internal":4.0,"distribution":"{\"name\": \"IntDistribution\", \"attributes\": {\"log\": false, \"step\": 1, \"low\": 2, \"high\": 5}}"}
{"op_code":5,"worker_id":"679cf347-18f2-4a2e-a430-e12538a555a3-126265109607936","trial_id":8,"param_name":"dropout","param_value_internal":0.2244156264552865,"distribution":"{\"name\": \"FloatDistribution\", \"attributes\": {\"step\": null, \"low\": 0.0, \"high\": 0.3, \"log\": false}}"}
{"op_code":5,"worker_id":"40bc7db2-faeb-462c-8398-1aab030ed339-128154193819136","trial_id":7,"param_name":"patience","param_value_internal":5.0,"distribution":"{\"name\": \"IntDistribution\", \"attributes\": {\"log\": false, \"step\": 1, \"low\": 2, \"high\": 5}}"}
{"op_code":5,"worker_id":"fc071723-94a2-4a86-9e7d-bdfde0c69d2a-140268501722624","trial_id":10,"param_name":"lr","param_value_internal":3.567709701497418e-05,"distribution":"{\"name\": \"FloatDistribution\", \"attributes\": {\"step\": null, \"low\": 5e-06, \"high\": 0.0003, \"log\": true}}"}
{"op_code":5,"worker_id":"fc071723-94a2-4a86-9e7d-bdfde0c69d2a-140268501722624","trial_id":10,"param_name":"batch_size","param_value_internal":2,"distribution":"{\"name\": \"CategoricalDistribution\", \"attributes\": {\"choices\": [16, 32, 64]}}"}
{"op_code":5,"worker_id":"fc071723-94a2-4a86-9e7d-bdfde0c69d2a-140268501722624","trial_id":10,"param_name":"weight_decay","param_value_internal":0.0015276214125088273,"distribution":"{\"name\": \"FloatDistribution\", \"attributes\": {\"step\": null, \"low\": 1e-06, \"high\": 0.01, \"log\": true}}"}
{"op_code":5,"worker_id":"679cf347-18f2-4a2e-a430-e12538a555a3-126265109607936","trial_id":8,"param_name":"patience","param_value_internal":5.0,"distribution":"{\"name\": \"IntDistribution\", \"attributes\": {\"log\": false, \"step\": 1, \"low\": 2, \"high\": 5}}"}
{"op_code":5,"worker_id":"fc071723-94a2-4a86-9e7d-bdfde0c69d2a-140268501722624","trial_id":10,"param_name":"dropout","param_value_internal":0.23166249813766443,"distribution":"{\"name\": \"FloatDistribution\", \"attributes\": {\"step\": null, \"low\": 0.0, \"high\": 0.3, \"log\": false}}"}
{"op_code":5,"worker_id":"fc071723-94a2-4a86-9e7d-bdfde0c69d2a-140268501722624","trial_id":10,"param_name":"patience","param_value_internal":4.0,"distribution":"{\"name\": \"IntDistribution\", \"attributes\": {\"log\": false, \"step\": 1, \"low\": 2, \"high\": 5}}"}
{"op_code":5,"worker_id":"03390d1d-9dbe-44ea-b50c-8910413720e7-127115480471040","trial_id":6,"param_name":"batch_size","param_value_internal":1,"distribution":"{\"name\": \"CategoricalDistribution\", \"attributes\": {\"choices\": [16, 32, 64]}}"}
{"op_code":5,"worker_id":"03390d1d-9dbe-44ea-b50c-8910413720e7-127115480471040","trial_id":6,"param_name":"weight_decay","param_value_internal":0.003869827815108662,"distribution":"{\"name\": \"FloatDistribution\", \"attributes\": {\"step\": null, \"low\": 1e-06, \"high\": 0.01, \"log\": true}}"}
{"op_code":5,"worker_id":"03390d1d-9dbe-44ea-b50c-8910413720e7-127115480471040","trial_id":6,"param_name":"dropout","param_value_internal":0.08967136089658946,"distribution":"{\"name\": \"FloatDistribution\", \"attributes\": {\"step\": null, \"low\": 0.0, \"high\": 0.3, \"log\": false}}"}
{"op_code":5,"worker_id":"03390d1d-9dbe-44ea-b50c-8910413720e7-127115480471040","trial_id":6,"param_name":"patience","param_value_internal":2.0,"distribution":"{\"name\": \"IntDistribution\", \"attributes\": {\"log\": false, \"step\": 1, \"low\": 2, \"high\": 5}}"}
{"op_code":0,"worker_id":"c2ed5631-5232-4419-9221-7c75593489a3-135269821588992","study_name":"stageA-baseline","directions":[1]}
{"op_code":4,"worker_id":"c2ed5631-5232-4419-9221-7c75593489a3-135269821588992","study_id":0,"datetime_start":"2026-08-19T23:09:41.531321"}
{"op_code":5,"worker_id":"c2ed5631-5232-4419-9221-7c75593489a3-135269821588992","trial_id":11,"param_name":"lr","param_value_internal":4.4058636264094767e-05,"distribution":"{\"name\": \"FloatDistribution\", \"attributes\": {\"step\": null, \"low\": 5e-06, \"high\": 0.0003, \"log\": true}}"}
{"op_code":5,"worker_id":"c2ed5631-5232-4419-9221-7c75593489a3-135269821588992","trial_id":11,"param_name":"batch_size","param_value_internal":2,"distribution":"{\"name\": \"CategoricalDistribution\", \"attributes\": {\"choices\": [16, 32, 64]}}"}
{"op_code":5,"worker_id":"c2ed5631-5232-4419-9221-7c75593489a3-135269821588992","trial_id":11,"param_name":"weight_decay","param_value_internal":1.180832292580743e-05,"distribution":"{\"name\": \"FloatDistribution\", \"attributes\": {\"step\": null, \"low\": 1e-06, \"high\": 0.01, \"log\": true}}"}
{"op_code":5,"worker_id":"c2ed5631-5232-4419-9221-7c75593489a3-135269821588992","trial_id":11,"param_name":"dropout","param_value_internal":0.23527284575286272,"distribution":"{\"name\": \"FloatDistribution\", \"attributes\": {\"step\": null, \"low\": 0.0, \"high\": 0.3, \"log\": false}}"}
{"op_code":5,"worker_id":"c2ed5631-5232-4419-9221-7c75593489a3-135269821588992","trial_id":11,"param_name":"patience","param_value_internal":4.0,"distribution":"{\"name\": \"IntDistribution\", \"attributes\": {\"log\": false, \"step\": 1, \"low\": 2, \"high\": 5}}"}
{"op_code":0,"worker_id":"74d551b3-67cc-4333-90e4-967d1ed6fe3a-131316947674624","study_name":"stageA-baseline","directions":[1]}
{"op_code":4,"worker_id":"74d551b3-67cc-4333-90e4-967d1ed6fe3a-131316947674624","study_id":0,"datetime_start":"2026-08-19T23:09:41.657165"}
{"op_code":5,"worker_id":"74d551b3-67cc-4333-90e4-967d1ed6fe3a-131316947674624","trial_id":12,"param_name":"lr","param_value_internal":3.4496518262741184e-05,"distribution":"{\"name\": \"FloatDistribution\", \"attributes\": {\"step\": null, \"low\": 5e-06, \"high\": 0.0003, \"log\": true}}"}
{"op_code":5,"worker_id":"74d551b3-67cc-4333-90e4-967d1ed6fe3a-131316947674624","trial_id":12,"param_name":"batch_size","param_value_internal":0,"distribution":"{\"name\": \"CategoricalDistribution\", \"attributes\": {\"choices\": [16, 32, 64]}}"}
{"op_code":5,"worker_id":"74d551b3-67cc-4333-90e4-967d1ed6fe3a-131316947674624","trial_id":12,"param_name":"weight_decay","param_value_internal":0.0024330626799096405,"distribution":"{\"name\": \"FloatDistribution\", \"attributes\": {\"step\": null, \"low\": 1e-06, \"high\": 0.01, \"log\": true}}"}
{"op_code":5,"worker_id":"74d551b3-67cc-4333-90e4-967d1ed6fe3a-131316947674624","trial_id":12,"param_name":"dropout","param_value_internal":0.2782234757179466,"distribution":"{\"name\": \"FloatDistribution\", \"attributes\": {\"step\": null, \"low\": 0.0, \"high\": 0.3, \"log\": false}}"}
{"op_code":5,"worker_id":"74d551b3-67cc-4333-90e4-967d1ed6fe3a-131316947674624","trial_id":12,"param_name":"patience","param_value_internal":2.0,"distribution":"{\"name\": \"IntDistribution\", \"attributes\": {\"log\": false, \"step\": 1, \"low\": 2, \"high\": 5}}"}
{"op_code":7,"worker_id":"8e121434-d455-47e7-a812-6463efa1c5b8-129601631901184","trial_id":3,"step":1,"intermediate_value":0.460646913371292}
{"op_code":7,"worker_id":"7d95b9da-d28a-4a61-9539-a7cadc394c27-137194481391104","trial_id":1,"step":1,"intermediate_value":1.5145294035666461}
{"op_code":7,"worker_id":"74d551b3-67cc-4333-90e4-967d1ed6fe3a-131316947674624","trial_id":12,"step":1,"intermediate_value":0.4228148310474507}
{"op_code":7,"worker_id":"9e97f2a5-d018-4804-af09-446e3f976f45-127331980781056","trial_id":2,"step":1,"intermediate_value":1.514776349887022}
{"op_code":7,"worker_id":"86638fb0-284c-4fe6-bb33-ee29d2adb3be-137621019616768","trial_id":0,"step":1,"intermediate_value":0.410158948477289}
{"op_code":7,"worker_id":"8e121434-d455-47e7-a812-6463efa1c5b8-129601631901184","trial_id":3,"step":2,"intermediate_value":0.9717892551455996}
{"op_code":6,"worker_id":"8e121434-d455-47e7-a812-6463efa1c5b8-129601631901184","trial_id":3,"state":1,"values":[0.9717892551455996],"datetime_complete":"2026-08-19T23:13:58.200905"}
{"op_code":4,"worker_id":"8e121434-d455-47e7-a812-6463efa1c5b8-129601631901184","study_id":0,"datetime_start":"2026-08-19T23:13:58.205742"}
{"op_code":5,"worker_id":"8e121434-d455-47e7-a812-6463efa1c5b8-129601631901184","trial_id":13,"param_name":"lr","param_value_internal":5.0613899717067114e-06,"distribution":"{\"name\": \"FloatDistribution\", \"attributes\": {\"step\": null, \"low\": 5e-06, \"high\": 0.0003, \"log\": true}}"}
{"op_code":5,"worker_id":"8e121434-d455-47e7-a812-6463efa1c5b8-129601631901184","trial_id":13,"param_name":"batch_size","param_value_internal":0,"distribution":"{\"name\": \"CategoricalDistribution\", \"attributes\": {\"choices\": [16, 32, 64]}}"}
{"op_code":5,"worker_id":"8e121434-d455-47e7-a812-6463efa1c5b8-129601631901184","trial_id":13,"param_name":"weight_decay","param_value_internal":0.004705348237611387,"distribution":"{\"name\": \"FloatDistribution\", \"attributes\": {\"step\": null, \"low\": 1e-06, \"high\": 0.01, \"log\": true}}"}
{"op_code":5,"worker_id":"8e121434-d455-47e7-a812-6463efa1c5b8-129601631901184","trial_id":13,"param_name":"dropout","param_value_internal":0.14261816965409538,"distribution":"{\"name\": \"FloatDistribution\", \"attributes\": {\"step\": null, \"low\": 0.0, \"high\": 0.3, \"log\": false}}"}
{"op_code":5,"worker_id":"8e121434-d455-47e7-a812-6463efa1c5b8-129601631901184","trial_id":13,"param_name":"patience","param_value_internal":4.0,"distribution":"{\"name\": \"IntDistribution\", \"attributes\": {\"log\": false, \"step\": 1, \"low\": 2, \"high\": 5}}"}
{"op_code":7,"worker_id":"03390d1d-9dbe-44ea-b50c-8910413720e7-127115480471040","trial_id":6,"step":1,"intermediate_value":0.3840122809270646}
{"op_code":7,"worker_id":"7d95b9da-d28a-4a61-9539-a7cadc394c27-137194481391104","trial_id":1,"step":2,"intermediate_value":1.4809694231836954}
{"op_code":6,"worker_id":"7d95b9da-d28a-4a61-9539-a7cadc394c27-137194481391104","trial_id":1,"state":1,"values":[1.4809694231836954],"datetime_complete":"2026-08-19T23:14:42.346141"}
{"op_code":4,"worker_id":"7d95b9da-d28a-4a61-9539-a7cadc394c27-137194481391104","study_id":0,"datetime_start":"2026-08-19T23:14:42.350980"}
{"op_code":5,"worker_id":"7d95b9da-d28a-4a61-9539-a7cadc394c27-137194481391104","trial_id":14,"param_name":"lr","param_value_internal":0.0001214712045170765,"distribution":"{\"name\": \"FloatDistribution\", \"attributes\": {\"step\": null, \"low\": 5e-06, \"high\": 0.0003, \"log\": true}}"}
{"op_code":5,"worker_id":"7d95b9da-d28a-4a61-9539-a7cadc394c27-137194481391104","trial_id":14,"param_name":"batch_size","param_value_internal":1,"distribution":"{\"name\": \"CategoricalDistribution\", \"attributes\": {\"choices\": [16, 32, 64]}}"}
{"op_code":5,"worker_id":"7d95b9da-d28a-4a61-9539-a7cadc394c27-137194481391104","trial_id":14,"param_name":"weight_decay","param_value_internal":0.0028379081020357454,"distribution":"{\"name\": \"FloatDistribution\", \"attributes\": {\"step\": null, \"low\": 1e-06, \"high\": 0.01, \"log\": true}}"}
{"op_code":5,"worker_id":"7d95b9da-d28a-4a61-9539-a7cadc394c27-137194481391104","trial_id":14,"param_name":"dropout","param_value_internal":0.1285425405853769,"distribution":"{\"name\": \"FloatDistribution\", \"attributes\": {\"step\": null, \"low\": 0.0, \"high\": 0.3, \"log\": false}}"}
{"op_code":5,"worker_id":"7d95b9da-d28a-4a61-9539-a7cadc394c27-137194481391104","trial_id":14,"param_name":"patience","param_value_internal":2.0,"distribution":"{\"name\": \"IntDistribution\", \"attributes\": {\"log\": false, \"step\": 1, \"low\": 2, \"high\": 5}}"}
{"op_code":7,"worker_id":"fc071723-94a2-4a86-9e7d-bdfde0c69d2a-140268501722624","trial_id":10,"step":1,"intermediate_value":0.4184435484530407}
{"op_code":7,"worker_id":"9e97f2a5-d018-4804-af09-446e3f976f45-127331980781056","trial_id":2,"step":2,"intermediate_value":1.477923780738081}
{"op_code":6,"worker_id":"9e97f2a5-d018-4804-af09-446e3f976f45-127331980781056","trial_id":2,"state":1,"values":[1.477923780738081],"datetime_complete":"2026-08-19T23:15:09.059121"}
{"op_code":4,"worker_id":"9e97f2a5-d018-4804-af09-446e3f976f45-127331980781056","study_id":0,"datetime_start":"2026-08-19T23:15:09.064081"}
{"op_code":5,"worker_id":"9e97f2a5-d018-4804-af09-446e3f976f45-127331980781056","trial_id":15,"param_name":"lr","param_value_internal":5.44386500639709e-05,"distribution":"{\"name\": \"FloatDistribution\", \"attributes\": {\"step\": null, \"low\": 5e-06, \"high\": 0.0003, \"log\": true}}"}
{"op_code":5,"worker_id":"9e97f2a5-d018-4804-af09-446e3f976f45-127331980781056","trial_id":15,"param_name":"batch_size","param_value_internal":1,"distribution":"{\"name\": \"CategoricalDistribution\", \"attributes\": {\"choices\": [16, 32, 64]}}"}
{"op_code":5,"worker_id":"9e97f2a5-d018-4804-af09-446e3f976f45-127331980781056","trial_id":15,"param_name":"weight_decay","param_value_internal":8.088437119391073e-06,"distribution":"{\"name\": \"FloatDistribution\", \"attributes\": {\"step\": null, \"low\": 1e-06, \"high\": 0.01, \"log\": true}}"}
{"op_code":5,"worker_id":"9e97f2a5-d018-4804-af09-446e3f976f45-127331980781056","trial_id":15,"param_name":"dropout","param_value_internal":0.033002370240702836,"distribution":"{\"name\": \"FloatDistribution\", \"attributes\": {\"step\": null, \"low\": 0.0, \"high\": 0.3, \"log\": false}}"}
{"op_code":5,"worker_id":"9e97f2a5-d018-4804-af09-446e3f976f45-127331980781056","trial_id":15,"param_name":"patience","param_value_internal":5.0,"distribution":"{\"name\": \"IntDistribution\", \"attributes\": {\"log\": false, \"step\": 1, \"low\": 2, \"high\": 5}}"}
{"op_code":7,"worker_id":"74d551b3-67cc-4333-90e4-967d1ed6fe3a-131316947674624","trial_id":12,"step":2,"intermediate_value":0.4240758083841941}
{"op_code":6,"worker_id":"74d551b3-67cc-4333-90e4-967d1ed6fe3a-131316947674624","trial_id":12,"state":1,"values":[0.4240758083841941],"datetime_complete":"2026-08-19T23:15:09.959624"}
{"op_code":4,"worker_id":"74d551b3-67cc-4333-90e4-967d1ed6fe3a-131316947674624","study_id":0,"datetime_start":"2026-08-19T23:15:09.964702"}
{"op_code":5,"worker_id":"74d551b3-67cc-4333-90e4-967d1ed6fe3a-131316947674624","trial_id":16,"param_name":"lr","param_value_internal":2.27952925697551e-05,"distribution":"{\"name\": \"FloatDistribution\", \"attributes\": {\"step\": null, \"low\": 5e-06, \"high\": 0.0003, \"log\": true}}"}
{"op_code":5,"worker_id":"74d551b3-67cc-4333-90e4-967d1ed6fe3a-131316947674624","trial_id":16,"param_name":"batch_size","param_value_internal":2,"distribution":"{\"name\": \"CategoricalDistribution\", \"attributes\": {\"choices\": [16, 32, 64]}}"}
{"op_code":5,"worker_id":"74d551b3-67cc-4333-90e4-967d1ed6fe3a-131316947674624","trial_id":16,"param_name":"weight_decay","param_value_internal":0.0011697048405585509,"distribution":"{\"name\": \"FloatDistribution\", \"attributes\": {\"step\": null, \"low\": 1e-06, \"high\": 0.01, \"log\": true}}"}
{"op_code":5,"worker_id":"74d551b3-67cc-4333-90e4-967d1ed6fe3a-131316947674624","trial_id":16,"param_name":"dropout","param_value_internal":0.16336563915708682,"distribution":"{\"name\": \"FloatDistribution\", \"attributes\": {\"step\": null, \"low\": 0.0, \"high\": 0.3, \"log\": false}}"}
{"op_code":5,"worker_id":"74d551b3-67cc-4333-90e4-967d1ed6fe3a-131316947674624","trial_id":16,"param_name":"patience","param_value_internal":2.0,"distribution":"{\"name\": \"IntDistribution\", \"attributes\": {\"log\": false, \"step\": 1, \"low\": 2, \"high\": 5}}"}
{"op_code":7,"worker_id":"d5d9ede1-bcd4-481f-8816-9f3bfc2ae4f1-130087024510464","trial_id":9,"step":1,"intermediate_value":0.39964139324841297}
{"op_code":7,"worker_id":"40bc7db2-faeb-462c-8398-1aab030ed339-128154193819136","trial_id":7,"step":1,"intermediate_value":0.3812105923364293}
{"op_code":7,"worker_id":"d8159b67-1598-4530-8185-0b4e2f627deb-130265049986560","trial_id":4,"step":1,"intermediate_value":0.5095509770687985}
{"op_code":7,"worker_id":"679cf347-18f2-4a2e-a430-e12538a555a3-126265109607936","trial_id":8,"step":1,"intermediate_value":0.4137442062564572}
{"op_code":7,"worker_id":"9a8b9994-b7f8-45c0-883b-c8a222f6c0d6-137116887188992","trial_id":5,"step":1,"intermediate_value":0.37727965534408203}
{"op_code":7,"worker_id":"c2ed5631-5232-4419-9221-7c75593489a3-135269821588992","trial_id":11,"step":1,"intermediate_value":0.40411647109554194}
{"op_code":7,"worker_id":"7d95b9da-d28a-4a61-9539-a7cadc394c27-137194481391104","trial_id":14,"step":1,"intermediate_value":0.6338102727570328}
{"op_code":7,"worker_id":"7d95b9da-d28a-4a61-9539-a7cadc394c27-137194481391104","trial_id":14,"step":2,"intermediate_value":0.5658753475059756}
{"op_code":6,"worker_id":"7d95b9da-d28a-4a61-9539-a7cadc394c27-137194481391104","trial_id":14,"state":1,"values":[0.5658753475059756],"datetime_complete":"2026-08-19T23:17:23.841443"}
{"op_code":4,"worker_id":"7d95b9da-d28a-4a61-9539-a7cadc394c27-137194481391104","study_id":0,"datetime_start":"2026-08-19T23:17:23.846505"}
{"op_code":5,"worker_id":"7d95b9da-d28a-4a61-9539-a7cadc394c27-137194481391104","trial_id":17,"param_name":"lr","param_value_internal":6.869008181194905e-06,"distribution":"{\"name\": \"FloatDistribution\", \"attributes\": {\"step\": null, \"low\": 5e-06, \"high\": 0.0003, \"log\": true}}"}
{"op_code":5,"worker_id":"7d95b9da-d28a-4a61-9539-a7cadc394c27-137194481391104","trial_id":17,"param_name":"batch_size","param_value_internal":2,"distribution":"{\"name\": \"CategoricalDistribution\", \"attributes\": {\"choices\": [16, 32, 64]}}"}
{"op_code":5,"worker_id":"7d95b9da-d28a-4a61-9539-a7cadc394c27-137194481391104","trial_id":17,"param_name":"weight_decay","param_value_internal":2.606763811428314e-06,"distribution":"{\"name\": \"FloatDistribution\", \"attributes\": {\"step\": null, \"low\": 1e-06, \"high\": 0.01, \"log\": true}}"}
{"op_code":5,"worker_id":"7d95b9da-d28a-4a61-9539-a7cadc394c27-137194481391104","trial_id":17,"param_name":"dropout","param_value_internal":0.1926906405100385,"distribution":"{\"name\": \"FloatDistribution\", \"attributes\": {\"step\": null, \"low\": 0.0, \"high\": 0.3, \"log\": false}}"}
{"op_code":5,"worker_id":"7d95b9da-d28a-4a61-9539-a7cadc394c27-137194481391104","trial_id":17,"param_name":"patience","param_value_internal":5.0,"distribution":"{\"name\": \"IntDistribution\", \"attributes\": {\"log\": false, \"step\": 1, \"low\": 2, \"high\": 5}}"}
{"op_code":7,"worker_id":"03390d1d-9dbe-44ea-b50c-8910413720e7-127115480471040","trial_id":6,"step":2,"intermediate_value":0.3870044212238396}
{"op_code":6,"worker_id":"03390d1d-9dbe-44ea-b50c-8910413720e7-127115480471040","trial_id":6,"state":1,"values":[0.3870044212238396],"datetime_complete":"2026-08-19T23:17:40.342828"}
{"op_code":4,"worker_id":"03390d1d-9dbe-44ea-b50c-8910413720e7-127115480471040","study_id":0,"datetime_start":"2026-08-19T23:17:40.347918"}
{"op_code":5,"worker_id":"03390d1d-9dbe-44ea-b50c-8910413720e7-127115480471040","trial_id":18,"param_name":"lr","param_value_internal":1.7222153600638992e-05,"distribution":"{\"name\": \"FloatDistribution\", \"attributes\": {\"step\": null, \"low\": 5e-06, \"high\": 0.0003, \"log\": true}}"}
{"op_code":5,"worker_id":"03390d1d-9dbe-44ea-b50c-8910413720e7-127115480471040","trial_id":18,"param_name":"batch_size","param_value_internal":1,"distribution":"{\"name\": \"CategoricalDistribution\", \"attributes\": {\"choices\": [16, 32, 64]}}"}
{"op_code":5,"worker_id":"03390d1d-9dbe-44ea-b50c-8910413720e7-127115480471040","trial_id":18,"param_name":"weight_decay","param_value_internal":0.00012142342086662419,"distribution":"{\"name\": \"FloatDistribution\", \"attributes\": {\"step\": null, \"low\": 1e-06, \"high\": 0.01, \"log\": true}}"}
{"op_code":5,"worker_id":"03390d1d-9dbe-44ea-b50c-8910413720e7-127115480471040","trial_id":18,"param_name":"dropout","param_value_internal":0.1245121170309531,"distribution":"{\"name\": \"FloatDistribution\", \"attributes\": {\"step\": null, \"low\": 0.0, \"high\": 0.3, \"log\": false}}"}
{"op_code":5,"worker_id":"03390d1d-9dbe-44ea-b50c-8910413720e7-127115480471040","trial_id":18,"param_name":"patience","param_value_internal":4.0,"distribution":"{\"name\": \"IntDistribution\", \"attributes\": {\"log\": false, \"step\": 1, \"low\": 2, \"high\": 5}}"}
{"op_code":7,"worker_id":"fc071723-94a2-4a86-9e7d-bdfde0c69d2a-140268501722624","trial_id":10,"step":2,"intermediate_value":0.4188057128867507}
{"op_code":6,"worker_id":"fc071723-94a2-4a86-9e7d-bdfde0c69d2a-140268501722624","trial_id":10,"state":1,"values":[0.4188057128867507],"datetime_complete":"2026-08-19T23:18:43.177585"}
{"op_code":4,"worker_id":"fc071723-94a2-4a86-9e7d-bdfde0c69d2a-140268501722624","study_id":0,"datetime_start":"2026-08-19T23:18:43.182586"}
{"op_code":5,"worker_id":"fc071723-94a2-4a86-9e7d-bdfde0c69d2a-140268501722624","trial_id":19,"param_name":"lr","param_value_internal":6.142267872319188e-06,"distribution":"{\"name\": \"FloatDistribution\", \"attributes\": {\"step\": null, \"low\": 5e-06, \"high\": 0.0003, \"log\": true}}"}
{"op_code":5,"worker_id":"fc071723-94a2-4a86-9e7d-bdfde0c69d2a-140268501722624","trial_id":19,"param_name":"batch_size","param_value_internal":0,"distribution":"{\"name\": \"CategoricalDistribution\", \"attributes\": {\"choices\": [16, 32, 64]}}"}
{"op_code":5,"worker_id":"fc071723-94a2-4a86-9e7d-bdfde0c69d2a-140268501722624","trial_id":19,"param_name":"weight_decay","param_value_internal":4.164970020473239e-05,"distribution":"{\"name\": \"FloatDistribution\", \"attributes\": {\"step\": null, \"low\": 1e-06, \"high\": 0.01, \"log\": true}}"}
{"op_code":5,"worker_id":"fc071723-94a2-4a86-9e7d-bdfde0c69d2a-140268501722624","trial_id":19,"param_name":"dropout","param_value_internal":0.05965305027470934,"distribution":"{\"name\": \"FloatDistribution\", \"attributes\": {\"step\": null, \"low\": 0.0, \"high\": 0.3, \"log\": false}}"}
{"op_code":5,"worker_id":"fc071723-94a2-4a86-9e7d-bdfde0c69d2a-140268501722624","trial_id":19,"param_name":"patience","param_value_internal":5.0,"distribution":"{\"name\": \"IntDistribution\", \"attributes\": {\"log\": false, \"step\": 1, \"low\": 2, \"high\": 5}}"}
{"op_code":7,"worker_id":"74d551b3-67cc-4333-90e4-967d1ed6fe3a-131316947674624","trial_id":16,"step":1,"intermediate_value":0.44656909940958617}
{"op_code":7,"worker_id":"86638fb0-284c-4fe6-bb33-ee29d2adb3be-137621019616768","trial_id":0,"step":2,"intermediate_value":0.4057070196955801}
{"op_code":6,"worker_id":"86638fb0-284c-4fe6-bb33-ee29d2adb3be-137621019616768","trial_id":0,"state":1,"values":[0.4057070196955801],"datetime_complete":"2026-08-19T23:19:06.522633"}
{"op_code":4,"worker_id":"86638fb0-284c-4fe6-bb33-ee29d2adb3be-137621019616768","study_id":0,"datetime_start":"2026-08-19T23:19:06.527337"}
{"op_code":5,"worker_id":"86638fb0-284c-4fe6-bb33-ee29d2adb3be-137621019616768","trial_id":20,"param_name":"lr","param_value_internal":6.751954218426723e-06,"distribution":"{\"name\": \"FloatDistribution\", \"attributes\": {\"step\": null, \"low\": 5e-06, \"high\": 0.0003, \"log\": true}}"}
{"op_code":5,"worker_id":"86638fb0-284c-4fe6-bb33-ee29d2adb3be-137621019616768","trial_id":20,"param_name":"batch_size","param_value_internal":1,"distribution":"{\"name\": \"CategoricalDistribution\", \"attributes\": {\"choices\": [16, 32, 64]}}"}
{"op_code":5,"worker_id":"86638fb0-284c-4fe6-bb33-ee29d2adb3be-137621019616768","trial_id":20,"param_name":"weight_decay","param_value_internal":0.00017872640139504856,"distribution":"{\"name\": \"FloatDistribution\", \"attributes\": {\"step\": null, \"low\": 1e-06, \"high\": 0.01, \"log\": true}}"}
{"op_code":5,"worker_id":"86638fb0-284c-4fe6-bb33-ee29d2adb3be-137621019616768","trial_id":20,"param_name":"dropout","param_value_internal":0.10832605239904564,"distribution":"{\"name\": \"FloatDistribution\", \"attributes\": {\"step\": null, \"low\": 0.0, \"high\": 0.3, \"log\": false}}"}
{"op_code":5,"worker_id":"86638fb0-284c-4fe6-bb33-ee29d2adb3be-137621019616768","trial_id":20,"param_name":"patience","param_value_internal":4.0,"distribution":"{\"name\": \"IntDistribution\", \"attributes\": {\"log\": false, \"step\": 1, \"low\": 2, \"high\": 5}}"}
{"op_code":7,"worker_id":"9a8b9994-b7f8-45c0-883b-c8a222f6c0d6-137116887188992","trial_id":5,"step":2,"intermediate_value":0.38912391098446086}
{"op_code":6,"worker_id":"9a8b9994-b7f8-45c0-883b-c8a222f6c0d6-137116887188992","trial_id":5,"state":1,"values":[0.38912391098446086],"datetime_complete":"2026-08-19T23:19:56.791919"}
{"op_code":4,"worker_id":"9a8b9994-b7f8-45c0-883b-c8a222f6c0d6-137116887188992","study_id":0,"datetime_start":"2026-08-19T23:19:56.796344"}
{"op_code":5,"worker_id":"9a8b9994-b7f8-45c0-883b-c8a222f6c0d6-137116887188992","trial_id":21,"param_name":"lr","param_value_internal":1.8623106369759356e-05,"distribution":"{\"name\": \"FloatDistribution\", \"attributes\": {\"step\": null, \"low\": 5e-06, \"high\": 0.0003, \"log\": true}}"}
{"op_code":5,"worker_id":"9a8b9994-b7f8-45c0-883b-c8a222f6c0d6-137116887188992","trial_id":21,"param_name":"batch_size","param_value_internal":0,"distribution":"{\"name\": \"CategoricalDistribution\", \"attributes\": {\"choices\": [16, 32, 64]}}"}
{"op_code":5,"worker_id":"9a8b9994-b7f8-45c0-883b-c8a222f6c0d6-137116887188992","trial_id":21,"param_name":"weight_decay","param_value_internal":0.0006940829802495614,"distribution":"{\"name\": \"FloatDistribution\", \"attributes\": {\"step\": null, \"low\": 1e-06, \"high\": 0.01, \"log\": true}}"}
{"op_code":5,"worker_id":"9a8b9994-b7f8-45c0-883b-c8a222f6c0d6-137116887188992","trial_id":21,"param_name":"dropout","param_value_internal":0.15675330134173507,"distribution":"{\"name\": \"FloatDistribution\", \"attributes\": {\"step\": null, \"low\": 0.0, \"high\": 0.3, \"log\": false}}"}
{"op_code":5,"worker_id":"9a8b9994-b7f8-45c0-883b-c8a222f6c0d6-137116887188992","trial_id":21,"param_name":"patience","param_value_internal":5.0,"distribution":"{\"name\": \"IntDistribution\", \"attributes\": {\"log\": false, \"step\": 1, \"low\": 2, \"high\": 5}}"}
{"op_code":7,"worker_id":"8e121434-d455-47e7-a812-6463efa1c5b8-129601631901184","trial_id":13,"step":1,"intermediate_value":0.4842606019359671}
{"op_code":6,"worker_id":"8e121434-d455-47e7-a812-6463efa1c5b8-129601631901184","trial_id":13,"state":2,"values":[0.4842606019359671],"datetime_complete":"2026-08-19T23:20:22.014714"}
{"op_code":4,"worker_id":"8e121434-d455-47e7-a812-6463efa1c5b8-129601631901184","study_id":0,"datetime_start":"2026-08-19T23:20:22.019195"}
{"op_code":5,"worker_id":"8e121434-d455-47e7-a812-6463efa1c5b8-129601631901184","trial_id":22,"param_name":"lr","param_value_internal":7.276004919291677e-06,"distribution":"{\"name\": \"FloatDistribution\", \"attributes\": {\"step\": null, \"low\": 5e-06, \"high\": 0.0003, \"log\": true}}"}
{"op_code":5,"worker_id":"8e121434-d455-47e7-a812-6463efa1c5b8-129601631901184","trial_id":22,"param_name":"batch_size","param_value_internal":1,"distribution":"{\"name\": \"CategoricalDistribution\", \"attributes\": {\"choices\": [16, 32, 64]}}"}
{"op_code":5,"worker_id":"8e121434-d455-47e7-a812-6463efa1c5b8-129601631901184","trial_id":22,"param_name":"weight_decay","param_value_internal":2.790090100113219e-05,"distribution":"{\"name\": \"FloatDistribution\", \"attributes\": {\"step\": null, \"low\": 1e-06, \"high\": 0.01, \"log\": true}}"}
{"op_code":5,"worker_id":"8e121434-d455-47e7-a812-6463efa1c5b8-129601631901184","trial_id":22,"param_name":"dropout","param_value_internal":0.17004852923856437,"distribution":"{\"name\": \"FloatDistribution\", \"attributes\": {\"step\": null, \"low\": 0.0, \"high\": 0.3, \"log\": false}}"}
{"op_code":5,"worker_id":"8e121434-d455-47e7-a812-6463efa1c5b8-129601631901184","trial_id":22,"param_name":"patience","param_value_internal":5.0,"distribution":"{\"name\": \"IntDistribution\", \"attributes\": {\"log\": false, \"step\": 1, \"low\": 2, \"high\": 5}}"}
{"op_code":7,"worker_id":"d8159b67-1598-4530-8185-0b4e2f627deb-130265049986560","trial_id":4,"step":2,"intermediate_value":0.5031031605851661}
{"op_code":6,"worker_id":"d8159b67-1598-4530-8185-0b4e2f627deb-130265049986560","trial_id":4,"state":2,"values":[0.5031031605851661],"datetime_complete":"2026-08-19T23:20:22.263405"}
{"op_code":4,"worker_id":"d8159b67-1598-4530-8185-0b4e2f627deb-130265049986560","study_id":0,"datetime_start":"2026-08-19T23:20:22.268118"}
{"op_code":5,"worker_id":"d8159b67-1598-4530-8185-0b4e2f627deb-130265049986560","trial_id":23,"param_name":"lr","param_value_internal":1.875876290746115e-05,"distribution":"{\"name\": \"FloatDistribution\", \"attributes\": {\"step\": null, \"low\": 5e-06, \"high\": 0.0003, \"log\": true}}"}
{"op_code":5,"worker_id":"d8159b67-1598-4530-8185-0b4e2f627deb-130265049986560","trial_id":23,"param_name":"batch_size","param_value_internal":2,"distribution":"{\"name\": \"CategoricalDistribution\", \"attributes\": {\"choices\": [16, 32, 64]}}"}
{"op_code":5,"worker_id":"d8159b67-1598-4530-8185-0b4e2f627deb-130265049986560","trial_id":23,"param_name":"weight_decay","param_value_internal":6.291653899848272e-05,"distribution":"{\"name\": \"FloatDistribution\", \"attributes\": {\"step\": null, \"low\": 1e-06, \"high\": 0.01, \"log\": true}}"}
{"op_code":5,"worker_id":"d8159b67-1598-4530-8185-0b4e2f627deb-130265049986560","trial_id":23,"param_name":"dropout","param_value_internal":0.1709425463781065,"distribution":"{\"name\": \"FloatDistribution\", \"attributes\": {\"step\": null, \"low\": 0.0, \"high\": 0.3, \"log\": false}}"}
{"op_code":5,"worker_id":"d8159b67-1598-4530-8185-0b4e2f627deb-130265049986560","trial_id":23,"param_name":"patience","param_value_internal":3.0,"distribution":"{\"name\": \"IntDistribution\", \"attributes\": {\"log\": false, \"step\": 1, \"low\": 2, \"high\": 5}}"}
{"op_code":7,"worker_id":"d5d9ede1-bcd4-481f-8816-9f3bfc2ae4f1-130087024510464","trial_id":9,"step":2,"intermediate_value":0.4056260420647362}
{"op_code":6,"worker_id":"d5d9ede1-bcd4-481f-8816-9f3bfc2ae4f1-130087024510464","trial_id":9,"state":1,"values":[0.4056260420647362],"datetime_complete":"2026-08-19T23:20:41.261001"}
{"op_code":4,"worker_id":"d5d9ede1-bcd4-481f-8816-9f3bfc2ae4f1-130087024510464","study_id":0,"datetime_start":"2026-08-19T23:20:41.265579"}
{"op_code":5,"worker_id":"d5d9ede1-bcd4-481f-8816-9f3bfc2ae4f1-130087024510464","trial_id":24,"param_name":"lr","param_value_internal":1.8066532472271688e-05,"distribution":"{\"name\": \"FloatDistribution\", \"attributes\": {\"step\": null, \"low\": 5e-06, \"high\": 0.0003, \"log\": true}}"}
{"op_code":5,"worker_id":"d5d9ede1-bcd4-481f-8816-9f3bfc2ae4f1-130087024510464","trial_id":24,"param_name":"batch_size","param_value_internal":2,"distribution":"{\"name\": \"CategoricalDistribution\", \"attributes\": {\"choices\": [16, 32, 64]}}"}
{"op_code":5,"worker_id":"d5d9ede1-bcd4-481f-8816-9f3bfc2ae4f1-130087024510464","trial_id":24,"param_name":"weight_decay","param_value_internal":5.007830235102134e-05,"distribution":"{\"name\": \"FloatDistribution\", \"attributes\": {\"step\": null, \"low\": 1e-06, \"high\": 0.01, \"log\": true}}"}
{"op_code":5,"worker_id":"d5d9ede1-bcd4-481f-8816-9f3bfc2ae4f1-130087024510464","trial_id":24,"param_name":"dropout","param_value_internal":0.18020807204543954,"distribution":"{\"name\": \"FloatDistribution\", \"attributes\": {\"step\": null, \"low\": 0.0, \"high\": 0.3, \"log\": false}}"}
{"op_code":5,"worker_id":"d5d9ede1-bcd4-481f-8816-9f3bfc2ae4f1-130087024510464","trial_id":24,"param_name":"patience","param_value_internal":3.0,"distribution":"{\"name\": \"IntDistribution\", \"attributes\": {\"log\": false, \"step\": 1, \"low\": 2, \"high\": 5}}"}
{"op_code":7,"worker_id":"c2ed5631-5232-4419-9221-7c75593489a3-135269821588992","trial_id":11,"step":2,"intermediate_value":0.4067947093516487}
{"op_code":6,"worker_id":"c2ed5631-5232-4419-9221-7c75593489a3-135269821588992","trial_id":11,"state":1,"values":[0.4067947093516487],"datetime_complete":"2026-08-19T23:20:45.592288"}
{"op_code":4,"worker_id":"c2ed5631-5232-4419-9221-7c75593489a3-135269821588992","study_id":0,"datetime_start":"2026-08-19T23:20:45.596963"}
{"op_code":5,"worker_id":"c2ed5631-5232-4419-9221-7c75593489a3-135269821588992","trial_id":25,"param_name":"lr","param_value_internal":1.1736230115170309e-05,"distribution":"{\"name\": \"FloatDistribution\", \"attributes\": {\"step\": null, \"low\": 5e-06, \"high\": 0.0003, \"log\": true}}"}
{"op_code":5,"worker_id":"c2ed5631-5232-4419-9221-7c75593489a3-135269821588992","trial_id":25,"param_name":"batch_size","param_value_internal":1,"distribution":"{\"name\": \"CategoricalDistribution\", \"attributes\": {\"choices\": [16, 32, 64]}}"}
{"op_code":5,"worker_id":"c2ed5631-5232-4419-9221-7c75593489a3-135269821588992","trial_id":25,"param_name":"weight_decay","param_value_internal":0.00010019000955636869,"distribution":"{\"name\": \"FloatDistribution\", \"attributes\": {\"step\": null, \"low\": 1e-06, \"high\": 0.01, \"log\": true}}"}
{"op_code":5,"worker_id":"c2ed5631-5232-4419-9221-7c75593489a3-135269821588992","trial_id":25,"param_name":"dropout","param_value_internal":0.15328008019397973,"distribution":"{\"name\": \"FloatDistribution\", \"attributes\": {\"step\": null, \"low\": 0.0, \"high\": 0.3, \"log\": false}}"}
{"op_code":5,"worker_id":"c2ed5631-5232-4419-9221-7c75593489a3-135269821588992","trial_id":25,"param_name":"patience","param_value_internal":3.0,"distribution":"{\"name\": \"IntDistribution\", \"attributes\": {\"log\": false, \"step\": 1, \"low\": 2, \"high\": 5}}"}
{"op_code":7,"worker_id":"9e97f2a5-d018-4804-af09-446e3f976f45-127331980781056","trial_id":15,"step":1,"intermediate_value":0.3760469338632773}
{"op_code":7,"worker_id":"40bc7db2-faeb-462c-8398-1aab030ed339-128154193819136","trial_id":7,"step":2,"intermediate_value":0.38134908181306815}
{"op_code":6,"worker_id":"40bc7db2-faeb-462c-8398-1aab030ed339-128154193819136","trial_id":7,"state":1,"values":[0.38134908181306815],"datetime_complete":"2026-08-19T23:20:59.620110"}
{"op_code":4,"worker_id":"40bc7db2-faeb-462c-8398-1aab030ed339-128154193819136","study_id":0,"datetime_start":"2026-08-19T23:20:59.624834"}
{"op_code":5,"worker_id":"40bc7db2-faeb-462c-8398-1aab030ed339-128154193819136","trial_id":26,"param_name":"lr","param_value_internal":1.3561426771885361e-05,"distribution":"{\"name\": \"FloatDistribution\", \"attributes\": {\"step\": null, \"low\": 5e-06, \"high\": 0.0003, \"log\": true}}"}
{"op_code":5,"worker_id":"40bc7db2-faeb-462c-8398-1aab030ed339-128154193819136","trial_id":26,"param_name":"batch_size","param_value_internal":1,"distribution":"{\"name\": \"CategoricalDistribution\", \"attributes\": {\"choices\": [16, 32, 64]}}"}
{"op_code":5,"worker_id":"40bc7db2-faeb-462c-8398-1aab030ed339-128154193819136","trial_id":26,"param_name":"weight_decay","param_value_internal":2.2867480389040897e-05,"distribution":"{\"name\": \"FloatDistribution\", \"attributes\": {\"step\": null, \"low\": 1e-06, \"high\": 0.01, \"log\": true}}"}
{"op_code":5,"worker_id":"40bc7db2-faeb-462c-8398-1aab030ed339-128154193819136","trial_id":26,"param_name":"dropout","param_value_internal":0.0007246520665870892,"distribution":"{\"name\": \"FloatDistribution\", \"attributes\": {\"step\": null, \"low\": 0.0, \"high\": 0.3, \"log\": false}}"}
{"op_code":5,"worker_id":"40bc7db2-faeb-462c-8398-1aab030ed339-128154193819136","trial_id":26,"param_name":"patience","param_value_internal":5.0,"distribution":"{\"name\": \"IntDistribution\", \"attributes\": {\"log\": false, \"step\": 1, \"low\": 2, \"high\": 5}}"}
{"op_code":7,"worker_id":"679cf347-18f2-4a2e-a430-e12538a555a3-126265109607936","trial_id":8,"step":2,"intermediate_value":0.39922075742430096}
{"op_code":6,"worker_id":"679cf347-18f2-4a2e-a430-e12538a555a3-126265109607936","trial_id":8,"state":1,"values":[0.39922075742430096],"datetime_complete":"2026-08-19T23:21:13.711569"}
{"op_code":4,"worker_id":"679cf347-18f2-4a2e-a430-e12538a555a3-126265109607936","study_id":0,"datetime_start":"2026-08-19T23:21:13.716150"}
{"op_code":5,"worker_id":"679cf347-18f2-4a2e-a430-e12538a555a3-126265109607936","trial_id":27,"param_name":"lr","param_value_internal":1.398871473470351e-05,"distribution":"{\"name\": \"FloatDistribution\", \"attributes\": {\"step\": null, \"low\": 5e-06, \"high\": 0.0003, \"log\": true}}"}
{"op_code":5,"worker_id":"679cf347-18f2-4a2e-a430-e12538a555a3-126265109607936","trial_id":27,"param_name":"batch_size","param_value_internal":1,"distribution":"{\"name\": \"CategoricalDistribution\", \"attributes\": {\"choices\": [16, 32, 64]}}"}
{"op_code":5,"worker_id":"679cf347-18f2-4a2e-a430-e12538a555a3-126265109607936","trial_id":27,"param_name":"weight_decay","param_value_internal":3.88228858631295e-05,"distribution":"{\"name\": \"FloatDistribution\", \"attributes\": {\"step\": null, \"low\": 1e-06, \"high\": 0.01, \"log\": true}}"}
{"op_code":5,"worker_id":"679cf347-18f2-4a2e-a430-e12538a555a3-126265109607936","trial_id":27,"param_name":"dropout","param_value_internal":0.2984398449141687,"distribution":"{\"name\": \"FloatDistribution\", \"attributes\": {\"step\": null, \"low\": 0.0, \"high\": 0.3, \"log\": false}}"}
{"op_code":5,"worker_id":"679cf347-18f2-4a2e-a430-e12538a555a3-126265109607936","trial_id":27,"param_name":"patience","param_value_internal":5.0,"distribution":"{\"name\": \"IntDistribution\", \"attributes\": {\"log\": false, \"step\": 1, \"low\": 2, \"high\": 5}}"}
{"op_code":7,"worker_id":"74d551b3-67cc-4333-90e4-967d1ed6fe3a-131316947674624","trial_id":16,"step":2,"intermediate_value":0.44288645049343855}
{"op_code":6,"worker_id":"74d551b3-67cc-4333-90e4-967d1ed6fe3a-131316947674624","trial_id":16,"state":2,"values":[0.44288645049343855],"datetime_complete":"2026-08-19T23:22:24.080991"}
{"op_code":4,"worker_id":"74d551b3-67cc-4333-90e4-967d1ed6fe3a-131316947674624","study_id":0,"datetime_start":"2026-08-19T23:22:24.086056"}
{"op_code":5,"worker_id":"74d551b3-67cc-4333-90e4-967d1ed6fe3a-131316947674624","trial_id":28,"param_name":"lr","param_value_internal":1.4304973275567008e-05,"distribution":"{\"name\": \"FloatDistribution\", \"attributes\": {\"step\": null, \"low\": 5e-06, \"high\": 0.0003, \"log\": true}}"}
{"op_code":5,"worker_id":"74d551b3-67cc-4333-90e4-967d1ed6fe3a-131316947674624","trial_id":28,"param_name":"batch_size","param_value_internal":1,"distribution":"{\"name\": \"CategoricalDistribution\", \"attributes\": {\"choices\": [16, 32, 64]}}"}
{"op_code":5,"worker_id":"74d551b3-67cc-4333-90e4-967d1ed6fe3a-131316947674624","trial_id":28,"param_name":"weight_decay","param_value_internal":5.8797345444791004e-05,"distribution":"{\"name\": \"FloatDistribution\", \"attributes\": {\"step\": null, \"low\": 1e-06, \"high\": 0.01, \"log\": true}}"}
{"op_code":5,"worker_id":"74d551b3-67cc-4333-90e4-967d1ed6fe3a-131316947674624","trial_id":28,"param_name":"dropout","param_value_internal":0.2954180801840342,"distribution":"{\"name\": \"FloatDistribution\", \"attributes\": {\"step\": null, \"low\": 0.0, \"high\": 0.3, \"log\": false}}"}
{"op_code":5,"worker_id":"74d551b3-67cc-4333-90e4-967d1ed6fe3a-131316947674624","trial_id":28,"param_name":"patience","param_value_internal":5.0,"distribution":"{\"name\": \"IntDistribution\", \"attributes\": {\"log\": false, \"step\": 1, \"low\": 2, \"high\": 5}}"}
{"op_code":7,"worker_id":"7d95b9da-d28a-4a61-9539-a7cadc394c27-137194481391104","trial_id":17,"step":1,"intermediate_value":0.5331358749983224}
{"op_code":6,"worker_id":"7d95b9da-d28a-4a61-9539-a7cadc394c27-137194481391104","trial_id":17,"state":2,"values":[0.5331358749983224],"datetime_complete":"2026-08-19T23:22:50.376299"}
{"op_code":4,"worker_id":"7d95b9da-d28a-4a61-9539-a7cadc394c27-137194481391104","study_id":0,"datetime_start":"2026-08-19T23:22:50.381147"}
{"op_code":5,"worker_id":"7d95b9da-d28a-4a61-9539-a7cadc394c27-137194481391104","trial_id":29,"param_name":"lr","param_value_internal":1.2403711078286396e-05,"distribution":"{\"name\": \"FloatDistribution\", \"attributes\": {\"step\": null, \"low\": 5e-06, \"high\": 0.0003, \"log\": true}}"}
{"op_code":5,"worker_id":"7d95b9da-d28a-4a61-9539-a7cadc394c27-137194481391104","trial_id":29,"param_name":"batch_size","param_value_internal":1,"distribution":"{\"name\": \"CategoricalDistribution\", \"attributes\": {\"choices\": [16, 32, 64]}}"}
{"op_code":5,"worker_id":"7d95b9da-d28a-4a61-9539-a7cadc394c27-137194481391104","trial_id":29,"param_name":"weight_decay","param_value_internal":3.007559872363414e-05,"distribution":"{\"name\": \"FloatDistribution\", \"attributes\": {\"step\": null, \"low\": 1e-06, \"high\": 0.01, \"log\": true}}"}
{"op_code":5,"worker_id":"7d95b9da-d28a-4a61-9539-a7cadc394c27-137194481391104","trial_id":29,"param_name":"dropout","param_value_internal":0.010457584230090355,"distribution":"{\"name\": \"FloatDistribution\", \"attributes\": {\"step\": null, \"low\": 0.0, \"high\": 0.3, \"log\": false}}"}
{"op_code":5,"worker_id":"7d95b9da-d28a-4a61-9539-a7cadc394c27-137194481391104","trial_id":29,"param_name":"patience","param_value_internal":5.0,"distribution":"{\"name\": \"IntDistribution\", \"attributes\": {\"log\": false, \"step\": 1, \"low\": 2, \"high\": 5}}"}
{"op_code":7,"worker_id":"03390d1d-9dbe-44ea-b50c-8910413720e7-127115480471040","trial_id":18,"step":1,"intermediate_value":0.4143518203053683}
{"op_code":6,"worker_id":"03390d1d-9dbe-44ea-b50c-8910413720e7-127115480471040","trial_id":18,"state":2,"values":[0.4143518203053683],"datetime_complete":"2026-08-19T23:23:23.573380"}
{"op_code":4,"worker_id":"03390d1d-9dbe-44ea-b50c-8910413720e7-127115480471040","study_id":0,"datetime_start":"2026-08-19T23:23:23.578330"}
{"op_code":5,"worker_id":"03390d1d-9dbe-44ea-b50c-8910413720e7-127115480471040","trial_id":30,"param_name":"lr","param_value_internal":1.1078695075965971e-05,"distribution":"{\"name\": \"FloatDistribution\", \"attributes\": {\"step\": null, \"low\": 5e-06, \"high\": 0.0003, \"log\": true}}"}
{"op_code":5,"worker_id":"03390d1d-9dbe-44ea-b50c-8910413720e7-127115480471040","trial_id":30,"param_name":"batch_size","param_value_internal":1,"distribution":"{\"name\": \"CategoricalDistribution\", \"attributes\": {\"choices\": [16, 32, 64]}}"}
{"op_code":5,"worker_id":"03390d1d-9dbe-44ea-b50c-8910413720e7-127115480471040","trial_id":30,"param_name":"weight_decay","param_value_internal":2.141577999063037e-05,"distribution":"{\"name\": \"FloatDistribution\", \"attributes\": {\"step\": null, \"low\": 1e-06, \"high\": 0.01, \"log\": true}}"}
{"op_code":5,"worker_id":"03390d1d-9dbe-44ea-b50c-8910413720e7-127115480471040","trial_id":30,"param_name":"dropout","param_value_internal":0.29431714560600153,"distribution":"{\"name\": \"FloatDistribution\", \"attributes\": {\"step\": null, \"low\": 0.0, \"high\": 0.3, \"log\": false}}"}
{"op_code":5,"worker_id":"03390d1d-9dbe-44ea-b50c-8910413720e7-127115480471040","trial_id":30,"param_name":"patience","param_value_internal":5.0,"distribution":"{\"name\": \"IntDistribution\", \"attributes\": {\"log\": false, \"step\": 1, \"low\": 2, \"high\": 5}}"}
{"op_code":7,"worker_id":"d8159b67-1598-4530-8185-0b4e2f627deb-130265049986560","trial_id":23,"step":1,"intermediate_value":0.45310005729357383}
{"op_code":6,"worker_id":"d8159b67-1598-4530-8185-0b4e2f627deb-130265049986560","trial_id":23,"state":2,"values":[0.45310005729357383],"datetime_complete":"2026-08-19T23:24:21.272548"}
{"op_code":4,"worker_id":"d8159b67-1598-4530-8185-0b4e2f627deb-130265049986560","study_id":0,"datetime_start":"2026-08-19T23:24:21.277334"}
{"op_code":5,"worker_id":"d8159b67-1598-4530-8185-0b4e2f627deb-130265049986560","trial_id":31,"param_name":"lr","param_value_internal":1.1709886324758115e-05,"distribution":"{\"name\": \"FloatDistribution\", \"attributes\": {\"step\": null, \"low\": 5e-06, \"high\": 0.0003, \"log\": true}}"}
{"op_code":5,"worker_id":"d8159b67-1598-4530-8185-0b4e2f627deb-130265049986560","trial_id":31,"param_name":"batch_size","param_value_internal":1,"distribution":"{\"name\": \"CategoricalDistribution\", \"attributes\": {\"choices\": [16, 32, 64]}}"}
{"op_code":5,"worker_id":"d8159b67-1598-4530-8185-0b4e2f627deb-130265049986560","trial_id":31,"param_name":"weight_decay","param_value_internal":2.2834618778324497e-05,"distribution":"{\"name\": \"FloatDistribution\", \"attributes\": {\"step\": null, \"low\": 1e-06, \"high\": 0.01, \"log\": true}}"}
{"op_code":5,"worker_id":"d8159b67-1598-4530-8185-0b4e2f627deb-130265049986560","trial_id":31,"param_name":"dropout","param_value_internal":0.2988719408732837,"distribution":"{\"name\": \"FloatDistribution\", \"attributes\": {\"step\": null, \"low\": 0.0, \"high\": 0.3, \"log\": false}}"}
{"op_code":5,"worker_id":"d8159b67-1598-4530-8185-0b4e2f627deb-130265049986560","trial_id":31,"param_name":"patience","param_value_internal":5.0,"distribution":"{\"name\": \"IntDistribution\", \"attributes\": {\"log\": false, \"step\": 1, \"low\": 2, \"high\": 5}}"}
{"op_code":7,"worker_id":"d5d9ede1-bcd4-481f-8816-9f3bfc2ae4f1-130087024510464","trial_id":24,"step":1,"intermediate_value":0.45769208584887533}
{"op_code":6,"worker_id":"d5d9ede1-bcd4-481f-8816-9f3bfc2ae4f1-130087024510464","trial_id":24,"state":2,"values":[0.45769208584887533],"datetime_complete":"2026-08-19T23:24:44.979677"}
{"op_code":4,"worker_id":"d5d9ede1-bcd4-481f-8816-9f3bfc2ae4f1-130087024510464","study_id":0,"datetime_start":"2026-08-19T23:24:44.984612"}
{"op_code":5,"worker_id":"d5d9ede1-bcd4-481f-8816-9f3bfc2ae4f1-130087024510464","trial_id":32,"param_name":"lr","param_value_internal":1.095755526344675e-05,"distribution":"{\"name\": \"FloatDistribution\", \"attributes\": {\"step\": null, \"low\": 5e-06, \"high\": 0.0003, \"log\": true}}"}
{"op_code":5,"worker_id":"d5d9ede1-bcd4-481f-8816-9f3bfc2ae4f1-130087024510464","trial_id":32,"param_name":"batch_size","param_value_internal":1,"distribution":"{\"name\": \"CategoricalDistribution\", \"attributes\": {\"choices\": [16, 32, 64]}}"}
{"op_code":5,"worker_id":"d5d9ede1-bcd4-481f-8816-9f3bfc2ae4f1-130087024510464","trial_id":32,"param_name":"weight_decay","param_value_internal":0.009703872522627208,"distribution":"{\"name\": \"FloatDistribution\", \"attributes\": {\"step\": null, \"low\": 1e-06, \"high\": 0.01, \"log\": true}}"}
{"op_code":5,"worker_id":"d5d9ede1-bcd4-481f-8816-9f3bfc2ae4f1-130087024510464","trial_id":32,"param_name":"dropout","param_value_internal":0.29248105245865974,"distribution":"{\"name\": \"FloatDistribution\", \"attributes\": {\"step\": null, \"low\": 0.0, \"high\": 0.3, \"log\": false}}"}
{"op_code":5,"worker_id":"d5d9ede1-bcd4-481f-8816-9f3bfc2ae4f1-130087024510464","trial_id":32,"param_name":"patience","param_value_internal":5.0,"distribution":"{\"name\": \"IntDistribution\", \"attributes\": {\"log\": false, \"step\": 1, \"low\": 2, \"high\": 5}}"}
{"op_code":7,"worker_id":"fc071723-94a2-4a86-9e7d-bdfde0c69d2a-140268501722624","trial_id":19,"step":1,"intermediate_value":0.47103428102468625}
{"op_code":6,"worker_id":"fc071723-94a2-4a86-9e7d-bdfde0c69d2a-140268501722624","trial_id":19,"state":2,"values":[0.47103428102468625],"datetime_complete":"2026-08-19T23:25:01.009627"}
{"op_code":4,"worker_id":"fc071723-94a2-4a86-9e7d-bdfde0c69d2a-140268501722624","study_id":0,"datetime_start":"2026-08-19T23:25:01.014414"}
{"op_code":5,"worker_id":"fc071723-94a2-4a86-9e7d-bdfde0c69d2a-140268501722624","trial_id":33,"param_name":"lr","param_value_internal":5.4658790394006454e-05,"distribution":"{\"name\": \"FloatDistribution\", \"attributes\": {\"step\": null, \"low\": 5e-06, \"high\": 0.0003, \"log\": true}}"}
{"op_code":5,"worker_id":"fc071723-94a2-4a86-9e7d-bdfde0c69d2a-140268501722624","trial_id":33,"param_name":"batch_size","param_value_internal":1,"distribution":"{\"name\": \"CategoricalDistribution\", \"attributes\": {\"choices\": [16, 32, 64]}}"}
{"op_code":5,"worker_id":"fc071723-94a2-4a86-9e7d-bdfde0c69d2a-140268501722624","trial_id":33,"param_name":"weight_decay","param_value_internal":1.0627387820437953e-06,"distribution":"{\"name\": \"FloatDistribution\", \"attributes\": {\"step\": null, \"low\": 1e-06, \"high\": 0.01, \"log\": true}}"}
{"op_code":5,"worker_id":"fc071723-94a2-4a86-9e7d-bdfde0c69d2a-140268501722624","trial_id":33,"param_name":"dropout","param_value_internal":0.29538617899965763,"distribution":"{\"name\": \"FloatDistribution\", \"attributes\": {\"step\": null, \"low\": 0.0, \"high\": 0.3, \"log\": false}}"}
{"op_code":5,"worker_id":"fc071723-94a2-4a86-9e7d-bdfde0c69d2a-140268501722624","trial_id":33,"param_name":"patience","param_value_internal":3.0,"distribution":"{\"name\": \"IntDistribution\", \"attributes\": {\"log\": false, \"step\": 1, \"low\": 2, \"high\": 5}}"}
{"op_code":7,"worker_id":"86638fb0-284c-4fe6-bb33-ee29d2adb3be-137621019616768","trial_id":20,"step":1,"intermediate_value":0.4767975725650898}
{"op_code":6,"worker_id":"86638fb0-284c-4fe6-bb33-ee29d2adb3be-137621019616768","trial_id":20,"state":2,"values":[0.4767975725650898],"datetime_complete":"2026-08-19T23:25:35.935763"}
{"op_code":4,"worker_id":"86638fb0-284c-4fe6-bb33-ee29d2adb3be-137621019616768","study_id":0,"datetime_start":"2026-08-19T23:25:35.940513"}
{"op_code":5,"worker_id":"86638fb0-284c-4fe6-bb33-ee29d2adb3be-137621019616768","trial_id":34,"param_name":"lr","param_value_internal":8.60342510293636e-05,"distribution":"{\"name\": \"FloatDistribution\", \"attributes\": {\"step\": null, \"low\": 5e-06, \"high\": 0.0003, \"log\": true}}"}
{"op_code":5,"worker_id":"86638fb0-284c-4fe6-bb33-ee29d2adb3be-137621019616768","trial_id":34,"param_name":"batch_size","param_value_internal":1,"distribution":"{\"name\": \"CategoricalDistribution\", \"attributes\": {\"choices\": [16, 32, 64]}}"}
{"op_code":5,"worker_id":"86638fb0-284c-4fe6-bb33-ee29d2adb3be-137621019616768","trial_id":34,"param_name":"weight_decay","param_value_internal":0.00974880722159907,"distribution":"{\"name\": \"FloatDistribution\", \"attributes\": {\"step\": null, \"low\": 1e-06, \"high\": 0.01, \"log\": true}}"}
{"op_code":5,"worker_id":"86638fb0-284c-4fe6-bb33-ee29d2adb3be-137621019616768","trial_id":34,"param_name":"dropout","param_value_internal":0.29189873040012754,"distribution":"{\"name\": \"FloatDistribution\", \"attributes\": {\"step\": null, \"low\": 0.0, \"high\": 0.3, \"log\": false}}"}
{"op_code":5,"worker_id":"86638fb0-284c-4fe6-bb33-ee29d2adb3be-137621019616768","trial_id":34,"param_name":"patience","param_value_internal":3.0,"distribution":"{\"name\": \"IntDistribution\", \"attributes\": {\"log\": false, \"step\": 1, \"low\": 2, \"high\": 5}}"}
{"op_code":7,"worker_id":"8e121434-d455-47e7-a812-6463efa1c5b8-129601631901184","trial_id":22,"step":1,"intermediate_value":0.47666618586571324}
{"op_code":6,"worker_id":"8e121434-d455-47e7-a812-6463efa1c5b8-129601631901184","trial_id":22,"state":2,"values":[0.47666618586571324],"datetime_complete":"2026-08-19T23:26:14.145163"}
{"op_code":4,"worker_id":"8e121434-d455-47e7-a812-6463efa1c5b8-129601631901184","study_id":0,"datetime_start":"2026-08-19T23:26:14.149758"}
{"op_code":5,"worker_id":"8e121434-d455-47e7-a812-6463efa1c5b8-129601631901184","trial_id":35,"param_name":"lr","param_value_internal":8.538061151660904e-05,"distribution":"{\"name\": \"FloatDistribution\", \"attributes\": {\"step\": null, \"low\": 5e-06, \"high\": 0.0003, \"log\": true}}"}
{"op_code":5,"worker_id":"8e121434-d455-47e7-a812-6463efa1c5b8-129601631901184","trial_id":35,"param_name":"batch_size","param_value_internal":1,"distribution":"{\"name\": \"CategoricalDistribution\", \"attributes\": {\"choices\": [16, 32, 64]}}"}
{"op_code":5,"worker_id":"8e121434-d455-47e7-a812-6463efa1c5b8-129601631901184","trial_id":35,"param_name":"weight_decay","param_value_internal":0.0004720766828448881,"distribution":"{\"name\": \"FloatDistribution\", \"attributes\": {\"step\": null, \"low\": 1e-06, \"high\": 0.01, \"log\": true}}"}
{"op_code":5,"worker_id":"8e121434-d455-47e7-a812-6463efa1c5b8-129601631901184","trial_id":35,"param_name":"dropout","param_value_internal":0.2948724546122558,"distribution":"{\"name\": \"FloatDistribution\", \"attributes\": {\"step\": null, \"low\": 0.0, \"high\": 0.3, \"log\": false}}"}
{"op_code":5,"worker_id":"8e121434-d455-47e7-a812-6463efa1c5b8-129601631901184","trial_id":35,"param_name":"patience","param_value_internal":3.0,"distribution":"{\"name\": \"IntDistribution\", \"attributes\": {\"log\": false, \"step\": 1, \"low\": 2, \"high\": 5}}"}
{"op_code":7,"worker_id":"40bc7db2-faeb-462c-8398-1aab030ed339-128154193819136","trial_id":26,"step":1,"intermediate_value":0.4329509348571457}
{"op_code":6,"worker_id":"40bc7db2-faeb-462c-8398-1aab030ed339-128154193819136","trial_id":26,"state":2,"values":[0.4329509348571457],"datetime_complete":"2026-08-19T23:26:39.668465"}
{"op_code":4,"worker_id":"40bc7db2-faeb-462c-8398-1aab030ed339-128154193819136","study_id":0,"datetime_start":"2026-08-19T23:26:39.673336"}
{"op_code":5,"worker_id":"40bc7db2-faeb-462c-8398-1aab030ed339-128154193819136","trial_id":36,"param_name":"lr","param_value_internal":7.593367731621403e-05,"distribution":"{\"name\": \"FloatDistribution\", \"attributes\": {\"step\": null, \"low\": 5e-06, \"high\": 0.0003, \"log\": true}}"}
{"op_code":5,"worker_id":"40bc7db2-faeb-462c-8398-1aab030ed339-128154193819136","trial_id":36,"param_name":"batch_size","param_value_internal":1,"distribution":"{\"name\": \"CategoricalDistribution\", \"attributes\": {\"choices\": [16, 32, 64]}}"}
{"op_code":5,"worker_id":"40bc7db2-faeb-462c-8398-1aab030ed339-128154193819136","trial_id":36,"param_name":"weight_decay","param_value_internal":0.00777581793571705,"distribution":"{\"name\": \"FloatDistribution\", \"attributes\": {\"step\": null, \"low\": 1e-06, \"high\": 0.01, \"log\": true}}"}
{"op_code":5,"worker_id":"40bc7db2-faeb-462c-8398-1aab030ed339-128154193819136","trial_id":36,"param_name":"dropout","param_value_internal":0.2728863629817238,"distribution":"{\"name\": \"FloatDistribution\", \"attributes\": {\"step\": null, \"low\": 0.0, \"high\": 0.3, \"log\": false}}"}
{"op_code":5,"worker_id":"40bc7db2-faeb-462c-8398-1aab030ed339-128154193819136","trial_id":36,"param_name":"patience","param_value_internal":3.0,"distribution":"{\"name\": \"IntDistribution\", \"attributes\": {\"log\": false, \"step\": 1, \"low\": 2, \"high\": 5}}"}
{"op_code":7,"worker_id":"9e97f2a5-d018-4804-af09-446e3f976f45-127331980781056","trial_id":15,"step":2,"intermediate_value":0.37281102281378814}
{"op_code":6,"worker_id":"9e97f2a5-d018-4804-af09-446e3f976f45-127331980781056","trial_id":15,"state":1,"values":[0.37281102281378814],"datetime_complete":"2026-08-19T23:26:44.697148"}
{"op_code":4,"worker_id":"9e97f2a5-d018-4804-af09-446e3f976f45-127331980781056","study_id":0,"datetime_start":"2026-08-19T23:26:44.701871"}
{"op_code":5,"worker_id":"9e97f2a5-d018-4804-af09-446e3f976f45-127331980781056","trial_id":37,"param_name":"lr","param_value_internal":8.48787689692985e-05,"distribution":"{\"name\": \"FloatDistribution\", \"attributes\": {\"step\": null, \"low\": 5e-06, \"high\": 0.0003, \"log\": true}}"}
{"op_code":5,"worker_id":"9e97f2a5-d018-4804-af09-446e3f976f45-127331980781056","trial_id":37,"param_name":"batch_size","param_value_internal":1,"distribution":"{\"name\": \"CategoricalDistribution\", \"attributes\": {\"choices\": [16, 32, 64]}}"}
{"op_code":5,"worker_id":"9e97f2a5-d018-4804-af09-446e3f976f45-127331980781056","trial_id":37,"param_name":"weight_decay","param_value_internal":1.2178407634930583e-06,"distribution":"{\"name\": \"FloatDistribution\", \"attributes\": {\"step\": null, \"low\": 1e-06, \"high\": 0.01, \"log\": true}}"}
{"op_code":5,"worker_id":"9e97f2a5-d018-4804-af09-446e3f976f45-127331980781056","trial_id":37,"param_name":"dropout","param_value_internal":0.2721264334347332,"distribution":"{\"name\": \"FloatDistribution\", \"attributes\": {\"step\": null, \"low\": 0.0, \"high\": 0.3, \"log\": false}}"}
{"op_code":5,"worker_id":"9e97f2a5-d018-4804-af09-446e3f976f45-127331980781056","trial_id":37,"param_name":"patience","param_value_internal":5.0,"distribution":"{\"name\": \"IntDistribution\", \"attributes\": {\"log\": false, \"step\": 1, \"low\": 2, \"high\": 5}}"}
{"op_code":7,"worker_id":"679cf347-18f2-4a2e-a430-e12538a555a3-126265109607936","trial_id":27,"step":1,"intermediate_value":0.4324845583177197}
{"op_code":6,"worker_id":"679cf347-18f2-4a2e-a430-e12538a555a3-126265109607936","trial_id":27,"state":2,"values":[0.4324845583177197],"datetime_complete":"2026-08-19T23:27:01.219967"}
{"op_code":4,"worker_id":"679cf347-18f2-4a2e-a430-e12538a555a3-126265109607936","study_id":0,"datetime_start":"2026-08-19T23:27:01.224689"}
{"op_code":5,"worker_id":"679cf347-18f2-4a2e-a430-e12538a555a3-126265109607936","trial_id":38,"param_name":"lr","param_value_internal":8.597693044862096e-05,"distribution":"{\"name\": \"FloatDistribution\", \"attributes\": {\"step\": null, \"low\": 5e-06, \"high\": 0.0003, \"log\": true}}"}
{"op_code":5,"worker_id":"679cf347-18f2-4a2e-a430-e12538a555a3-126265109607936","trial_id":38,"param_name":"batch_size","param_value_internal":1,"distribution":"{\"name\": \"CategoricalDistribution\", \"attributes\": {\"choices\": [16, 32, 64]}}"}
{"op_code":5,"worker_id":"679cf347-18f2-4a2e-a430-e12538a555a3-126265109607936","trial_id":38,"param_name":"weight_decay","param_value_internal":1.0545334994958411e-06,"distribution":"{\"name\": \"FloatDistribution\", \"attributes\": {\"step\": null, \"low\": 1e-06, \"high\": 0.01, \"log\": true}}"}
{"op_code":5,"worker_id":"679cf347-18f2-4a2e-a430-e12538a555a3-126265109607936","trial_id":38,"param_name":"dropout","param_value_internal":0.02698508725891436,"distribution":"{\"name\": \"FloatDistribution\", \"attributes\": {\"step\": null, \"low\": 0.0, \"high\": 0.3, \"log\": false}}"}
{"op_code":5,"worker_id":"679cf347-18f2-4a2e-a430-e12538a555a3-126265109607936","trial_id":38,"param_name":"patience","param_value_internal":5.0,"distribution":"{\"name\": \"IntDistribution\", \"attributes\": {\"log\": false, \"step\": 1, \"low\": 2, \"high\": 5}}"}
{"op_code":7,"worker_id":"9a8b9994-b7f8-45c0-883b-c8a222f6c0d6-137116887188992","trial_id":21,"step":1,"intermediate_value":0.3787394916887831}
{"op_code":7,"worker_id":"c2ed5631-5232-4419-9221-7c75593489a3-135269821588992","trial_id":25,"step":1,"intermediate_value":0.43685074036089844}
{"op_code":6,"worker_id":"c2ed5631-5232-4419-9221-7c75593489a3-135269821588992","trial_id":25,"state":2,"values":[0.43685074036089844],"datetime_complete":"2026-08-19T23:27:16.124228"}
{"op_code":4,"worker_id":"c2ed5631-5232-4419-9221-7c75593489a3-135269821588992","study_id":0,"datetime_start":"2026-08-19T23:27:16.128977"}
{"op_code":5,"worker_id":"c2ed5631-5232-4419-9221-7c75593489a3-135269821588992","trial_id":39,"param_name":"lr","param_value_internal":8.192125336678662e-05,"distribution":"{\"name\": \"FloatDistribution\", \"attributes\": {\"step\": null, \"low\": 5e-06, \"high\": 0.0003, \"log\": true}}"}
{"op_code":5,"worker_id":"c2ed5631-5232-4419-9221-7c75593489a3-135269821588992","trial_id":39,"param_name":"batch_size","param_value_internal":1,"distribution":"{\"name\": \"CategoricalDistribution\", \"attributes\": {\"choices\": [16, 32, 64]}}"}
{"op_code":5,"worker_id":"c2ed5631-5232-4419-9221-7c75593489a3-135269821588992","trial_id":39,"param_name":"weight_decay","param_value_internal":1.0524786654609457e-06,"distribution":"{\"name\": \"FloatDistribution\", \"attributes\": {\"step\": null, \"low\": 1e-06, \"high\": 0.01, \"log\": true}}"}
{"op_code":5,"worker_id":"c2ed5631-5232-4419-9221-7c75593489a3-135269821588992","trial_id":39,"param_name":"dropout","param_value_internal":0.024266989820848663,"distribution":"{\"name\": \"FloatDistribution\", \"attributes\": {\"step\": null, \"low\": 0.0, \"high\": 0.3, \"log\": false}}"}
{"op_code":5,"worker_id":"c2ed5631-5232-4419-9221-7c75593489a3-135269821588992","trial_id":39,"param_name":"patience","param_value_internal":5.0,"distribution":"{\"name\": \"IntDistribution\", \"attributes\": {\"log\": false, \"step\": 1, \"low\": 2, \"high\": 5}}"}
{"op_code":7,"worker_id":"74d551b3-67cc-4333-90e4-967d1ed6fe3a-131316947674624","trial_id":28,"step":1,"intermediate_value":0.4296804699110545}
{"op_code":6,"worker_id":"74d551b3-67cc-4333-90e4-967d1ed6fe3a-131316947674624","trial_id":28,"state":2,"values":[0.4296804699110545],"datetime_complete":"2026-08-19T23:28:10.444413"}
{"op_code":4,"worker_id":"74d551b3-67cc-4333-90e4-967d1ed6fe3a-131316947674624","study_id":0,"datetime_start":"2026-08-19T23:28:10.449883"}
{"op_code":5,"worker_id":"74d551b3-67cc-4333-90e4-967d1ed6fe3a-131316947674624","trial_id":40,"param_name":"lr","param_value_internal":9.071368038197486e-05,"distribution":"{\"name\": \"FloatDistribution\", \"attributes\": {\"step\": null, \"low\": 5e-06, \"high\": 0.0003, \"log\": true}}"}
{"op_code":5,"worker_id":"74d551b3-67cc-4333-90e4-967d1ed6fe3a-131316947674624","trial_id":40,"param_name":"batch_size","param_value_internal":1,"distribution":"{\"name\": \"CategoricalDistribution\", \"attributes\": {\"choices\": [16, 32, 64]}}"}
{"op_code":5,"worker_id":"74d551b3-67cc-4333-90e4-967d1ed6fe3a-131316947674624","trial_id":40,"param_name":"weight_decay","param_value_internal":1.2518206021753149e-05,"distribution":"{\"name\": \"FloatDistribution\", \"attributes\": {\"step\": null, \"low\": 1e-06, \"high\": 0.01, \"log\": true}}"}
{"op_code":5,"worker_id":"74d551b3-67cc-4333-90e4-967d1ed6fe3a-131316947674624","trial_id":40,"param_name":"dropout","param_value_internal":0.03667332733457701,"distribution":"{\"name\": \"FloatDistribution\", \"attributes\": {\"step\": null, \"low\": 0.0, \"high\": 0.3, \"log\": false}}"}
{"op_code":5,"worker_id":"74d551b3-67cc-4333-90e4-967d1ed6fe3a-131316947674624","trial_id":40,"param_name":"patience","param_value_internal":5.0,"distribution":"{\"name\": \"IntDistribution\", \"attributes\": {\"log\": false, \"step\": 1, \"low\": 2, \"high\": 5}}"}
{"op_code":7,"worker_id":"7d95b9da-d28a-4a61-9539-a7cadc394c27-137194481391104","trial_id":29,"step":1,"intermediate_value":0.43962179166284143}
{"op_code":6,"worker_id":"7d95b9da-d28a-4a61-9539-a7cadc394c27-137194481391104","trial_id":29,"state":2,"values":[0.43962179166284143],"datetime_complete":"2026-08-19T23:28:35.826089"}
{"op_code":4,"worker_id":"7d95b9da-d28a-4a61-9539-a7cadc394c27-137194481391104","study_id":0,"datetime_start":"2026-08-19T23:28:35.830798"}
{"op_code":5,"worker_id":"7d95b9da-d28a-4a61-9539-a7cadc394c27-137194481391104","trial_id":41,"param_name":"lr","param_value_internal":6.480669320262646e-05,"distribution":"{\"name\": \"FloatDistribution\", \"attributes\": {\"step\": null, \"low\": 5e-06, \"high\": 0.0003, \"log\": true}}"}
{"op_code":5,"worker_id":"7d95b9da-d28a-4a61-9539-a7cadc394c27-137194481391104","trial_id":41,"param_name":"batch_size","param_value_internal":1,"distribution":"{\"name\": \"CategoricalDistribution\", \"attributes\": {\"choices\": [16, 32, 64]}}"}
{"op_code":5,"worker_id":"7d95b9da-d28a-4a61-9539-a7cadc394c27-137194481391104","trial_id":41,"param_name":"weight_decay","param_value_internal":0.0003512913164459963,"distribution":"{\"name\": \"FloatDistribution\", \"attributes\": {\"step\": null, \"low\": 1e-06, \"high\": 0.01, \"log\": true}}"}
{"op_code":5,"worker_id":"7d95b9da-d28a-4a61-9539-a7cadc394c27-137194481391104","trial_id":41,"param_name":"dropout","param_value_internal":0.03224366947795263,"distribution":"{\"name\": \"FloatDistribution\", \"attributes\": {\"step\": null, \"low\": 0.0, \"high\": 0.3, \"log\": false}}"}
{"op_code":5,"worker_id":"7d95b9da-d28a-4a61-9539-a7cadc394c27-137194481391104","trial_id":41,"param_name":"patience","param_value_internal":3.0,"distribution":"{\"name\": \"IntDistribution\", \"attributes\": {\"log\": false, \"step\": 1, \"low\": 2, \"high\": 5}}"}
{"op_code":7,"worker_id":"03390d1d-9dbe-44ea-b50c-8910413720e7-127115480471040","trial_id":30,"step":1,"intermediate_value":0.44389821416948366}
{"op_code":6,"worker_id":"03390d1d-9dbe-44ea-b50c-8910413720e7-127115480471040","trial_id":30,"state":2,"values":[0.44389821416948366],"datetime_complete":"2026-08-19T23:29:07.280243"}
{"op_code":4,"worker_id":"03390d1d-9dbe-44ea-b50c-8910413720e7-127115480471040","study_id":0,"datetime_start":"2026-08-19T23:29:07.284974"}
{"op_code":5,"worker_id":"03390d1d-9dbe-44ea-b50c-8910413720e7-127115480471040","trial_id":42,"param_name":"lr","param_value_internal":7.773436187406661e-05,"distribution":"{\"name\": \"FloatDistribution\", \"attributes\": {\"step\": null, \"low\": 5e-06, \"high\": 0.0003, \"log\": true}}"}
{"op_code":5,"worker_id":"03390d1d-9dbe-44ea-b50c-8910413720e7-127115480471040","trial_id":42,"param_name":"batch_size","param_value_internal":1,"distribution":"{\"name\": \"CategoricalDistribution\", \"attributes\": {\"choices\": [16, 32, 64]}}"}
{"op_code":5,"worker_id":"03390d1d-9dbe-44ea-b50c-8910413720e7-127115480471040","trial_id":42,"param_name":"weight_decay","param_value_internal":1.3185465980587593e-06,"distribution":"{\"name\": \"FloatDistribution\", \"attributes\": {\"step\": null, \"low\": 1e-06, \"high\": 0.01, \"log\": true}}"}
{"op_code":5,"worker_id":"03390d1d-9dbe-44ea-b50c-8910413720e7-127115480471040","trial_id":42,"param_name":"dropout","param_value_internal":0.031414375221967085,"distribution":"{\"name\": \"FloatDistribution\", \"attributes\": {\"step\": null, \"low\": 0.0, \"high\": 0.3, \"log\": false}}"}
{"op_code":5,"worker_id":"03390d1d-9dbe-44ea-b50c-8910413720e7-127115480471040","trial_id":42,"param_name":"patience","param_value_internal":3.0,"distribution":"{\"name\": \"IntDistribution\", \"attributes\": {\"log\": false, \"step\": 1, \"low\": 2, \"high\": 5}}"}
{"op_code":7,"worker_id":"d8159b67-1598-4530-8185-0b4e2f627deb-130265049986560","trial_id":31,"step":1,"intermediate_value":0.44183048213177784}
{"op_code":6,"worker_id":"d8159b67-1598-4530-8185-0b4e2f627deb-130265049986560","trial_id":31,"state":2,"values":[0.44183048213177784],"datetime_complete":"2026-08-19T23:30:06.035405"}
{"op_code":4,"worker_id":"d8159b67-1598-4530-8185-0b4e2f627deb-130265049986560","study_id":0,"datetime_start":"2026-08-19T23:30:06.040587"}
{"op_code":5,"worker_id":"d8159b67-1598-4530-8185-0b4e2f627deb-130265049986560","trial_id":43,"param_name":"lr","param_value_internal":7.58491546516242e-05,"distribution":"{\"name\": \"FloatDistribution\", \"attributes\": {\"step\": null, \"low\": 5e-06, \"high\": 0.0003, \"log\": true}}"}
{"op_code":5,"worker_id":"d8159b67-1598-4530-8185-0b4e2f627deb-130265049986560","trial_id":43,"param_name":"batch_size","param_value_internal":1,"distribution":"{\"name\": \"CategoricalDistribution\", \"attributes\": {\"choices\": [16, 32, 64]}}"}
{"op_code":5,"worker_id":"d8159b67-1598-4530-8185-0b4e2f627deb-130265049986560","trial_id":43,"param_name":"weight_decay","param_value_internal":0.00042666170220965793,"distribution":"{\"name\": \"FloatDistribution\", \"attributes\": {\"step\": null, \"low\": 1e-06, \"high\": 0.01, \"log\": true}}"}
{"op_code":5,"worker_id":"d8159b67-1598-4530-8185-0b4e2f627deb-130265049986560","trial_id":43,"param_name":"dropout","param_value_internal":0.256783152690985,"distribution":"{\"name\": \"FloatDistribution\", \"attributes\": {\"step\": null, \"low\": 0.0, \"high\": 0.3, \"log\": false}}"}
{"op_code":5,"worker_id":"d8159b67-1598-4530-8185-0b4e2f627deb-130265049986560","trial_id":43,"param_name":"patience","param_value_internal":3.0,"distribution":"{\"name\": \"IntDistribution\", \"attributes\": {\"log\": false, \"step\": 1, \"low\": 2, \"high\": 5}}"}
{"op_code":7,"worker_id":"86638fb0-284c-4fe6-bb33-ee29d2adb3be-137621019616768","trial_id":34,"step":1,"intermediate_value":0.39925523036930727}
{"op_code":7,"worker_id":"d5d9ede1-bcd4-481f-8816-9f3bfc2ae4f1-130087024510464","trial_id":32,"step":1,"intermediate_value":0.44343295684506845}
{"op_code":6,"worker_id":"d5d9ede1-bcd4-481f-8816-9f3bfc2ae4f1-130087024510464","trial_id":32,"state":2,"values":[0.44343295684506845],"datetime_complete":"2026-08-19T23:30:36.611401"}
{"op_code":4,"worker_id":"d5d9ede1-bcd4-481f-8816-9f3bfc2ae4f1-130087024510464","study_id":0,"datetime_start":"2026-08-19T23:30:36.616375"}
{"op_code":5,"worker_id":"d5d9ede1-bcd4-481f-8816-9f3bfc2ae4f1-130087024510464","trial_id":44,"param_name":"lr","param_value_internal":7.370129555673175e-05,"distribution":"{\"name\": \"FloatDistribution\", \"attributes\": {\"step\": null, \"low\": 5e-06, \"high\": 0.0003, \"log\": true}}"}
{"op_code":5,"worker_id":"d5d9ede1-bcd4-481f-8816-9f3bfc2ae4f1-130087024510464","trial_id":44,"param_name":"batch_size","param_value_internal":2,"distribution":"{\"name\": \"CategoricalDistribution\", \"attributes\": {\"choices\": [16, 32, 64]}}"}
{"op_code":5,"worker_id":"d5d9ede1-bcd4-481f-8816-9f3bfc2ae4f1-130087024510464","trial_id":44,"param_name":"weight_decay","param_value_internal":0.0004179762648895191,"distribution":"{\"name\": \"FloatDistribution\", \"attributes\": {\"step\": null, \"low\": 1e-06, \"high\": 0.01, \"log\": true}}"}
{"op_code":5,"worker_id":"d5d9ede1-bcd4-481f-8816-9f3bfc2ae4f1-130087024510464","trial_id":44,"param_name":"dropout","param_value_internal":0.2586539087575206,"distribution":"{\"name\": \"FloatDistribution\", \"attributes\": {\"step\": null, \"low\": 0.0, \"high\": 0.3, \"log\": false}}"}
{"op_code":5,"worker_id":"d5d9ede1-bcd4-481f-8816-9f3bfc2ae4f1-130087024510464","trial_id":44,"param_name":"patience","param_value_internal":3.0,"distribution":"{\"name\": \"IntDistribution\", \"attributes\": {\"log\": false, \"step\": 1, \"low\": 2, \"high\": 5}}"}
{"op_code":7,"worker_id":"fc071723-94a2-4a86-9e7d-bdfde0c69d2a-140268501722624","trial_id":33,"step":1,"intermediate_value":0.3756956035064052}
{"op_code":7,"worker_id":"40bc7db2-faeb-462c-8398-1aab030ed339-128154193819136","trial_id":36,"step":1,"intermediate_value":0.40255303388459945}
{"op_code":7,"worker_id":"8e121434-d455-47e7-a812-6463efa1c5b8-129601631901184","trial_id":35,"step":1,"intermediate_value":0.391425023931996}
{"op_code":7,"worker_id":"9e97f2a5-d018-4804-af09-446e3f976f45-127331980781056","trial_id":37,"step":1,"intermediate_value":0.387903019082002}
{"op_code":7,"worker_id":"679cf347-18f2-4a2e-a430-e12538a555a3-126265109607936","trial_id":38,"step":1,"intermediate_value":0.37430716911856715}
{"op_code":7,"worker_id":"7d95b9da-d28a-4a61-9539-a7cadc394c27-137194481391104","trial_id":41,"step":1,"intermediate_value":0.39796976299950315}
{"op_code":7,"worker_id":"c2ed5631-5232-4419-9221-7c75593489a3-135269821588992","trial_id":39,"step":1,"intermediate_value":0.3883576098550692}
{"op_code":7,"worker_id":"03390d1d-9dbe-44ea-b50c-8910413720e7-127115480471040","trial_id":42,"step":1,"intermediate_value":0.40430876163674084}
{"op_code":7,"worker_id":"d8159b67-1598-4530-8185-0b4e2f627deb-130265049986560","trial_id":43,"step":1,"intermediate_value":0.4072243008562362}
{"op_code":7,"worker_id":"9a8b9994-b7f8-45c0-883b-c8a222f6c0d6-137116887188992","trial_id":21,"step":2,"intermediate_value":0.3787229421817483}
{"op_code":6,"worker_id":"9a8b9994-b7f8-45c0-883b-c8a222f6c0d6-137116887188992","trial_id":21,"state":1,"values":[0.3787229421817483],"datetime_complete":"2026-08-19T23:33:43.282052"}
{"op_code":4,"worker_id":"9a8b9994-b7f8-45c0-883b-c8a222f6c0d6-137116887188992","study_id":0,"datetime_start":"2026-08-19T23:33:43.286577"}
{"op_code":5,"worker_id":"9a8b9994-b7f8-45c0-883b-c8a222f6c0d6-137116887188992","trial_id":45,"param_name":"lr","param_value_internal":6.475031065899172e-05,"distribution":"{\"name\": \"FloatDistribution\", \"attributes\": {\"step\": null, \"low\": 5e-06, \"high\": 0.0003, \"log\": true}}"}
{"op_code":5,"worker_id":"9a8b9994-b7f8-45c0-883b-c8a222f6c0d6-137116887188992","trial_id":45,"param_name":"batch_size","param_value_internal":0,"distribution":"{\"name\": \"CategoricalDistribution\", \"attributes\": {\"choices\": [16, 32, 64]}}"}
{"op_code":5,"worker_id":"9a8b9994-b7f8-45c0-883b-c8a222f6c0d6-137116887188992","trial_id":45,"param_name":"weight_decay","param_value_internal":1.0595943135879493e-06,"distribution":"{\"name\": \"FloatDistribution\", \"attributes\": {\"step\": null, \"low\": 1e-06, \"high\": 0.01, \"log\": true}}"}
{"op_code":5,"worker_id":"9a8b9994-b7f8-45c0-883b-c8a222f6c0d6-137116887188992","trial_id":45,"param_name":"dropout","param_value_internal":0.026576208571345156,"distribution":"{\"name\": \"FloatDistribution\", \"attributes\": {\"step\": null, \"low\": 0.0, \"high\": 0.3, \"log\": false}}"}
{"op_code":5,"worker_id":"9a8b9994-b7f8-45c0-883b-c8a222f6c0d6-137116887188992","trial_id":45,"param_name":"patience","param_value_internal":4.0,"distribution":"{\"name\": \"IntDistribution\", \"attributes\": {\"log\": false, \"step\": 1, \"low\": 2, \"high\": 5}}"}
{"op_code":7,"worker_id":"74d551b3-67cc-4333-90e4-967d1ed6fe3a-131316947674624","trial_id":40,"step":1,"intermediate_value":0.3552831905329114}
{"op_code":7,"worker_id":"fc071723-94a2-4a86-9e7d-bdfde0c69d2a-140268501722624","trial_id":33,"step":2,"intermediate_value":0.39720586406137925}
{"op_code":6,"worker_id":"fc071723-94a2-4a86-9e7d-bdfde0c69d2a-140268501722624","trial_id":33,"state":1,"values":[0.39720586406137925],"datetime_complete":"2026-08-19T23:34:14.035318"}
{"op_code":4,"worker_id":"fc071723-94a2-4a86-9e7d-bdfde0c69d2a-140268501722624","study_id":0,"datetime_start":"2026-08-19T23:34:14.039983"}
{"op_code":5,"worker_id":"fc071723-94a2-4a86-9e7d-bdfde0c69d2a-140268501722624","trial_id":46,"param_name":"lr","param_value_internal":2.6113005967917748e-05,"distribution":"{\"name\": \"FloatDistribution\", \"attributes\": {\"step\": null, \"low\": 5e-06, \"high\": 0.0003, \"log\": true}}"}
{"op_code":5,"worker_id":"fc071723-94a2-4a86-9e7d-bdfde0c69d2a-140268501722624","trial_id":46,"param_name":"batch_size","param_value_internal":0,"distribution":"{\"name\": \"CategoricalDistribution\", \"attributes\": {\"choices\": [16, 32, 64]}}"}
{"op_code":5,"worker_id":"fc071723-94a2-4a86-9e7d-bdfde0c69d2a-140268501722624","trial_id":46,"param_name":"weight_decay","param_value_internal":0.0003324137099668481,"distribution":"{\"name\": \"FloatDistribution\", \"attributes\": {\"step\": null, \"low\": 1e-06, \"high\": 0.01, \"log\": true}}"}
{"op_code":5,"worker_id":"fc071723-94a2-4a86-9e7d-bdfde0c69d2a-140268501722624","trial_id":46,"param_name":"dropout","param_value_internal":0.030081372451295368,"distribution":"{\"name\": \"FloatDistribution\", \"attributes\": {\"step\": null, \"low\": 0.0, \"high\": 0.3, \"log\": false}}"}
{"op_code":5,"worker_id":"fc071723-94a2-4a86-9e7d-bdfde0c69d2a-140268501722624","trial_id":46,"param_name":"patience","param_value_internal":4.0,"distribution":"{\"name\": \"IntDistribution\", \"attributes\": {\"log\": false, \"step\": 1, \"low\": 2, \"high\": 5}}"}
{"op_code":7,"worker_id":"40bc7db2-faeb-462c-8398-1aab030ed339-128154193819136","trial_id":36,"step":2,"intermediate_value":0.4085879693415585}
{"op_code":6,"worker_id":"40bc7db2-faeb-462c-8398-1aab030ed339-128154193819136","trial_id":36,"state":1,"values":[0.4085879693415585],"datetime_complete":"2026-08-19T23:34:14.178901"}
{"op_code":4,"worker_id":"40bc7db2-faeb-462c-8398-1aab030ed339-128154193819136","study_id":0,"datetime_start":"2026-08-19T23:34:14.183743"}
{"op_code":5,"worker_id":"40bc7db2-faeb-462c-8398-1aab030ed339-128154193819136","trial_id":47,"param_name":"lr","param_value_internal":2.5413933494132063e-05,"distribution":"{\"name\": \"FloatDistribution\", \"attributes\": {\"step\": null, \"low\": 5e-06, \"high\": 0.0003, \"log\": true}}"}
{"op_code":5,"worker_id":"40bc7db2-faeb-462c-8398-1aab030ed339-128154193819136","trial_id":47,"param_name":"batch_size","param_value_internal":0,"distribution":"{\"name\": \"CategoricalDistribution\", \"attributes\": {\"choices\": [16, 32, 64]}}"}
{"op_code":5,"worker_id":"40bc7db2-faeb-462c-8398-1aab030ed339-128154193819136","trial_id":47,"param_name":"weight_decay","param_value_internal":0.0005974711874909133,"distribution":"{\"name\": \"FloatDistribution\", \"attributes\": {\"step\": null, \"low\": 1e-06, \"high\": 0.01, \"log\": true}}"}
{"op_code":5,"worker_id":"40bc7db2-faeb-462c-8398-1aab030ed339-128154193819136","trial_id":47,"param_name":"dropout","param_value_internal":0.03329458895966128,"distribution":"{\"name\": \"FloatDistribution\", \"attributes\": {\"step\": null, \"low\": 0.0, \"high\": 0.3, \"log\": false}}"}
{"op_code":5,"worker_id":"40bc7db2-faeb-462c-8398-1aab030ed339-128154193819136","trial_id":47,"param_name":"patience","param_value_internal":4.0,"distribution":"{\"name\": \"IntDistribution\", \"attributes\": {\"log\": false, \"step\": 1, \"low\": 2, \"high\": 5}}"}
{"op_code":7,"worker_id":"86638fb0-284c-4fe6-bb33-ee29d2adb3be-137621019616768","trial_id":34,"step":2,"intermediate_value":0.39906248228577745}
{"op_code":6,"worker_id":"86638fb0-284c-4fe6-bb33-ee29d2adb3be-137621019616768","trial_id":34,"state":1,"values":[0.39906248228577745],"datetime_complete":"2026-08-19T23:34:15.745659"}
{"op_code":4,"worker_id":"86638fb0-284c-4fe6-bb33-ee29d2adb3be-137621019616768","study_id":0,"datetime_start":"2026-08-19T23:34:15.750463"}
{"op_code":5,"worker_id":"86638fb0-284c-4fe6-bb33-ee29d2adb3be-137621019616768","trial_id":48,"param_name":"lr","param_value_internal":2.6833421869845435e-05,"distribution":"{\"name\": \"FloatDistribution\", \"attributes\": {\"step\": null, \"low\": 5e-06, \"high\": 0.0003, \"log\": true}}"}
{"op_code":5,"worker_id":"86638fb0-284c-4fe6-bb33-ee29d2adb3be-137621019616768","trial_id":48,"param_name":"batch_size","param_value_internal":0,"distribution":"{\"name\": \"CategoricalDistribution\", \"attributes\": {\"choices\": [16, 32, 64]}}"}
{"op_code":5,"worker_id":"86638fb0-284c-4fe6-bb33-ee29d2adb3be-137621019616768","trial_id":48,"param_name":"weight_decay","param_value_internal":0.0005241188221988199,"distribution":"{\"name\": \"FloatDistribution\", \"attributes\": {\"step\": null, \"low\": 1e-06, \"high\": 0.01, \"log\": true}}"}
{"op_code":5,"worker_id":"86638fb0-284c-4fe6-bb33-ee29d2adb3be-137621019616768","trial_id":48,"param_name":"dropout","param_value_internal":0.05170218109565003,"distribution":"{\"name\": \"FloatDistribution\", \"attributes\": {\"step\": null, \"low\": 0.0, \"high\": 0.3, \"log\": false}}"}
{"op_code":5,"worker_id":"86638fb0-284c-4fe6-bb33-ee29d2adb3be-137621019616768","trial_id":48,"param_name":"patience","param_value_internal":4.0,"distribution":"{\"name\": \"IntDistribution\", \"attributes\": {\"log\": false, \"step\": 1, \"low\": 2, \"high\": 5}}"}
{"op_code":7,"worker_id":"8e121434-d455-47e7-a812-6463efa1c5b8-129601631901184","trial_id":35,"step":2,"intermediate_value":0.4014444091694039}
{"op_code":6,"worker_id":"8e121434-d455-47e7-a812-6463efa1c5b8-129601631901184","trial_id":35,"state":1,"values":[0.4014444091694039],"datetime_complete":"2026-08-19T23:35:15.704804"}
{"op_code":4,"worker_id":"8e121434-d455-47e7-a812-6463efa1c5b8-129601631901184","study_id":0,"datetime_start":"2026-08-19T23:35:15.709520"}
{"op_code":5,"worker_id":"8e121434-d455-47e7-a812-6463efa1c5b8-129601631901184","trial_id":49,"param_name":"lr","param_value_internal":2.516800631849567e-05,"distribution":"{\"name\": \"FloatDistribution\", \"attributes\": {\"step\": null, \"low\": 5e-06, \"high\": 0.0003, \"log\": true}}"}
{"op_code":5,"worker_id":"8e121434-d455-47e7-a812-6463efa1c5b8-129601631901184","trial_id":49,"param_name":"batch_size","param_value_internal":0,"distribution":"{\"name\": \"CategoricalDistribution\", \"attributes\": {\"choices\": [16, 32, 64]}}"}
{"op_code":5,"worker_id":"8e121434-d455-47e7-a812-6463efa1c5b8-129601631901184","trial_id":49,"param_name":"weight_decay","param_value_internal":1.064818623717346e-05,"distribution":"{\"name\": \"FloatDistribution\", \"attributes\": {\"step\": null, \"low\": 1e-06, \"high\": 0.01, \"log\": true}}"}
{"op_code":5,"worker_id":"8e121434-d455-47e7-a812-6463efa1c5b8-129601631901184","trial_id":49,"param_name":"dropout","param_value_internal":0.04558253521814631,"distribution":"{\"name\": \"FloatDistribution\", \"attributes\": {\"step\": null, \"low\": 0.0, \"high\": 0.3, \"log\": false}}"}
{"op_code":5,"worker_id":"8e121434-d455-47e7-a812-6463efa1c5b8-129601631901184","trial_id":49,"param_name":"patience","param_value_internal":4.0,"distribution":"{\"name\": \"IntDistribution\", \"attributes\": {\"log\": false, \"step\": 1, \"low\": 2, \"high\": 5}}"}
{"op_code":7,"worker_id":"d5d9ede1-bcd4-481f-8816-9f3bfc2ae4f1-130087024510464","trial_id":44,"step":1,"intermediate_value":0.3951781619692742}
{"op_code":7,"worker_id":"7d95b9da-d28a-4a61-9539-a7cadc394c27-137194481391104","trial_id":41,"step":2,"intermediate_value":0.39047822273448524}
{"op_code":6,"worker_id":"7d95b9da-d28a-4a61-9539-a7cadc394c27-137194481391104","trial_id":41,"state":1,"values":[0.39047822273448524],"datetime_complete":"2026-08-19T23:36:40.244179"}
{"op_code":4,"worker_id":"7d95b9da-d28a-4a61-9539-a7cadc394c27-137194481391104","study_id":0,"datetime_start":"2026-08-19T23:36:40.248812"}
{"op_code":5,"worker_id":"7d95b9da-d28a-4a61-9539-a7cadc394c27-137194481391104","trial_id":50,"param_name":"lr","param_value_internal":2.9098279756079347e-05,"distribution":"{\"name\": \"FloatDistribution\", \"attributes\": {\"step\": null, \"low\": 5e-06, \"high\": 0.0003, \"log\": true}}"}
{"op_code":5,"worker_id":"7d95b9da-d28a-4a61-9539-a7cadc394c27-137194481391104","trial_id":50,"param_name":"batch_size","param_value_internal":0,"distribution":"{\"name\": \"CategoricalDistribution\", \"attributes\": {\"choices\": [16, 32, 64]}}"}
{"op_code":5,"worker_id":"7d95b9da-d28a-4a61-9539-a7cadc394c27-137194481391104","trial_id":50,"param_name":"weight_decay","param_value_internal":8.646515884552684e-06,"distribution":"{\"name\": \"FloatDistribution\", \"attributes\": {\"step\": null, \"low\": 1e-06, \"high\": 0.01, \"log\": true}}"}
{"op_code":5,"worker_id":"7d95b9da-d28a-4a61-9539-a7cadc394c27-137194481391104","trial_id":50,"param_name":"dropout","param_value_internal":0.09793133527102521,"distribution":"{\"name\": \"FloatDistribution\", \"attributes\": {\"step\": null, \"low\": 0.0, \"high\": 0.3, \"log\": false}}"}
{"op_code":5,"worker_id":"7d95b9da-d28a-4a61-9539-a7cadc394c27-137194481391104","trial_id":50,"param_name":"patience","param_value_internal":4.0,"distribution":"{\"name\": \"IntDistribution\", \"attributes\": {\"log\": false, \"step\": 1, \"low\": 2, \"high\": 5}}"}
{"op_code":7,"worker_id":"03390d1d-9dbe-44ea-b50c-8910413720e7-127115480471040","trial_id":42,"step":2,"intermediate_value":0.395940558484578}
{"op_code":6,"worker_id":"03390d1d-9dbe-44ea-b50c-8910413720e7-127115480471040","trial_id":42,"state":1,"values":[0.395940558484578],"datetime_complete":"2026-08-19T23:36:46.661726"}
{"op_code":4,"worker_id":"03390d1d-9dbe-44ea-b50c-8910413720e7-127115480471040","study_id":0,"datetime_start":"2026-08-19T23:36:46.666451"}
{"op_code":5,"worker_id":"03390d1d-9dbe-44ea-b50c-8910413720e7-127115480471040","trial_id":51,"param_name":"lr","param_value_internal":2.6600788659497893e-05,"distribution":"{\"name\": \"FloatDistribution\", \"attributes\": {\"step\": null, \"low\": 5e-06, \"high\": 0.0003, \"log\": true}}"}
{"op_code":5,"worker_id":"03390d1d-9dbe-44ea-b50c-8910413720e7-127115480471040","trial_id":51,"param_name":"batch_size","param_value_internal":0,"distribution":"{\"name\": \"CategoricalDistribution\", \"attributes\": {\"choices\": [16, 32, 64]}}"}
{"op_code":5,"worker_id":"03390d1d-9dbe-44ea-b50c-8910413720e7-127115480471040","trial_id":51,"param_name":"weight_decay","param_value_internal":1.0040299360882895e-05,"distribution":"{\"name\": \"FloatDistribution\", \"attributes\": {\"step\": null, \"low\": 1e-06, \"high\": 0.01, \"log\": true}}"}
{"op_code":5,"worker_id":"03390d1d-9dbe-44ea-b50c-8910413720e7-127115480471040","trial_id":51,"param_name":"dropout","param_value_internal":0.08694490074494576,"distribution":"{\"name\": \"FloatDistribution\", \"attributes\": {\"step\": null, \"low\": 0.0, \"high\": 0.3, \"log\": false}}"}
{"op_code":5,"worker_id":"03390d1d-9dbe-44ea-b50c-8910413720e7-127115480471040","trial_id":51,"param_name":"patience","param_value_internal":4.0,"distribution":"{\"name\": \"IntDistribution\", \"attributes\": {\"log\": false, \"step\": 1, \"low\": 2, \"high\": 5}}"}
{"op_code":7,"worker_id":"d8159b67-1598-4530-8185-0b4e2f627deb-130265049986560","trial_id":43,"step":2,"intermediate_value":0.3913919940519817}
{"op_code":6,"worker_id":"d8159b67-1598-4530-8185-0b4e2f627deb-130265049986560","trial_id":43,"state":1,"values":[0.3913919940519817],"datetime_complete":"2026-08-19T23:37:23.251646"}
{"op_code":4,"worker_id":"d8159b67-1598-4530-8185-0b4e2f627deb-130265049986560","study_id":0,"datetime_start":"2026-08-19T23:37:23.256599"}
{"op_code":5,"worker_id":"d8159b67-1598-4530-8185-0b4e2f627deb-130265049986560","trial_id":52,"param_name":"lr","param_value_internal":2.7282523547610414e-05,"distribution":"{\"name\": \"FloatDistribution\", \"attributes\": {\"step\": null, \"low\": 5e-06, \"high\": 0.0003, \"log\": true}}"}
{"op_code":5,"worker_id":"d8159b67-1598-4530-8185-0b4e2f627deb-130265049986560","trial_id":52,"param_name":"batch_size","param_value_internal":0,"distribution":"{\"name\": \"CategoricalDistribution\", \"attributes\": {\"choices\": [16, 32, 64]}}"}
{"op_code":5,"worker_id":"d8159b67-1598-4530-8185-0b4e2f627deb-130265049986560","trial_id":52,"param_name":"weight_decay","param_value_internal":6.699550064541925e-06,"distribution":"{\"name\": \"FloatDistribution\", \"attributes\": {\"step\": null, \"low\": 1e-06, \"high\": 0.01, \"log\": true}}"}
{"op_code":5,"worker_id":"d8159b67-1598-4530-8185-0b4e2f627deb-130265049986560","trial_id":52,"param_name":"dropout","param_value_internal":0.07690417086530044,"distribution":"{\"name\": \"FloatDistribution\", \"attributes\": {\"step\": null, \"low\": 0.0, \"high\": 0.3, \"log\": false}}"}
{"op_code":5,"worker_id":"d8159b67-1598-4530-8185-0b4e2f627deb-130265049986560","trial_id":52,"param_name":"patience","param_value_internal":4.0,"distribution":"{\"name\": \"IntDistribution\", \"attributes\": {\"log\": false, \"step\": 1, \"low\": 2, \"high\": 5}}"}
{"op_code":7,"worker_id":"74d551b3-67cc-4333-90e4-967d1ed6fe3a-131316947674624","trial_id":40,"step":2,"intermediate_value":0.36863499509177156}
{"op_code":6,"worker_id":"74d551b3-67cc-4333-90e4-967d1ed6fe3a-131316947674624","trial_id":40,"state":1,"values":[0.36863499509177156],"datetime_complete":"2026-08-19T23:38:12.315691"}
{"op_code":4,"worker_id":"74d551b3-67cc-4333-90e4-967d1ed6fe3a-131316947674624","study_id":0,"datetime_start":"2026-08-19T23:38:12.320611"}
{"op_code":5,"worker_id":"74d551b3-67cc-4333-90e4-967d1ed6fe3a-131316947674624","trial_id":53,"param_name":"lr","param_value_internal":2.559076802800958e-05,"distribution":"{\"name\": \"FloatDistribution\", \"attributes\": {\"step\": null, \"low\": 5e-06, \"high\": 0.0003, \"log\": true}}"}
{"op_code":5,"worker_id":"74d551b3-67cc-4333-90e4-967d1ed6fe3a-131316947674624","trial_id":53,"param_name":"batch_size","param_value_internal":0,"distribution":"{\"name\": \"CategoricalDistribution\", \"attributes\": {\"choices\": [16, 32, 64]}}"}
{"op_code":5,"worker_id":"74d551b3-67cc-4333-90e4-967d1ed6fe3a-131316947674624","trial_id":53,"param_name":"weight_decay","param_value_internal":9.557385731074454e-06,"distribution":"{\"name\": \"FloatDistribution\", \"attributes\": {\"step\": null, \"low\": 1e-06, \"high\": 0.01, \"log\": true}}"}
{"op_code":5,"worker_id":"74d551b3-67cc-4333-90e4-967d1ed6fe3a-131316947674624","trial_id":53,"param_name":"dropout","param_value_internal":0.05308064940160564,"distribution":"{\"name\": \"FloatDistribution\", \"attributes\": {\"step\": null, \"low\": 0.0, \"high\": 0.3, \"log\": false}}"}
{"op_code":5,"worker_id":"74d551b3-67cc-4333-90e4-967d1ed6fe3a-131316947674624","trial_id":53,"param_name":"patience","param_value_internal":4.0,"distribution":"{\"name\": \"IntDistribution\", \"attributes\": {\"log\": false, \"step\": 1, \"low\": 2, \"high\": 5}}"}
{"op_code":7,"worker_id":"9e97f2a5-d018-4804-af09-446e3f976f45-127331980781056","trial_id":37,"step":2,"intermediate_value":0.3800227419728706}
{"op_code":6,"worker_id":"9e97f2a5-d018-4804-af09-446e3f976f45-127331980781056","trial_id":37,"state":1,"values":[0.3800227419728706],"datetime_complete":"2026-08-19T23:38:21.981610"}
{"op_code":4,"worker_id":"9e97f2a5-d018-4804-af09-446e3f976f45-127331980781056","study_id":0,"datetime_start":"2026-08-19T23:38:21.986170"}
{"op_code":5,"worker_id":"9e97f2a5-d018-4804-af09-446e3f976f45-127331980781056","trial_id":54,"param_name":"lr","param_value_internal":0.00013444502757114482,"distribution":"{\"name\": \"FloatDistribution\", \"attributes\": {\"step\": null, \"low\": 5e-06, \"high\": 0.0003, \"log\": true}}"}
{"op_code":5,"worker_id":"9e97f2a5-d018-4804-af09-446e3f976f45-127331980781056","trial_id":54,"param_name":"batch_size","param_value_internal":0,"distribution":"{\"name\": \"CategoricalDistribution\", \"attributes\": {\"choices\": [16, 32, 64]}}"}
{"op_code":5,"worker_id":"9e97f2a5-d018-4804-af09-446e3f976f45-127331980781056","trial_id":54,"param_name":"weight_decay","param_value_internal":6.472856921546543e-06,"distribution":"{\"name\": \"FloatDistribution\", \"attributes\": {\"step\": null, \"low\": 1e-06, \"high\": 0.01, \"log\": true}}"}
{"op_code":5,"worker_id":"9e97f2a5-d018-4804-af09-446e3f976f45-127331980781056","trial_id":54,"param_name":"dropout","param_value_internal":0.2071492952974529,"distribution":"{\"name\": \"FloatDistribution\", \"attributes\": {\"step\": null, \"low\": 0.0, \"high\": 0.3, \"log\": false}}"}
{"op_code":5,"worker_id":"9e97f2a5-d018-4804-af09-446e3f976f45-127331980781056","trial_id":54,"param_name":"patience","param_value_internal":5.0,"distribution":"{\"name\": \"IntDistribution\", \"attributes\": {\"log\": false, \"step\": 1, \"low\": 2, \"high\": 5}}"}
{"op_code":7,"worker_id":"679cf347-18f2-4a2e-a430-e12538a555a3-126265109607936","trial_id":38,"step":2,"intermediate_value":0.36078339756724687}
{"op_code":6,"worker_id":"679cf347-18f2-4a2e-a430-e12538a555a3-126265109607936","trial_id":38,"state":1,"values":[0.36078339756724687],"datetime_complete":"2026-08-19T23:38:37.170024"}
{"op_code":4,"worker_id":"679cf347-18f2-4a2e-a430-e12538a555a3-126265109607936","study_id":0,"datetime_start":"2026-08-19T23:38:37.174769"}
{"op_code":5,"worker_id":"679cf347-18f2-4a2e-a430-e12538a555a3-126265109607936","trial_id":55,"param_name":"lr","param_value_internal":0.00012155775643014282,"distribution":"{\"name\": \"FloatDistribution\", \"attributes\": {\"step\": null, \"low\": 5e-06, \"high\": 0.0003, \"log\": true}}"}
{"op_code":5,"worker_id":"679cf347-18f2-4a2e-a430-e12538a555a3-126265109607936","trial_id":55,"param_name":"batch_size","param_value_internal":0,"distribution":"{\"name\": \"CategoricalDistribution\", \"attributes\": {\"choices\": [16, 32, 64]}}"}
{"op_code":5,"worker_id":"679cf347-18f2-4a2e-a430-e12538a555a3-126265109607936","trial_id":55,"param_name":"weight_decay","param_value_internal":5.275608624783339e-06,"distribution":"{\"name\": \"FloatDistribution\", \"attributes\": {\"step\": null, \"low\": 1e-06, \"high\": 0.01, \"log\": true}}"}
{"op_code":5,"worker_id":"679cf347-18f2-4a2e-a430-e12538a555a3-126265109607936","trial_id":55,"param_name":"dropout","param_value_internal":0.05569434683437077,"distribution":"{\"name\": \"FloatDistribution\", \"attributes\": {\"step\": null, \"low\": 0.0, \"high\": 0.3, \"log\": false}}"}
{"op_code":5,"worker_id":"679cf347-18f2-4a2e-a430-e12538a555a3-126265109607936","trial_id":55,"param_name":"patience","param_value_internal":5.0,"distribution":"{\"name\": \"IntDistribution\", \"attributes\": {\"log\": false, \"step\": 1, \"low\": 2, \"high\": 5}}"}
{"op_code":7,"worker_id":"d5d9ede1-bcd4-481f-8816-9f3bfc2ae4f1-130087024510464","trial_id":44,"step":2,"intermediate_value":0.3987643545847453}
{"op_code":6,"worker_id":"d5d9ede1-bcd4-481f-8816-9f3bfc2ae4f1-130087024510464","trial_id":44,"state":1,"values":[0.3987643545847453],"datetime_complete":"2026-08-19T23:39:07.588052"}
{"op_code":4,"worker_id":"d5d9ede1-bcd4-481f-8816-9f3bfc2ae4f1-130087024510464","study_id":0,"datetime_start":"2026-08-19T23:39:07.593184"}
{"op_code":5,"worker_id":"d5d9ede1-bcd4-481f-8816-9f3bfc2ae4f1-130087024510464","trial_id":56,"param_name":"lr","param_value_internal":0.00012072573586421918,"distribution":"{\"name\": \"FloatDistribution\", \"attributes\": {\"step\": null, \"low\": 5e-06, \"high\": 0.0003, \"log\": true}}"}
{"op_code":5,"worker_id":"d5d9ede1-bcd4-481f-8816-9f3bfc2ae4f1-130087024510464","trial_id":56,"param_name":"batch_size","param_value_internal":0,"distribution":"{\"name\": \"CategoricalDistribution\", \"attributes\": {\"choices\": [16, 32, 64]}}"}
{"op_code":5,"worker_id":"d5d9ede1-bcd4-481f-8816-9f3bfc2ae4f1-130087024510464","trial_id":56,"param_name":"weight_decay","param_value_internal":6.874445599816831e-06,"distribution":"{\"name\": \"FloatDistribution\", \"attributes\": {\"step\": null, \"low\": 1e-06, \"high\": 0.01, \"log\": true}}"}
{"op_code":5,"worker_id":"d5d9ede1-bcd4-481f-8816-9f3bfc2ae4f1-130087024510464","trial_id":56,"param_name":"dropout","param_value_internal":0.05551529525778642,"distribution":"{\"name\": \"FloatDistribution\", \"attributes\": {\"step\": null, \"low\": 0.0, \"high\": 0.3, \"log\": false}}"}
{"op_code":5,"worker_id":"d5d9ede1-bcd4-481f-8816-9f3bfc2ae4f1-130087024510464","trial_id":56,"param_name":"patience","param_value_internal":5.0,"distribution":"{\"name\": \"IntDistribution\", \"attributes\": {\"log\": false, \"step\": 1, \"low\": 2, \"high\": 5}}"}
{"op_code":7,"worker_id":"c2ed5631-5232-4419-9221-7c75593489a3-135269821588992","trial_id":39,"step":2,"intermediate_value":0.3668073520201408}
{"op_code":6,"worker_id":"c2ed5631-5232-4419-9221-7c75593489a3-135269821588992","trial_id":39,"state":1,"values":[0.3668073520201408],"datetime_complete":"2026-08-19T23:39:25.265721"}
{"op_code":4,"worker_id":"c2ed5631-5232-4419-9221-7c75593489a3-135269821588992","study_id":0,"datetime_start":"2026-08-19T23:39:25.270524"}
{"op_code":5,"worker_id":"c2ed5631-5232-4419-9221-7c75593489a3-135269821588992","trial_id":57,"param_name":"lr","param_value_internal":0.00012275072594511045,"distribution":"{\"name\": \"FloatDistribution\", \"attributes\": {\"step\": null, \"low\": 5e-06, \"high\": 0.0003, \"log\": true}}"}
{"op_code":5,"worker_id":"c2ed5631-5232-4419-9221-7c75593489a3-135269821588992","trial_id":57,"param_name":"batch_size","param_value_internal":0,"distribution":"{\"name\": \"CategoricalDistribution\", \"attributes\": {\"choices\": [16, 32, 64]}}"}
{"op_code":5,"worker_id":"c2ed5631-5232-4419-9221-7c75593489a3-135269821588992","trial_id":57,"param_name":"weight_decay","param_value_internal":5.637344826980589e-06,"distribution":"{\"name\": \"FloatDistribution\", \"attributes\": {\"step\": null, \"low\": 1e-06, \"high\": 0.01, \"log\": true}}"}
{"op_code":5,"worker_id":"c2ed5631-5232-4419-9221-7c75593489a3-135269821588992","trial_id":57,"param_name":"dropout","param_value_internal":0.04497075802522147,"distribution":"{\"name\": \"FloatDistribution\", \"attributes\": {\"step\": null, \"low\": 0.0, \"high\": 0.3, \"log\": false}}"}
{"op_code":5,"worker_id":"c2ed5631-5232-4419-9221-7c75593489a3-135269821588992","trial_id":57,"param_name":"patience","param_value_internal":5.0,"distribution":"{\"name\": \"IntDistribution\", \"attributes\": {\"log\": false, \"step\": 1, \"low\": 2, \"high\": 5}}"}
{"op_code":7,"worker_id":"fc071723-94a2-4a86-9e7d-bdfde0c69d2a-140268501722624","trial_id":46,"step":1,"intermediate_value":0.39668381417092013}
{"op_code":7,"worker_id":"9a8b9994-b7f8-45c0-883b-c8a222f6c0d6-137116887188992","trial_id":45,"step":1,"intermediate_value":0.391963500954563}
{"op_code":7,"worker_id":"40bc7db2-faeb-462c-8398-1aab030ed339-128154193819136","trial_id":47,"step":1,"intermediate_value":0.3964284232974929}
{"op_code":7,"worker_id":"8e121434-d455-47e7-a812-6463efa1c5b8-129601631901184","trial_id":49,"step":1,"intermediate_value":0.3998878026764296}
{"op_code":6,"worker_id":"8e121434-d455-47e7-a812-6463efa1c5b8-129601631901184","trial_id":49,"state":2,"values":[0.3998878026764296],"datetime_complete":"2026-08-19T23:40:51.150917"}
{"op_code":4,"worker_id":"8e121434-d455-47e7-a812-6463efa1c5b8-129601631901184","study_id":0,"datetime_start":"2026-08-19T23:40:51.155404"}
{"op_code":5,"worker_id":"8e121434-d455-47e7-a812-6463efa1c5b8-129601631901184","trial_id":58,"param_name":"lr","param_value_internal":0.00012088102932932274,"distribution":"{\"name\": \"FloatDistribution\", \"attributes\": {\"step\": null, \"low\": 5e-06, \"high\": 0.0003, \"log\": true}}"}
{"op_code":5,"worker_id":"8e121434-d455-47e7-a812-6463efa1c5b8-129601631901184","trial_id":58,"param_name":"batch_size","param_value_internal":0,"distribution":"{\"name\": \"CategoricalDistribution\", \"attributes\": {\"choices\": [16, 32, 64]}}"}
{"op_code":5,"worker_id":"8e121434-d455-47e7-a812-6463efa1c5b8-129601631901184","trial_id":58,"param_name":"weight_decay","param_value_internal":5.767929785595739e-06,"distribution":"{\"name\": \"FloatDistribution\", \"attributes\": {\"step\": null, \"low\": 1e-06, \"high\": 0.01, \"log\": true}}"}
{"op_code":5,"worker_id":"8e121434-d455-47e7-a812-6463efa1c5b8-129601631901184","trial_id":58,"param_name":"dropout","param_value_internal":0.06209156468782028,"distribution":"{\"name\": \"FloatDistribution\", \"attributes\": {\"step\": null, \"low\": 0.0, \"high\": 0.3, \"log\": false}}"}
{"op_code":5,"worker_id":"8e121434-d455-47e7-a812-6463efa1c5b8-129601631901184","trial_id":58,"param_name":"patience","param_value_internal":5.0,"distribution":"{\"name\": \"IntDistribution\", \"attributes\": {\"log\": false, \"step\": 1, \"low\": 2, \"high\": 5}}"}
{"op_code":7,"worker_id":"86638fb0-284c-4fe6-bb33-ee29d2adb3be-137621019616768","trial_id":48,"step":1,"intermediate_value":0.3948368865839236}
{"op_code":7,"worker_id":"7d95b9da-d28a-4a61-9539-a7cadc394c27-137194481391104","trial_id":50,"step":1,"intermediate_value":0.39343135527214573}
{"op_code":7,"worker_id":"9e97f2a5-d018-4804-af09-446e3f976f45-127331980781056","trial_id":54,"step":1,"intermediate_value":1.5145037980243008}
{"op_code":6,"worker_id":"9e97f2a5-d018-4804-af09-446e3f976f45-127331980781056","trial_id":54,"state":2,"values":[1.5145037980243008],"datetime_complete":"2026-08-19T23:42:36.238413"}
{"op_code":4,"worker_id":"9e97f2a5-d018-4804-af09-446e3f976f45-127331980781056","study_id":0,"datetime_start":"2026-08-19T23:42:36.242791"}
{"op_code":5,"worker_id":"9e97f2a5-d018-4804-af09-446e3f976f45-127331980781056","trial_id":59,"param_name":"lr","param_value_internal":0.0001961175497124875,"distribution":"{\"name\": \"FloatDistribution\", \"attributes\": {\"step\": null, \"low\": 5e-06, \"high\": 0.0003, \"log\": true}}"}
{"op_code":5,"worker_id":"9e97f2a5-d018-4804-af09-446e3f976f45-127331980781056","trial_id":59,"param_name":"batch_size","param_value_internal":0,"distribution":"{\"name\": \"CategoricalDistribution\", \"attributes\": {\"choices\": [16, 32, 64]}}"}
{"op_code":5,"worker_id":"9e97f2a5-d018-4804-af09-446e3f976f45-127331980781056","trial_id":59,"param_name":"weight_decay","param_value_internal":2.216250608856258e-06,"distribution":"{\"name\": \"FloatDistribution\", \"attributes\": {\"step\": null, \"low\": 1e-06, \"high\": 0.01, \"log\": true}}"}
{"op_code":5,"worker_id":"9e97f2a5-d018-4804-af09-446e3f976f45-127331980781056","trial_id":59,"param_name":"dropout","param_value_internal":0.0698134393883395,"distribution":"{\"name\": \"FloatDistribution\", \"attributes\": {\"step\": null, \"low\": 0.0, \"high\": 0.3, \"log\": false}}"}
{"op_code":5,"worker_id":"9e97f2a5-d018-4804-af09-446e3f976f45-127331980781056","trial_id":59,"param_name":"patience","param_value_internal":5.0,"distribution":"{\"name\": \"IntDistribution\", \"attributes\": {\"log\": false, \"step\": 1, \"low\": 2, \"high\": 5}}"}
{"op_code":7,"worker_id":"03390d1d-9dbe-44ea-b50c-8910413720e7-127115480471040","trial_id":51,"step":1,"intermediate_value":0.3919903788944911}
{"op_code":7,"worker_id":"d8159b67-1598-4530-8185-0b4e2f627deb-130265049986560","trial_id":52,"step":1,"intermediate_value":0.3969226807729824}
{"op_code":7,"worker_id":"74d551b3-67cc-4333-90e4-967d1ed6fe3a-131316947674624","trial_id":53,"step":1,"intermediate_value":0.39871865155479796}
{"op_code":7,"worker_id":"8e121434-d455-47e7-a812-6463efa1c5b8-129601631901184","trial_id":58,"step":1,"intermediate_value":0.7094310701137134}
{"op_code":6,"worker_id":"8e121434-d455-47e7-a812-6463efa1c5b8-129601631901184","trial_id":58,"state":2,"values":[0.7094310701137134],"datetime_complete":"2026-08-19T23:43:26.310451"}
{"op_code":4,"worker_id":"8e121434-d455-47e7-a812-6463efa1c5b8-129601631901184","study_id":0,"datetime_start":"2026-08-19T23:43:26.315044"}
{"op_code":5,"worker_id":"8e121434-d455-47e7-a812-6463efa1c5b8-129601631901184","trial_id":60,"param_name":"lr","param_value_internal":0.00017161441757944062,"distribution":"{\"name\": \"FloatDistribution\", \"attributes\": {\"step\": null, \"low\": 5e-06, \"high\": 0.0003, \"log\": true}}"}
{"op_code":5,"worker_id":"8e121434-d455-47e7-a812-6463efa1c5b8-129601631901184","trial_id":60,"param_name":"batch_size","param_value_internal":0,"distribution":"{\"name\": \"CategoricalDistribution\", \"attributes\": {\"choices\": [16, 32, 64]}}"}
{"op_code":5,"worker_id":"8e121434-d455-47e7-a812-6463efa1c5b8-129601631901184","trial_id":60,"param_name":"weight_decay","param_value_internal":2.258978003127847e-06,"distribution":"{\"name\": \"FloatDistribution\", \"attributes\": {\"step\": null, \"low\": 1e-06, \"high\": 0.01, \"log\": true}}"}
{"op_code":5,"worker_id":"8e121434-d455-47e7-a812-6463efa1c5b8-129601631901184","trial_id":60,"param_name":"dropout","param_value_internal":0.07340031171481706,"distribution":"{\"name\": \"FloatDistribution\", \"attributes\": {\"step\": null, \"low\": 0.0, \"high\": 0.3, \"log\": false}}"}
{"op_code":5,"worker_id":"8e121434-d455-47e7-a812-6463efa1c5b8-129601631901184","trial_id":60,"param_name":"patience","param_value_internal":5.0,"distribution":"{\"name\": \"IntDistribution\", \"attributes\": {\"log\": false, \"step\": 1, \"low\": 2, \"high\": 5}}"}
{"op_code":7,"worker_id":"9a8b9994-b7f8-45c0-883b-c8a222f6c0d6-137116887188992","trial_id":45,"step":2,"intermediate_value":0.4079328921814301}
{"op_code":6,"worker_id":"9a8b9994-b7f8-45c0-883b-c8a222f6c0d6-137116887188992","trial_id":45,"state":1,"values":[0.4079328921814301],"datetime_complete":"2026-08-19T23:43:42.181558"}
{"op_code":4,"worker_id":"9a8b9994-b7f8-45c0-883b-c8a222f6c0d6-137116887188992","study_id":0,"datetime_start":"2026-08-19T23:43:42.186244"}
{"op_code":5,"worker_id":"9a8b9994-b7f8-45c0-883b-c8a222f6c0d6-137116887188992","trial_id":61,"param_name":"lr","param_value_internal":0.00016074854588052272,"distribution":"{\"name\": \"FloatDistribution\", \"attributes\": {\"step\": null, \"low\": 5e-06, \"high\": 0.0003, \"log\": true}}"}
{"op_code":5,"worker_id":"9a8b9994-b7f8-45c0-883b-c8a222f6c0d6-137116887188992","trial_id":61,"param_name":"batch_size","param_value_internal":0,"distribution":"{\"name\": \"CategoricalDistribution\", \"attributes\": {\"choices\": [16, 32, 64]}}"}
{"op_code":5,"worker_id":"9a8b9994-b7f8-45c0-883b-c8a222f6c0d6-137116887188992","trial_id":61,"param_name":"weight_decay","param_value_internal":2.175213704441583e-06,"distribution":"{\"name\": \"FloatDistribution\", \"attributes\": {\"step\": null, \"low\": 1e-06, \"high\": 0.01, \"log\": true}}"}
{"op_code":5,"worker_id":"9a8b9994-b7f8-45c0-883b-c8a222f6c0d6-137116887188992","trial_id":61,"param_name":"dropout","param_value_internal":0.08500014667869246,"distribution":"{\"name\": \"FloatDistribution\", \"attributes\": {\"step\": null, \"low\": 0.0, \"high\": 0.3, \"log\": false}}"}
{"op_code":5,"worker_id":"9a8b9994-b7f8-45c0-883b-c8a222f6c0d6-137116887188992","trial_id":61,"param_name":"patience","param_value_internal":5.0,"distribution":"{\"name\": \"IntDistribution\", \"attributes\": {\"log\": false, \"step\": 1, \"low\": 2, \"high\": 5}}"}
{"op_code":7,"worker_id":"679cf347-18f2-4a2e-a430-e12538a555a3-126265109607936","trial_id":55,"step":1,"intermediate_value":0.4119077222276641}
{"op_code":6,"worker_id":"679cf347-18f2-4a2e-a430-e12538a555a3-126265109607936","trial_id":55,"state":2,"values":[0.4119077222276641],"datetime_complete":"2026-08-19T23:44:58.363081"}
{"op_code":4,"worker_id":"679cf347-18f2-4a2e-a430-e12538a555a3-126265109607936","study_id":0,"datetime_start":"2026-08-19T23:44:58.367951"}
{"op_code":5,"worker_id":"679cf347-18f2-4a2e-a430-e12538a555a3-126265109607936","trial_id":62,"param_name":"lr","param_value_internal":0.0002443995652588734,"distribution":"{\"name\": \"FloatDistribution\", \"attributes\": {\"step\": null, \"low\": 5e-06, \"high\": 0.0003, \"log\": true}}"}
{"op_code":5,"worker_id":"679cf347-18f2-4a2e-a430-e12538a555a3-126265109607936","trial_id":62,"param_name":"batch_size","param_value_internal":0,"distribution":"{\"name\": \"CategoricalDistribution\", \"attributes\": {\"choices\": [16, 32, 64]}}"}
{"op_code":5,"worker_id":"679cf347-18f2-4a2e-a430-e12538a555a3-126265109607936","trial_id":62,"param_name":"weight_decay","param_value_internal":2.184966602073891e-06,"distribution":"{\"name\": \"FloatDistribution\", \"attributes\": {\"step\": null, \"low\": 1e-06, \"high\": 0.01, \"log\": true}}"}
{"op_code":5,"worker_id":"679cf347-18f2-4a2e-a430-e12538a555a3-126265109607936","trial_id":62,"param_name":"dropout","param_value_internal":0.07720768442560472,"distribution":"{\"name\": \"FloatDistribution\", \"attributes\": {\"step\": null, \"low\": 0.0, \"high\": 0.3, \"log\": false}}"}
{"op_code":5,"worker_id":"679cf347-18f2-4a2e-a430-e12538a555a3-126265109607936","trial_id":62,"param_name":"patience","param_value_internal":5.0,"distribution":"{\"name\": \"IntDistribution\", \"attributes\": {\"log\": false, \"step\": 1, \"low\": 2, \"high\": 5}}"}
{"op_code":7,"worker_id":"fc071723-94a2-4a86-9e7d-bdfde0c69d2a-140268501722624","trial_id":46,"step":2,"intermediate_value":0.3909081621535452}
{"op_code":6,"worker_id":"fc071723-94a2-4a86-9e7d-bdfde0c69d2a-140268501722624","trial_id":46,"state":1,"values":[0.3909081621535452],"datetime_complete":"2026-08-19T23:45:09.898891"}
{"op_code":7,"worker_id":"86638fb0-284c-4fe6-bb33-ee29d2adb3be-137621019616768","trial_id":48,"step":2,"intermediate_value":0.40377702917650105}
{"op_code":4,"worker_id":"fc071723-94a2-4a86-9e7d-bdfde0c69d2a-140268501722624","study_id":0,"datetime_start":"2026-08-19T23:45:09.903426"}
{"op_code":6,"worker_id":"86638fb0-284c-4fe6-bb33-ee29d2adb3be-137621019616768","trial_id":48,"state":1,"values":[0.40377702917650105],"datetime_complete":"2026-08-19T23:45:09.913452"}
{"op_code":5,"worker_id":"fc071723-94a2-4a86-9e7d-bdfde0c69d2a-140268501722624","trial_id":63,"param_name":"lr","param_value_internal":0.00022248796710136828,"distribution":"{\"name\": \"FloatDistribution\", \"attributes\": {\"step\": null, \"low\": 5e-06, \"high\": 0.0003, \"log\": true}}"}
{"op_code":5,"worker_id":"fc071723-94a2-4a86-9e7d-bdfde0c69d2a-140268501722624","trial_id":63,"param_name":"batch_size","param_value_internal":1,"distribution":"{\"name\": \"CategoricalDistribution\", \"attributes\": {\"choices\": [16, 32, 64]}}"}
{"op_code":4,"worker_id":"86638fb0-284c-4fe6-bb33-ee29d2adb3be-137621019616768","study_id":0,"datetime_start":"2026-08-19T23:45:09.919914"}
{"op_code":5,"worker_id":"fc071723-94a2-4a86-9e7d-bdfde0c69d2a-140268501722624","trial_id":63,"param_name":"weight_decay","param_value_internal":1.9701313354169065e-06,"distribution":"{\"name\": \"FloatDistribution\", \"attributes\": {\"step\": null, \"low\": 1e-06, \"high\": 0.01, \"log\": true}}"}
{"op_code":5,"worker_id":"86638fb0-284c-4fe6-bb33-ee29d2adb3be-137621019616768","trial_id":64,"param_name":"lr","param_value_internal":0.00018563352443565562,"distribution":"{\"name\": \"FloatDistribution\", \"attributes\": {\"step\": null, \"low\": 5e-06, \"high\": 0.0003, \"log\": true}}"}
{"op_code":5,"worker_id":"fc071723-94a2-4a86-9e7d-bdfde0c69d2a-140268501722624","trial_id":63,"param_name":"dropout","param_value_internal":0.08551115451760294,"distribution":"{\"name\": \"FloatDistribution\", \"attributes\": {\"step\": null, \"low\": 0.0, \"high\": 0.3, \"log\": false}}"}
{"op_code":5,"worker_id":"86638fb0-284c-4fe6-bb33-ee29d2adb3be-137621019616768","trial_id":64,"param_name":"batch_size","param_value_internal":1,"distribution":"{\"name\": \"CategoricalDistribution\", \"attributes\": {\"choices\": [16, 32, 64]}}"}
{"op_code":5,"worker_id":"fc071723-94a2-4a86-9e7d-bdfde0c69d2a-140268501722624","trial_id":63,"param_name":"patience","param_value_internal":5.0,"distribution":"{\"name\": \"IntDistribution\", \"attributes\": {\"log\": false, \"step\": 1, \"low\": 2, \"high\": 5}}"}
{"op_code":5,"worker_id":"86638fb0-284c-4fe6-bb33-ee29d2adb3be-137621019616768","trial_id":64,"param_name":"weight_decay","param_value_internal":2.003171019278777e-06,"distribution":"{\"name\": \"FloatDistribution\", \"attributes\": {\"step\": null, \"low\": 1e-06, \"high\": 0.01, \"log\": true}}"}
{"op_code":5,"worker_id":"86638fb0-284c-4fe6-bb33-ee29d2adb3be-137621019616768","trial_id":64,"param_name":"dropout","param_value_internal":0.0765085566756703,"distribution":"{\"name\": \"FloatDistribution\", \"attributes\": {\"step\": null, \"low\": 0.0, \"high\": 0.3, \"log\": false}}"}
{"op_code":5,"worker_id":"86638fb0-284c-4fe6-bb33-ee29d2adb3be-137621019616768","trial_id":64,"param_name":"patience","param_value_internal":5.0,"distribution":"{\"name\": \"IntDistribution\", \"attributes\": {\"log\": false, \"step\": 1, \"low\": 2, \"high\": 5}}"}
{"op_code":7,"worker_id":"d5d9ede1-bcd4-481f-8816-9f3bfc2ae4f1-130087024510464","trial_id":56,"step":1,"intermediate_value":0.3909677466820057}
{"op_code":7,"worker_id":"9e97f2a5-d018-4804-af09-446e3f976f45-127331980781056","trial_id":59,"step":1,"intermediate_value":1.5159417826106618}
{"op_code":6,"worker_id":"9e97f2a5-d018-4804-af09-446e3f976f45-127331980781056","trial_id":59,"state":2,"values":[1.5159417826106618],"datetime_complete":"2026-08-19T23:45:59.794925"}
{"op_code":4,"worker_id":"9e97f2a5-d018-4804-af09-446e3f976f45-127331980781056","study_id":0,"datetime_start":"2026-08-19T23:45:59.799708"}
{"op_code":5,"worker_id":"9e97f2a5-d018-4804-af09-446e3f976f45-127331980781056","trial_id":65,"param_name":"lr","param_value_internal":4.817602175459008e-05,"distribution":"{\"name\": \"FloatDistribution\", \"attributes\": {\"step\": null, \"low\": 5e-06, \"high\": 0.0003, \"log\": true}}"}
{"op_code":5,"worker_id":"9e97f2a5-d018-4804-af09-446e3f976f45-127331980781056","trial_id":65,"param_name":"batch_size","param_value_internal":1,"distribution":"{\"name\": \"CategoricalDistribution\", \"attributes\": {\"choices\": [16, 32, 64]}}"}
{"op_code":5,"worker_id":"9e97f2a5-d018-4804-af09-446e3f976f45-127331980781056","trial_id":65,"param_name":"weight_decay","param_value_internal":3.1137350122945272e-06,"distribution":"{\"name\": \"FloatDistribution\", \"attributes\": {\"step\": null, \"low\": 1e-06, \"high\": 0.01, \"log\": true}}"}
{"op_code":5,"worker_id":"9e97f2a5-d018-4804-af09-446e3f976f45-127331980781056","trial_id":65,"param_name":"dropout","param_value_internal":0.012199761705233495,"distribution":"{\"name\": \"FloatDistribution\", \"attributes\": {\"step\": null, \"low\": 0.0, \"high\": 0.3, \"log\": false}}"}
{"op_code":5,"worker_id":"9e97f2a5-d018-4804-af09-446e3f976f45-127331980781056","trial_id":65,"param_name":"patience","param_value_internal":5.0,"distribution":"{\"name\": \"IntDistribution\", \"attributes\": {\"log\": false, \"step\": 1, \"low\": 2, \"high\": 5}}"}
{"op_code":7,"worker_id":"c2ed5631-5232-4419-9221-7c75593489a3-135269821588992","trial_id":57,"step":1,"intermediate_value":0.40666550423962794}
{"op_code":6,"worker_id":"c2ed5631-5232-4419-9221-7c75593489a3-135269821588992","trial_id":57,"state":2,"values":[0.40666550423962794],"datetime_complete":"2026-08-19T23:46:33.188186"}
{"op_code":4,"worker_id":"c2ed5631-5232-4419-9221-7c75593489a3-135269821588992","study_id":0,"datetime_start":"2026-08-19T23:46:33.192890"}
{"op_code":5,"worker_id":"c2ed5631-5232-4419-9221-7c75593489a3-135269821588992","trial_id":66,"param_name":"lr","param_value_internal":5.316876928934941e-05,"distribution":"{\"name\": \"FloatDistribution\", \"attributes\": {\"step\": null, \"low\": 5e-06, \"high\": 0.0003, \"log\": true}}"}
{"op_code":5,"worker_id":"c2ed5631-5232-4419-9221-7c75593489a3-135269821588992","trial_id":66,"param_name":"batch_size","param_value_internal":1,"distribution":"{\"name\": \"CategoricalDistribution\", \"attributes\": {\"choices\": [16, 32, 64]}}"}
{"op_code":5,"worker_id":"c2ed5631-5232-4419-9221-7c75593489a3-135269821588992","trial_id":66,"param_name":"weight_decay","param_value_internal":2.959306605318843e-06,"distribution":"{\"name\": \"FloatDistribution\", \"attributes\": {\"step\": null, \"low\": 1e-06, \"high\": 0.01, \"log\": true}}"}
{"op_code":5,"worker_id":"c2ed5631-5232-4419-9221-7c75593489a3-135269821588992","trial_id":66,"param_name":"dropout","param_value_internal":0.09485651209454693,"distribution":"{\"name\": \"FloatDistribution\", \"attributes\": {\"step\": null, \"low\": 0.0, \"high\": 0.3, \"log\": false}}"}
{"op_code":5,"worker_id":"c2ed5631-5232-4419-9221-7c75593489a3-135269821588992","trial_id":66,"param_name":"patience","param_value_internal":5.0,"distribution":"{\"name\": \"IntDistribution\", \"attributes\": {\"log\": false, \"step\": 1, \"low\": 2, \"high\": 5}}"}
{"op_code":7,"worker_id":"9a8b9994-b7f8-45c0-883b-c8a222f6c0d6-137116887188992","trial_id":61,"step":1,"intermediate_value":0.7912732484854118}
{"op_code":6,"worker_id":"9a8b9994-b7f8-45c0-883b-c8a222f6c0d6-137116887188992","trial_id":61,"state":2,"values":[0.7912732484854118],"datetime_complete":"2026-08-19T23:46:33.576581"}
{"op_code":4,"worker_id":"9a8b9994-b7f8-45c0-883b-c8a222f6c0d6-137116887188992","study_id":0,"datetime_start":"2026-08-19T23:46:33.581312"}
{"op_code":5,"worker_id":"9a8b9994-b7f8-45c0-883b-c8a222f6c0d6-137116887188992","trial_id":67,"param_name":"lr","param_value_internal":9.784499435298731e-05,"distribution":"{\"name\": \"FloatDistribution\", \"attributes\": {\"step\": null, \"low\": 5e-06, \"high\": 0.0003, \"log\": true}}"}
{"op_code":5,"worker_id":"9a8b9994-b7f8-45c0-883b-c8a222f6c0d6-137116887188992","trial_id":67,"param_name":"batch_size","param_value_internal":1,"distribution":"{\"name\": \"CategoricalDistribution\", \"attributes\": {\"choices\": [16, 32, 64]}}"}
{"op_code":5,"worker_id":"9a8b9994-b7f8-45c0-883b-c8a222f6c0d6-137116887188992","trial_id":67,"param_name":"weight_decay","param_value_internal":3.3550858014699795e-06,"distribution":"{\"name\": \"FloatDistribution\", \"attributes\": {\"step\": null, \"low\": 1e-06, \"high\": 0.01, \"log\": true}}"}
{"op_code":5,"worker_id":"9a8b9994-b7f8-45c0-883b-c8a222f6c0d6-137116887188992","trial_id":67,"param_name":"dropout","param_value_internal":0.09887738046299802,"distribution":"{\"name\": \"FloatDistribution\", \"attributes\": {\"step\": null, \"low\": 0.0, \"high\": 0.3, \"log\": false}}"}
{"op_code":5,"worker_id":"9a8b9994-b7f8-45c0-883b-c8a222f6c0d6-137116887188992","trial_id":67,"param_name":"patience","param_value_internal":5.0,"distribution":"{\"name\": \"IntDistribution\", \"attributes\": {\"log\": false, \"step\": 1, \"low\": 2, \"high\": 5}}"}
{"op_code":7,"worker_id":"40bc7db2-faeb-462c-8398-1aab030ed339-128154193819136","trial_id":47,"step":2,"intermediate_value":0.3853603367292444}
{"op_code":6,"worker_id":"40bc7db2-faeb-462c-8398-1aab030ed339-128154193819136","trial_id":47,"state":1,"values":[0.3853603367292444],"datetime_complete":"2026-08-19T23:46:41.707587"}
{"op_code":4,"worker_id":"40bc7db2-faeb-462c-8398-1aab030ed339-128154193819136","study_id":0,"datetime_start":"2026-08-19T23:46:41.712308"}
{"op_code":5,"worker_id":"40bc7db2-faeb-462c-8398-1aab030ed339-128154193819136","trial_id":68,"param_name":"lr","param_value_internal":9.669016504498427e-05,"distribution":"{\"name\": \"FloatDistribution\", \"attributes\": {\"step\": null, \"low\": 5e-06, \"high\": 0.0003, \"log\": true}}"}
{"op_code":5,"worker_id":"40bc7db2-faeb-462c-8398-1aab030ed339-128154193819136","trial_id":68,"param_name":"batch_size","param_value_internal":1,"distribution":"{\"name\": \"CategoricalDistribution\", \"attributes\": {\"choices\": [16, 32, 64]}}"}
{"op_code":5,"worker_id":"40bc7db2-faeb-462c-8398-1aab030ed339-128154193819136","trial_id":68,"param_name":"weight_decay","param_value_internal":2.9854299442445427e-06,"distribution":"{\"name\": \"FloatDistribution\", \"attributes\": {\"step\": null, \"low\": 1e-06, \"high\": 0.01, \"log\": true}}"}
{"op_code":5,"worker_id":"40bc7db2-faeb-462c-8398-1aab030ed339-128154193819136","trial_id":68,"param_name":"dropout","param_value_internal":0.011997403957264315,"distribution":"{\"name\": \"FloatDistribution\", \"attributes\": {\"step\": null, \"low\": 0.0, \"high\": 0.3, \"log\": false}}"}
{"op_code":5,"worker_id":"40bc7db2-faeb-462c-8398-1aab030ed339-128154193819136","trial_id":68,"param_name":"patience","param_value_internal":5.0,"distribution":"{\"name\": \"IntDistribution\", \"attributes\": {\"log\": false, \"step\": 1, \"low\": 2, \"high\": 5}}"}
{"op_code":7,"worker_id":"7d95b9da-d28a-4a61-9539-a7cadc394c27-137194481391104","trial_id":50,"step":2,"intermediate_value":0.38763814707852906}
{"op_code":6,"worker_id":"7d95b9da-d28a-4a61-9539-a7cadc394c27-137194481391104","trial_id":50,"state":1,"values":[0.38763814707852906],"datetime_complete":"2026-08-19T23:47:37.613052"}
{"op_code":4,"worker_id":"7d95b9da-d28a-4a61-9539-a7cadc394c27-137194481391104","study_id":0,"datetime_start":"2026-08-19T23:47:37.617576"}
{"op_code":5,"worker_id":"7d95b9da-d28a-4a61-9539-a7cadc394c27-137194481391104","trial_id":69,"param_name":"lr","param_value_internal":4.881657611848789e-05,"distribution":"{\"name\": \"FloatDistribution\", \"attributes\": {\"step\": null, \"low\": 5e-06, \"high\": 0.0003, \"log\": true}}"}
{"op_code":5,"worker_id":"7d95b9da-d28a-4a61-9539-a7cadc394c27-137194481391104","trial_id":69,"param_name":"batch_size","param_value_internal":1,"distribution":"{\"name\": \"CategoricalDistribution\", \"attributes\": {\"choices\": [16, 32, 64]}}"}
{"op_code":5,"worker_id":"7d95b9da-d28a-4a61-9539-a7cadc394c27-137194481391104","trial_id":69,"param_name":"weight_decay","param_value_internal":3.539259719056599e-06,"distribution":"{\"name\": \"FloatDistribution\", \"attributes\": {\"step\": null, \"low\": 1e-06, \"high\": 0.01, \"log\": true}}"}
{"op_code":5,"worker_id":"7d95b9da-d28a-4a61-9539-a7cadc394c27-137194481391104","trial_id":69,"param_name":"dropout","param_value_internal":0.01238444504759572,"distribution":"{\"name\": \"FloatDistribution\", \"attributes\": {\"step\": null, \"low\": 0.0, \"high\": 0.3, \"log\": false}}"}
{"op_code":5,"worker_id":"7d95b9da-d28a-4a61-9539-a7cadc394c27-137194481391104","trial_id":69,"param_name":"patience","param_value_internal":5.0,"distribution":"{\"name\": \"IntDistribution\", \"attributes\": {\"log\": false, \"step\": 1, \"low\": 2, \"high\": 5}}"}
{"op_code":7,"worker_id":"03390d1d-9dbe-44ea-b50c-8910413720e7-127115480471040","trial_id":51,"step":2,"intermediate_value":0.38596517233087696}
{"op_code":6,"worker_id":"03390d1d-9dbe-44ea-b50c-8910413720e7-127115480471040","trial_id":51,"state":1,"values":[0.38596517233087696],"datetime_complete":"2026-08-19T23:48:06.716017"}
{"op_code":4,"worker_id":"03390d1d-9dbe-44ea-b50c-8910413720e7-127115480471040","study_id":0,"datetime_start":"2026-08-19T23:48:06.721027"}
{"op_code":5,"worker_id":"03390d1d-9dbe-44ea-b50c-8910413720e7-127115480471040","trial_id":70,"param_name":"lr","param_value_internal":4.8833020236704177e-05,"distribution":"{\"name\": \"FloatDistribution\", \"attributes\": {\"step\": null, \"low\": 5e-06, \"high\": 0.0003, \"log\": true}}"}
{"op_code":5,"worker_id":"03390d1d-9dbe-44ea-b50c-8910413720e7-127115480471040","trial_id":70,"param_name":"batch_size","param_value_internal":1,"distribution":"{\"name\": \"CategoricalDistribution\", \"attributes\": {\"choices\": [16, 32, 64]}}"}
{"op_code":5,"worker_id":"03390d1d-9dbe-44ea-b50c-8910413720e7-127115480471040","trial_id":70,"param_name":"weight_decay","param_value_internal":3.490815724803104e-06,"distribution":"{\"name\": \"FloatDistribution\", \"attributes\": {\"step\": null, \"low\": 1e-06, \"high\": 0.01, \"log\": true}}"}
{"op_code":5,"worker_id":"03390d1d-9dbe-44ea-b50c-8910413720e7-127115480471040","trial_id":70,"param_name":"dropout","param_value_internal":0.013249942483004193,"distribution":"{\"name\": \"FloatDistribution\", \"attributes\": {\"step\": null, \"low\": 0.0, \"high\": 0.3, \"log\": false}}"}
{"op_code":5,"worker_id":"03390d1d-9dbe-44ea-b50c-8910413720e7-127115480471040","trial_id":70,"param_name":"patience","param_value_internal":5.0,"distribution":"{\"name\": \"IntDistribution\", \"attributes\": {\"log\": false, \"step\": 1, \"low\": 2, \"high\": 5}}"}
{"op_code":7,"worker_id":"fc071723-94a2-4a86-9e7d-bdfde0c69d2a-140268501722624","trial_id":63,"step":1,"intermediate_value":0.4010583387878682}
{"op_code":6,"worker_id":"fc071723-94a2-4a86-9e7d-bdfde0c69d2a-140268501722624","trial_id":63,"state":2,"values":[0.4010583387878682],"datetime_complete":"2026-08-19T23:48:37.448480"}
{"op_code":4,"worker_id":"fc071723-94a2-4a86-9e7d-bdfde0c69d2a-140268501722624","study_id":0,"datetime_start":"2026-08-19T23:48:37.453255"}
{"op_code":5,"worker_id":"fc071723-94a2-4a86-9e7d-bdfde0c69d2a-140268501722624","trial_id":71,"param_name":"lr","param_value_internal":9.965435546129677e-05,"distribution":"{\"name\": \"FloatDistribution\", \"attributes\": {\"step\": null, \"low\": 5e-06, \"high\": 0.0003, \"log\": true}}"}
{"op_code":5,"worker_id":"fc071723-94a2-4a86-9e7d-bdfde0c69d2a-140268501722624","trial_id":71,"param_name":"batch_size","param_value_internal":1,"distribution":"{\"name\": \"CategoricalDistribution\", \"attributes\": {\"choices\": [16, 32, 64]}}"}
{"op_code":5,"worker_id":"fc071723-94a2-4a86-9e7d-bdfde0c69d2a-140268501722624","trial_id":71,"param_name":"weight_decay","param_value_internal":3.563784377850071e-06,"distribution":"{\"name\": \"FloatDistribution\", \"attributes\": {\"step\": null, \"low\": 1e-06, \"high\": 0.01, \"log\": true}}"}
{"op_code":5,"worker_id":"fc071723-94a2-4a86-9e7d-bdfde0c69d2a-140268501722624","trial_id":71,"param_name":"dropout","param_value_internal":0.014896382043188583,"distribution":"{\"name\": \"FloatDistribution\", \"attributes\": {\"step\": null, \"low\": 0.0, \"high\": 0.3, \"log\": false}}"}
{"op_code":5,"worker_id":"fc071723-94a2-4a86-9e7d-bdfde0c69d2a-140268501722624","trial_id":71,"param_name":"patience","param_value_internal":5.0,"distribution":"{\"name\": \"IntDistribution\", \"attributes\": {\"log\": false, \"step\": 1, \"low\": 2, \"high\": 5}}"}
{"op_code":7,"worker_id":"d8159b67-1598-4530-8185-0b4e2f627deb-130265049986560","trial_id":52,"step":2,"intermediate_value":0.3811465687965395}
{"op_code":6,"worker_id":"d8159b67-1598-4530-8185-0b4e2f627deb-130265049986560","trial_id":52,"state":1,"values":[0.3811465687965395],"datetime_complete":"2026-08-19T23:48:42.751300"}
{"op_code":4,"worker_id":"d8159b67-1598-4530-8185-0b4e2f627deb-130265049986560","study_id":0,"datetime_start":"2026-08-19T23:48:42.756313"}
{"op_code":5,"worker_id":"d8159b67-1598-4530-8185-0b4e2f627deb-130265049986560","trial_id":72,"param_name":"lr","param_value_internal":4.83691899707816e-05,"distribution":"{\"name\": \"FloatDistribution\", \"attributes\": {\"step\": null, \"low\": 5e-06, \"high\": 0.0003, \"log\": true}}"}
{"op_code":5,"worker_id":"d8159b67-1598-4530-8185-0b4e2f627deb-130265049986560","trial_id":72,"param_name":"batch_size","param_value_internal":1,"distribution":"{\"name\": \"CategoricalDistribution\", \"attributes\": {\"choices\": [16, 32, 64]}}"}
{"op_code":5,"worker_id":"d8159b67-1598-4530-8185-0b4e2f627deb-130265049986560","trial_id":72,"param_name":"weight_decay","param_value_internal":3.4767480055760655e-06,"distribution":"{\"name\": \"FloatDistribution\", \"attributes\": {\"step\": null, \"low\": 1e-06, \"high\": 0.01, \"log\": true}}"}
{"op_code":5,"worker_id":"d8159b67-1598-4530-8185-0b4e2f627deb-130265049986560","trial_id":72,"param_name":"dropout","param_value_internal":0.015850955266547385,"distribution":"{\"name\": \"FloatDistribution\", \"attributes\": {\"step\": null, \"low\": 0.0, \"high\": 0.3, \"log\": false}}"}
{"op_code":5,"worker_id":"d8159b67-1598-4530-8185-0b4e2f627deb-130265049986560","trial_id":72,"param_name":"patience","param_value_internal":5.0,"distribution":"{\"name\": \"IntDistribution\", \"attributes\": {\"log\": false, \"step\": 1, \"low\": 2, \"high\": 5}}"}
{"op_code":7,"worker_id":"74d551b3-67cc-4333-90e4-967d1ed6fe3a-131316947674624","trial_id":53,"step":2,"intermediate_value":0.39010579212297525}
{"op_code":6,"worker_id":"74d551b3-67cc-4333-90e4-967d1ed6fe3a-131316947674624","trial_id":53,"state":1,"values":[0.39010579212297525],"datetime_complete":"2026-08-19T23:49:38.113816"}
{"op_code":4,"worker_id":"74d551b3-67cc-4333-90e4-967d1ed6fe3a-131316947674624","study_id":0,"datetime_start":"2026-08-19T23:49:38.118872"}
{"op_code":5,"worker_id":"74d551b3-67cc-4333-90e4-967d1ed6fe3a-131316947674624","trial_id":73,"param_name":"lr","param_value_internal":9.339387361370729e-05,"distribution":"{\"name\": \"FloatDistribution\", \"attributes\": {\"step\": null, \"low\": 5e-06, \"high\": 0.0003, \"log\": true}}"}
{"op_code":5,"worker_id":"74d551b3-67cc-4333-90e4-967d1ed6fe3a-131316947674624","trial_id":73,"param_name":"batch_size","param_value_internal":1,"distribution":"{\"name\": \"CategoricalDistribution\", \"attributes\": {\"choices\": [16, 32, 64]}}"}
{"op_code":5,"worker_id":"74d551b3-67cc-4333-90e4-967d1ed6fe3a-131316947674624","trial_id":73,"param_name":"weight_decay","param_value_internal":3.4540292452206004e-06,"distribution":"{\"name\": \"FloatDistribution\", \"attributes\": {\"step\": null, \"low\": 1e-06, \"high\": 0.01, \"log\": true}}"}
{"op_code":5,"worker_id":"74d551b3-67cc-4333-90e4-967d1ed6fe3a-131316947674624","trial_id":73,"param_name":"dropout","param_value_internal":0.013510086961157294,"distribution":"{\"name\": \"FloatDistribution\", \"attributes\": {\"step\": null, \"low\": 0.0, \"high\": 0.3, \"log\": false}}"}
{"op_code":5,"worker_id":"74d551b3-67cc-4333-90e4-967d1ed6fe3a-131316947674624","trial_id":73,"param_name":"patience","param_value_internal":5.0,"distribution":"{\"name\": \"IntDistribution\", \"attributes\": {\"log\": false, \"step\": 1, \"low\": 2, \"high\": 5}}"}
{"op_code":6,"worker_id":"74d551b3-67cc-4333-90e4-967d1ed6fe3a-131316947674624","trial_id":73,"state":3,"values":null,"datetime_complete":"2026-08-19T23:49:38.900422"}
{"op_code":4,"worker_id":"74d551b3-67cc-4333-90e4-967d1ed6fe3a-131316947674624","study_id":0,"datetime_start":"2026-08-19T23:49:38.912338"}
{"op_code":5,"worker_id":"74d551b3-67cc-4333-90e4-967d1ed6fe3a-131316947674624","trial_id":74,"param_name":"lr","param_value_internal":0.00010221142956147606,"distribution":"{\"name\": \"FloatDistribution\", \"attributes\": {\"step\": null, \"low\": 5e-06, \"high\": 0.0003, \"log\": true}}"}
{"op_code":5,"worker_id":"74d551b3-67cc-4333-90e4-967d1ed6fe3a-131316947674624","trial_id":74,"param_name":"batch_size","param_value_internal":1,"distribution":"{\"name\": \"CategoricalDistribution\", \"attributes\": {\"choices\": [16, 32, 64]}}"}
{"op_code":5,"worker_id":"74d551b3-67cc-4333-90e4-967d1ed6fe3a-131316947674624","trial_id":74,"param_name":"weight_decay","param_value_internal":3.570107756493307e-06,"distribution":"{\"name\": \"FloatDistribution\", \"attributes\": {\"step\": null, \"low\": 1e-06, \"high\": 0.01, \"log\": true}}"}
{"op_code":5,"worker_id":"74d551b3-67cc-4333-90e4-967d1ed6fe3a-131316947674624","trial_id":74,"param_name":"dropout","param_value_internal":0.01298963305604018,"distribution":"{\"name\": \"FloatDistribution\", \"attributes\": {\"step\": null, \"low\": 0.0, \"high\": 0.3, \"log\": false}}"}
{"op_code":5,"worker_id":"74d551b3-67cc-4333-90e4-967d1ed6fe3a-131316947674624","trial_id":74,"param_name":"patience","param_value_internal":5.0,"distribution":"{\"name\": \"IntDistribution\", \"attributes\": {\"log\": false, \"step\": 1, \"low\": 2, \"high\": 5}}"}
{"op_code":6,"worker_id":"74d551b3-67cc-4333-90e4-967d1ed6fe3a-131316947674624","trial_id":74,"state":3,"values":null,"datetime_complete":"2026-08-19T23:49:39.601011"}
{"op_code":4,"worker_id":"74d551b3-67cc-4333-90e4-967d1ed6fe3a-131316947674624","study_id":0,"datetime_start":"2026-08-19T23:49:39.608792"}
{"op_code":5,"worker_id":"74d551b3-67cc-4333-90e4-967d1ed6fe3a-131316947674624","trial_id":75,"param_name":"lr","param_value_internal":9.889771394152044e-05,"distribution":"{\"name\": \"FloatDistribution\", \"attributes\": {\"step\": null, \"low\": 5e-06, \"high\": 0.0003, \"log\": true}}"}
{"op_code":5,"worker_id":"74d551b3-67cc-4333-90e4-967d1ed6fe3a-131316947674624","trial_id":75,"param_name":"batch_size","param_value_internal":1,"distribution":"{\"name\": \"CategoricalDistribution\", \"attributes\": {\"choices\": [16, 32, 64]}}"}
{"op_code":5,"worker_id":"74d551b3-67cc-4333-90e4-967d1ed6fe3a-131316947674624","trial_id":75,"param_name":"weight_decay","param_value_internal":3.282186379910438e-06,"distribution":"{\"name\": \"FloatDistribution\", \"attributes\": {\"step\": null, \"low\": 1e-06, \"high\": 0.01, \"log\": true}}"}
{"op_code":5,"worker_id":"74d551b3-67cc-4333-90e4-967d1ed6fe3a-131316947674624","trial_id":75,"param_name":"dropout","param_value_internal":0.01068148505993746,"distribution":"{\"name\": \"FloatDistribution\", \"attributes\": {\"step\": null, \"low\": 0.0, \"high\": 0.3, \"log\": false}}"}
{"op_code":5,"worker_id":"74d551b3-67cc-4333-90e4-967d1ed6fe3a-131316947674624","trial_id":75,"param_name":"patience","param_value_internal":5.0,"distribution":"{\"name\": \"IntDistribution\", \"attributes\": {\"log\": false, \"step\": 1, \"low\": 2, \"high\": 5}}"}
{"op_code":6,"worker_id":"74d551b3-67cc-4333-90e4-967d1ed6fe3a-131316947674624","trial_id":75,"state":3,"values":null,"datetime_complete":"2026-08-19T23:49:40.307199"}
{"op_code":4,"worker_id":"74d551b3-67cc-4333-90e4-967d1ed6fe3a-131316947674624","study_id":0,"datetime_start":"2026-08-19T23:49:40.314664"}
{"op_code":5,"worker_id":"74d551b3-67cc-4333-90e4-967d1ed6fe3a-131316947674624","trial_id":76,"param_name":"lr","param_value_internal":0.00010182936992730824,"distribution":"{\"name\": \"FloatDistribution\", \"attributes\": {\"step\": null, \"low\": 5e-06, \"high\": 0.0003, \"log\": true}}"}
{"op_code":5,"worker_id":"74d551b3-67cc-4333-90e4-967d1ed6fe3a-131316947674624","trial_id":76,"param_name":"batch_size","param_value_internal":1,"distribution":"{\"name\": \"CategoricalDistribution\", \"attributes\": {\"choices\": [16, 32, 64]}}"}
{"op_code":5,"worker_id":"74d551b3-67cc-4333-90e4-967d1ed6fe3a-131316947674624","trial_id":76,"param_name":"weight_decay","param_value_internal":3.7051803888443048e-06,"distribution":"{\"name\": \"FloatDistribution\", \"attributes\": {\"step\": null, \"low\": 1e-06, \"high\": 0.01, \"log\": true}}"}
{"op_code":5,"worker_id":"74d551b3-67cc-4333-90e4-967d1ed6fe3a-131316947674624","trial_id":76,"param_name":"dropout","param_value_internal":0.015642858099902495,"distribution":"{\"name\": \"FloatDistribution\", \"attributes\": {\"step\": null, \"low\": 0.0, \"high\": 0.3, \"log\": false}}"}
{"op_code":5,"worker_id":"74d551b3-67cc-4333-90e4-967d1ed6fe3a-131316947674624","trial_id":76,"param_name":"patience","param_value_internal":5.0,"distribution":"{\"name\": \"IntDistribution\", \"attributes\": {\"log\": false, \"step\": 1, \"low\": 2, \"high\": 5}}"}
{"op_code":6,"worker_id":"74d551b3-67cc-4333-90e4-967d1ed6fe3a-131316947674624","trial_id":76,"state":3,"values":null,"datetime_complete":"2026-08-19T23:49:40.967347"}
{"op_code":4,"worker_id":"74d551b3-67cc-4333-90e4-967d1ed6fe3a-131316947674624","study_id":0,"datetime_start":"2026-08-19T23:49:40.974597"}
{"op_code":5,"worker_id":"74d551b3-67cc-4333-90e4-967d1ed6fe3a-131316947674624","trial_id":77,"param_name":"lr","param_value_internal":5.003240144231542e-05,"distribution":"{\"name\": \"FloatDistribution\", \"attributes\": {\"step\": null, \"low\": 5e-06, \"high\": 0.0003, \"log\": true}}"}
{"op_code":5,"worker_id":"74d551b3-67cc-4333-90e4-967d1ed6fe3a-131316947674624","trial_id":77,"param_name":"batch_size","param_value_internal":1,"distribution":"{\"name\": \"CategoricalDistribution\", \"attributes\": {\"choices\": [16, 32, 64]}}"}
{"op_code":5,"worker_id":"74d551b3-67cc-4333-90e4-967d1ed6fe3a-131316947674624","trial_id":77,"param_name":"weight_decay","param_value_internal":3.297880787626447e-06,"distribution":"{\"name\": \"FloatDistribution\", \"attributes\": {\"step\": null, \"low\": 1e-06, \"high\": 0.01, \"log\": true}}"}
{"op_code":5,"worker_id":"74d551b3-67cc-4333-90e4-967d1ed6fe3a-131316947674624","trial_id":77,"param_name":"dropout","param_value_internal":0.014330476918945383,"distribution":"{\"name\": \"FloatDistribution\", \"attributes\": {\"step\": null, \"low\": 0.0, \"high\": 0.3, \"log\": false}}"}
{"op_code":5,"worker_id":"74d551b3-67cc-4333-90e4-967d1ed6fe3a-131316947674624","trial_id":77,"param_name":"patience","param_value_internal":5.0,"distribution":"{\"name\": \"IntDistribution\", \"attributes\": {\"log\": false, \"step\": 1, \"low\": 2, \"high\": 5}}"}
{"op_code":6,"worker_id":"74d551b3-67cc-4333-90e4-967d1ed6fe3a-131316947674624","trial_id":77,"state":3,"values":null,"datetime_complete":"2026-08-19T23:49:41.650630"}
{"op_code":4,"worker_id":"74d551b3-67cc-4333-90e4-967d1ed6fe3a-131316947674624","study_id":0,"datetime_start":"2026-08-19T23:49:41.658007"}
{"op_code":5,"worker_id":"74d551b3-67cc-4333-90e4-967d1ed6fe3a-131316947674624","trial_id":78,"param_name":"lr","param_value_internal":5.050072050143503e-05,"distribution":"{\"name\": \"FloatDistribution\", \"attributes\": {\"step\": null, \"low\": 5e-06, \"high\": 0.0003, \"log\": true}}"}
{"op_code":5,"worker_id":"74d551b3-67cc-4333-90e4-967d1ed6fe3a-131316947674624","trial_id":78,"param_name":"batch_size","param_value_internal":1,"distribution":"{\"name\": \"CategoricalDistribution\", \"attributes\": {\"choices\": [16, 32, 64]}}"}
{"op_code":5,"worker_id":"74d551b3-67cc-4333-90e4-967d1ed6fe3a-131316947674624","trial_id":78,"param_name":"weight_decay","param_value_internal":3.4831521126236376e-06,"distribution":"{\"name\": \"FloatDistribution\", \"attributes\": {\"step\": null, \"low\": 1e-06, \"high\": 0.01, \"log\": true}}"}
{"op_code":5,"worker_id":"74d551b3-67cc-4333-90e4-967d1ed6fe3a-131316947674624","trial_id":78,"param_name":"dropout","param_value_internal":0.01516854542704647,"distribution":"{\"name\": \"FloatDistribution\", \"attributes\": {\"step\": null, \"low\": 0.0, \"high\": 0.3, \"log\": false}}"}
{"op_code":5,"worker_id":"74d551b3-67cc-4333-90e4-967d1ed6fe3a-131316947674624","trial_id":78,"param_name":"patience","param_value_internal":5.0,"distribution":"{\"name\": \"IntDistribution\", \"attributes\": {\"log\": false, \"step\": 1, \"low\": 2, \"high\": 5}}"}
{"op_code":6,"worker_id":"74d551b3-67cc-4333-90e4-967d1ed6fe3a-131316947674624","trial_id":78,"state":3,"values":null,"datetime_complete":"2026-08-19T23:49:42.336040"}
{"op_code":4,"worker_id":"74d551b3-67cc-4333-90e4-967d1ed6fe3a-131316947674624","study_id":0,"datetime_start":"2026-08-19T23:49:42.343553"}
{"op_code":5,"worker_id":"74d551b3-67cc-4333-90e4-967d1ed6fe3a-131316947674624","trial_id":79,"param_name":"lr","param_value_internal":0.00010162205137654226,"distribution":"{\"name\": \"FloatDistribution\", \"attributes\": {\"step\": null, \"low\": 5e-06, \"high\": 0.0003, \"log\": true}}"}
{"op_code":5,"worker_id":"74d551b3-67cc-4333-90e4-967d1ed6fe3a-131316947674624","trial_id":79,"param_name":"batch_size","param_value_internal":1,"distribution":"{\"name\": \"CategoricalDistribution\", \"attributes\": {\"choices\": [16, 32, 64]}}"}
{"op_code":5,"worker_id":"74d551b3-67cc-4333-90e4-967d1ed6fe3a-131316947674624","trial_id":79,"param_name":"weight_decay","param_value_internal":2.9194489873112603e-06,"distribution":"{\"name\": \"FloatDistribution\", \"attributes\": {\"step\": null, \"low\": 1e-06, \"high\": 0.01, \"log\": true}}"}
{"op_code":5,"worker_id":"74d551b3-67cc-4333-90e4-967d1ed6fe3a-131316947674624","trial_id":79,"param_name":"dropout","param_value_internal":0.01505260058640355,"distribution":"{\"name\": \"FloatDistribution\", \"attributes\": {\"step\": null, \"low\": 0.0, \"high\": 0.3, \"log\": false}}"}
{"op_code":5,"worker_id":"74d551b3-67cc-4333-90e4-967d1ed6fe3a-131316947674624","trial_id":79,"param_name":"patience","param_value_internal":5.0,"distribution":"{\"name\": \"IntDistribution\", \"attributes\": {\"log\": false, \"step\": 1, \"low\": 2, \"high\": 5}}"}
{"op_code":6,"worker_id":"74d551b3-67cc-4333-90e4-967d1ed6fe3a-131316947674624","trial_id":79,"state":3,"values":null,"datetime_complete":"2026-08-19T23:49:43.017324"}
{"op_code":4,"worker_id":"74d551b3-67cc-4333-90e4-967d1ed6fe3a-131316947674624","study_id":0,"datetime_start":"2026-08-19T23:49:43.024366"}
{"op_code":5,"worker_id":"74d551b3-67cc-4333-90e4-967d1ed6fe3a-131316947674624","trial_id":80,"param_name":"lr","param_value_internal":9.908559131509599e-05,"distribution":"{\"name\": \"FloatDistribution\", \"attributes\": {\"step\": null, \"low\": 5e-06, \"high\": 0.0003, \"log\": true}}"}
{"op_code":5,"worker_id":"74d551b3-67cc-4333-90e4-967d1ed6fe3a-131316947674624","trial_id":80,"param_name":"batch_size","param_value_internal":1,"distribution":"{\"name\": \"CategoricalDistribution\", \"attributes\": {\"choices\": [16, 32, 64]}}"}
{"op_code":5,"worker_id":"74d551b3-67cc-4333-90e4-967d1ed6fe3a-131316947674624","trial_id":80,"param_name":"weight_decay","param_value_internal":3.4940257858147675e-06,"distribution":"{\"name\": \"FloatDistribution\", \"attributes\": {\"step\": null, \"low\": 1e-06, \"high\": 0.01, \"log\": true}}"}
{"op_code":5,"worker_id":"74d551b3-67cc-4333-90e4-967d1ed6fe3a-131316947674624","trial_id":80,"param_name":"dropout","param_value_internal":0.01414551117962642,"distribution":"{\"name\": \"FloatDistribution\", \"attributes\": {\"step\": null, \"low\": 0.0, \"high\": 0.3, \"log\": false}}"}
{"op_code":5,"worker_id":"74d551b3-67cc-4333-90e4-967d1ed6fe3a-131316947674624","trial_id":80,"param_name":"patience","param_value_internal":5.0,"distribution":"{\"name\": \"IntDistribution\", \"attributes\": {\"log\": false, \"step\": 1, \"low\": 2, \"high\": 5}}"}
{"op_code":6,"worker_id":"74d551b3-67cc-4333-90e4-967d1ed6fe3a-131316947674624","trial_id":80,"state":3,"values":null,"datetime_complete":"2026-08-19T23:49:43.710906"}
{"op_code":4,"worker_id":"74d551b3-67cc-4333-90e4-967d1ed6fe3a-131316947674624","study_id":0,"datetime_start":"2026-08-19T23:49:43.718359"}
{"op_code":5,"worker_id":"74d551b3-67cc-4333-90e4-967d1ed6fe3a-131316947674624","trial_id":81,"param_name":"lr","param_value_internal":0.0001014913173916685,"distribution":"{\"name\": \"FloatDistribution\", \"attributes\": {\"step\": null, \"low\": 5e-06, \"high\": 0.0003, \"log\": true}}"}
{"op_code":5,"worker_id":"74d551b3-67cc-4333-90e4-967d1ed6fe3a-131316947674624","trial_id":81,"param_name":"batch_size","param_value_internal":1,"distribution":"{\"name\": \"CategoricalDistribution\", \"attributes\": {\"choices\": [16, 32, 64]}}"}
{"op_code":5,"worker_id":"74d551b3-67cc-4333-90e4-967d1ed6fe3a-131316947674624","trial_id":81,"param_name":"weight_decay","param_value_internal":3.1493086160499004e-06,"distribution":"{\"name\": \"FloatDistribution\", \"attributes\": {\"step\": null, \"low\": 1e-06, \"high\": 0.01, \"log\": true}}"}
{"op_code":5,"worker_id":"74d551b3-67cc-4333-90e4-967d1ed6fe3a-131316947674624","trial_id":81,"param_name":"dropout","param_value_internal":0.0135908039005731,"distribution":"{\"name\": \"FloatDistribution\", \"attributes\": {\"step\": null, \"low\": 0.0, \"high\": 0.3, \"log\": false}}"}
{"op_code":5,"worker_id":"74d551b3-67cc-4333-90e4-967d1ed6fe3a-131316947674624","trial_id":81,"param_name":"patience","param_value_internal":5.0,"distribution":"{\"name\": \"IntDistribution\", \"attributes\": {\"log\": false, \"step\": 1, \"low\": 2, \"high\": 5}}"}
{"op_code":6,"worker_id":"74d551b3-67cc-4333-90e4-967d1ed6fe3a-131316947674624","trial_id":81,"state":3,"values":null,"datetime_complete":"2026-08-19T23:49:44.470773"}
{"op_code":4,"worker_id":"74d551b3-67cc-4333-90e4-967d1ed6fe3a-131316947674624","study_id":0,"datetime_start":"2026-08-19T23:49:44.478281"}
{"op_code":5,"worker_id":"74d551b3-67cc-4333-90e4-967d1ed6fe3a-131316947674624","trial_id":82,"param_name":"lr","param_value_internal":5.1111372125158296e-05,"distribution":"{\"name\": \"FloatDistribution\", \"attributes\": {\"step\": null, \"low\": 5e-06, \"high\": 0.0003, \"log\": true}}"}
{"op_code":5,"worker_id":"74d551b3-67cc-4333-90e4-967d1ed6fe3a-131316947674624","trial_id":82,"param_name":"batch_size","param_value_internal":1,"distribution":"{\"name\": \"CategoricalDistribution\", \"attributes\": {\"choices\": [16, 32, 64]}}"}
{"op_code":5,"worker_id":"74d551b3-67cc-4333-90e4-967d1ed6fe3a-131316947674624","trial_id":82,"param_name":"weight_decay","param_value_internal":3.3437161475060112e-06,"distribution":"{\"name\": \"FloatDistribution\", \"attributes\": {\"step\": null, \"low\": 1e-06, \"high\": 0.01, \"log\": true}}"}
{"op_code":5,"worker_id":"74d551b3-67cc-4333-90e4-967d1ed6fe3a-131316947674624","trial_id":82,"param_name":"dropout","param_value_internal":0.015054437031395432,"distribution":"{\"name\": \"FloatDistribution\", \"attributes\": {\"step\": null, \"low\": 0.0, \"high\": 0.3, \"log\": false}}"}
{"op_code":5,"worker_id":"74d551b3-67cc-4333-90e4-967d1ed6fe3a-131316947674624","trial_id":82,"param_name":"patience","param_value_internal":5.0,"distribution":"{\"name\": \"IntDistribution\", \"attributes\": {\"log\": false, \"step\": 1, \"low\": 2, \"high\": 5}}"}
{"op_code":6,"worker_id":"74d551b3-67cc-4333-90e4-967d1ed6fe3a-131316947674624","trial_id":82,"state":3,"values":null,"datetime_complete":"2026-08-19T23:49:45.155942"}
{"op_code":4,"worker_id":"74d551b3-67cc-4333-90e4-967d1ed6fe3a-131316947674624","study_id":0,"datetime_start":"2026-08-19T23:49:45.164162"}
{"op_code":5,"worker_id":"74d551b3-67cc-4333-90e4-967d1ed6fe3a-131316947674624","trial_id":83,"param_name":"lr","param_value_internal":5.2051582569277446e-05,"distribution":"{\"name\": \"FloatDistribution\", \"attributes\": {\"step\": null, \"low\": 5e-06, \"high\": 0.0003, \"log\": true}}"}
{"op_code":5,"worker_id":"74d551b3-67cc-4333-90e4-967d1ed6fe3a-131316947674624","trial_id":83,"param_name":"batch_size","param_value_internal":1,"distribution":"{\"name\": \"CategoricalDistribution\", \"attributes\": {\"choices\": [16, 32, 64]}}"}
{"op_code":5,"worker_id":"74d551b3-67cc-4333-90e4-967d1ed6fe3a-131316947674624","trial_id":83,"param_name":"weight_decay","param_value_internal":3.5893232457103413e-06,"distribution":"{\"name\": \"FloatDistribution\", \"attributes\": {\"step\": null, \"low\": 1e-06, \"high\": 0.01, \"log\": true}}"}
{"op_code":5,"worker_id":"74d551b3-67cc-4333-90e4-967d1ed6fe3a-131316947674624","trial_id":83,"param_name":"dropout","param_value_internal":0.018174489381969864,"distribution":"{\"name\": \"FloatDistribution\", \"attributes\": {\"step\": null, \"low\": 0.0, \"high\": 0.3, \"log\": false}}"}
{"op_code":5,"worker_id":"74d551b3-67cc-4333-90e4-967d1ed6fe3a-131316947674624","trial_id":83,"param_name":"patience","param_value_internal":5.0,"distribution":"{\"name\": \"IntDistribution\", \"attributes\": {\"log\": false, \"step\": 1, \"low\": 2, \"high\": 5}}"}
{"op_code":6,"worker_id":"74d551b3-67cc-4333-90e4-967d1ed6fe3a-131316947674624","trial_id":83,"state":3,"values":null,"datetime_complete":"2026-08-19T23:49:45.857137"}
{"op_code":4,"worker_id":"74d551b3-67cc-4333-90e4-967d1ed6fe3a-131316947674624","study_id":0,"datetime_start":"2026-08-19T23:49:45.864608"}
{"op_code":5,"worker_id":"74d551b3-67cc-4333-90e4-967d1ed6fe3a-131316947674624","trial_id":84,"param_name":"lr","param_value_internal":5.210717006403306e-05,"distribution":"{\"name\": \"FloatDistribution\", \"attributes\": {\"step\": null, \"low\": 5e-06, \"high\": 0.0003, \"log\": true}}"}
{"op_code":5,"worker_id":"74d551b3-67cc-4333-90e4-967d1ed6fe3a-131316947674624","trial_id":84,"param_name":"batch_size","param_value_internal":1,"distribution":"{\"name\": \"CategoricalDistribution\", \"attributes\": {\"choices\": [16, 32, 64]}}"}
{"op_code":5,"worker_id":"74d551b3-67cc-4333-90e4-967d1ed6fe3a-131316947674624","trial_id":84,"param_name":"weight_decay","param_value_internal":3.355359602458696e-06,"distribution":"{\"name\": \"FloatDistribution\", \"attributes\": {\"step\": null, \"low\": 1e-06, \"high\": 0.01, \"log\": true}}"}
{"op_code":5,"worker_id":"74d551b3-67cc-4333-90e4-967d1ed6fe3a-131316947674624","trial_id":84,"param_name":"dropout","param_value_internal":0.010027714578871388,"distribution":"{\"name\": \"FloatDistribution\", \"attributes\": {\"step\": null, \"low\": 0.0, \"high\": 0.3, \"log\": false}}"}
{"op_code":5,"worker_id":"74d551b3-67cc-4333-90e4-967d1ed6fe3a-131316947674624","trial_id":84,"param_name":"patience","param_value_internal":5.0,"distribution":"{\"name\": \"IntDistribution\", \"attributes\": {\"log\": false, \"step\": 1, \"low\": 2, \"high\": 5}}"}
{"op_code":6,"worker_id":"74d551b3-67cc-4333-90e4-967d1ed6fe3a-131316947674624","trial_id":84,"state":3,"values":null,"datetime_complete":"2026-08-19T23:49:46.543903"}
{"op_code":4,"worker_id":"74d551b3-67cc-4333-90e4-967d1ed6fe3a-131316947674624","study_id":0,"datetime_start":"2026-08-19T23:49:46.551171"}
{"op_code":5,"worker_id":"74d551b3-67cc-4333-90e4-967d1ed6fe3a-131316947674624","trial_id":85,"param_name":"lr","param_value_internal":4.961854443134894e-05,"distribution":"{\"name\": \"FloatDistribution\", \"attributes\": {\"step\": null, \"low\": 5e-06, \"high\": 0.0003, \"log\": true}}"}
{"op_code":5,"worker_id":"74d551b3-67cc-4333-90e4-967d1ed6fe3a-131316947674624","trial_id":85,"param_name":"batch_size","param_value_internal":1,"distribution":"{\"name\": \"CategoricalDistribution\", \"attributes\": {\"choices\": [16, 32, 64]}}"}
{"op_code":5,"worker_id":"74d551b3-67cc-4333-90e4-967d1ed6fe3a-131316947674624","trial_id":85,"param_name":"weight_decay","param_value_internal":3.3021889523734853e-06,"distribution":"{\"name\": \"FloatDistribution\", \"attributes\": {\"step\": null, \"low\": 1e-06, \"high\": 0.01, \"log\": true}}"}
{"op_code":5,"worker_id":"74d551b3-67cc-4333-90e4-967d1ed6fe3a-131316947674624","trial_id":85,"param_name":"dropout","param_value_internal":0.019309847611071865,"distribution":"{\"name\": \"FloatDistribution\", \"attributes\": {\"step\": null, \"low\": 0.0, \"high\": 0.3, \"log\": false}}"}
{"op_code":5,"worker_id":"74d551b3-67cc-4333-90e4-967d1ed6fe3a-131316947674624","trial_id":85,"param_name":"patience","param_value_internal":5.0,"distribution":"{\"name\": \"IntDistribution\", \"attributes\": {\"log\": false, \"step\": 1, \"low\": 2, \"high\": 5}}"}
{"op_code":6,"worker_id":"74d551b3-67cc-4333-90e4-967d1ed6fe3a-131316947674624","trial_id":85,"state":3,"values":null,"datetime_complete":"2026-08-19T23:49:47.231382"}
{"op_code":4,"worker_id":"74d551b3-67cc-4333-90e4-967d1ed6fe3a-131316947674624","study_id":0,"datetime_start":"2026-08-19T23:49:47.238661"}
{"op_code":5,"worker_id":"74d551b3-67cc-4333-90e4-967d1ed6fe3a-131316947674624","trial_id":86,"param_name":"lr","param_value_internal":9.830112482704634e-05,"distribution":"{\"name\": \"FloatDistribution\", \"attributes\": {\"step\": null, \"low\": 5e-06, \"high\": 0.0003, \"log\": true}}"}
{"op_code":5,"worker_id":"74d551b3-67cc-4333-90e4-967d1ed6fe3a-131316947674624","trial_id":86,"param_name":"batch_size","param_value_internal":1,"distribution":"{\"name\": \"CategoricalDistribution\", \"attributes\": {\"choices\": [16, 32, 64]}}"}
{"op_code":5,"worker_id":"74d551b3-67cc-4333-90e4-967d1ed6fe3a-131316947674624","trial_id":86,"param_name":"weight_decay","param_value_internal":3.317141318641256e-06,"distribution":"{\"name\": \"FloatDistribution\", \"attributes\": {\"step\": null, \"low\": 1e-06, \"high\": 0.01, \"log\": true}}"}
{"op_code":5,"worker_id":"74d551b3-67cc-4333-90e4-967d1ed6fe3a-131316947674624","trial_id":86,"param_name":"dropout","param_value_internal":0.016404539832990953,"distribution":"{\"name\": \"FloatDistribution\", \"attributes\": {\"step\": null, \"low\": 0.0, \"high\": 0.3, \"log\": false}}"}
{"op_code":5,"worker_id":"74d551b3-67cc-4333-90e4-967d1ed6fe3a-131316947674624","trial_id":86,"param_name":"patience","param_value_internal":5.0,"distribution":"{\"name\": \"IntDistribution\", \"attributes\": {\"log\": false, \"step\": 1, \"low\": 2, \"high\": 5}}"}
{"op_code":6,"worker_id":"74d551b3-67cc-4333-90e4-967d1ed6fe3a-131316947674624","trial_id":86,"state":3,"values":null,"datetime_complete":"2026-08-19T23:49:47.914897"}
{"op_code":4,"worker_id":"74d551b3-67cc-4333-90e4-967d1ed6fe3a-131316947674624","study_id":0,"datetime_start":"2026-08-19T23:49:47.922319"}
{"op_code":5,"worker_id":"74d551b3-67cc-4333-90e4-967d1ed6fe3a-131316947674624","trial_id":87,"param_name":"lr","param_value_internal":9.983077011717528e-05,"distribution":"{\"name\": \"FloatDistribution\", \"attributes\": {\"step\": null, \"low\": 5e-06, \"high\": 0.0003, \"log\": true}}"}
{"op_code":5,"worker_id":"74d551b3-67cc-4333-90e4-967d1ed6fe3a-131316947674624","trial_id":87,"param_name":"batch_size","param_value_internal":1,"distribution":"{\"name\": \"CategoricalDistribution\", \"attributes\": {\"choices\": [16, 32, 64]}}"}
{"op_code":5,"worker_id":"74d551b3-67cc-4333-90e4-967d1ed6fe3a-131316947674624","trial_id":87,"param_name":"weight_decay","param_value_internal":4.0203921186781025e-06,"distribution":"{\"name\": \"FloatDistribution\", \"attributes\": {\"step\": null, \"low\": 1e-06, \"high\": 0.01, \"log\": true}}"}
{"op_code":5,"worker_id":"74d551b3-67cc-4333-90e4-967d1ed6fe3a-131316947674624","trial_id":87,"param_name":"dropout","param_value_internal":0.007869118697280575,"distribution":"{\"name\": \"FloatDistribution\", \"attributes\": {\"step\": null, \"low\": 0.0, \"high\": 0.3, \"log\": false}}"}
{"op_code":5,"worker_id":"74d551b3-67cc-4333-90e4-967d1ed6fe3a-131316947674624","trial_id":87,"param_name":"patience","param_value_internal":5.0,"distribution":"{\"name\": \"IntDistribution\", \"attributes\": {\"log\": false, \"step\": 1, \"low\": 2, \"high\": 5}}"}
{"op_code":6,"worker_id":"74d551b3-67cc-4333-90e4-967d1ed6fe3a-131316947674624","trial_id":87,"state":3,"values":null,"datetime_complete":"2026-08-19T23:49:48.608360"}
{"op_code":4,"worker_id":"74d551b3-67cc-4333-90e4-967d1ed6fe3a-131316947674624","study_id":0,"datetime_start":"2026-08-19T23:49:48.615648"}
{"op_code":5,"worker_id":"74d551b3-67cc-4333-90e4-967d1ed6fe3a-131316947674624","trial_id":88,"param_name":"lr","param_value_internal":4.906639260543875e-05,"distribution":"{\"name\": \"FloatDistribution\", \"attributes\": {\"step\": null, \"low\": 5e-06, \"high\": 0.0003, \"log\": true}}"}
{"op_code":5,"worker_id":"74d551b3-67cc-4333-90e4-967d1ed6fe3a-131316947674624","trial_id":88,"param_name":"batch_size","param_value_internal":1,"distribution":"{\"name\": \"CategoricalDistribution\", \"attributes\": {\"choices\": [16, 32, 64]}}"}
{"op_code":5,"worker_id":"74d551b3-67cc-4333-90e4-967d1ed6fe3a-131316947674624","trial_id":88,"param_name":"weight_decay","param_value_internal":3.518384244838629e-06,"distribution":"{\"name\": \"FloatDistribution\", \"attributes\": {\"step\": null, \"low\": 1e-06, \"high\": 0.01, \"log\": true}}"}
{"op_code":5,"worker_id":"74d551b3-67cc-4333-90e4-967d1ed6fe3a-131316947674624","trial_id":88,"param_name":"dropout","param_value_internal":0.011596488807317309,"distribution":"{\"name\": \"FloatDistribution\", \"attributes\": {\"step\": null, \"low\": 0.0, \"high\": 0.3, \"log\": false}}"}
{"op_code":5,"worker_id":"74d551b3-67cc-4333-90e4-967d1ed6fe3a-131316947674624","trial_id":88,"param_name":"patience","param_value_internal":5.0,"distribution":"{\"name\": \"IntDistribution\", \"attributes\": {\"log\": false, \"step\": 1, \"low\": 2, \"high\": 5}}"}
{"op_code":6,"worker_id":"74d551b3-67cc-4333-90e4-967d1ed6fe3a-131316947674624","trial_id":88,"state":3,"values":null,"datetime_complete":"2026-08-19T23:49:49.269788"}
{"op_code":4,"worker_id":"74d551b3-67cc-4333-90e4-967d1ed6fe3a-131316947674624","study_id":0,"datetime_start":"2026-08-19T23:49:49.277273"}
{"op_code":5,"worker_id":"74d551b3-67cc-4333-90e4-967d1ed6fe3a-131316947674624","trial_id":89,"param_name":"lr","param_value_internal":0.00010209380051733517,"distribution":"{\"name\": \"FloatDistribution\", \"attributes\": {\"step\": null, \"low\": 5e-06, \"high\": 0.0003, \"log\": true}}"}
{"op_code":5,"worker_id":"74d551b3-67cc-4333-90e4-967d1ed6fe3a-131316947674624","trial_id":89,"param_name":"batch_size","param_value_internal":1,"distribution":"{\"name\": \"CategoricalDistribution\", \"attributes\": {\"choices\": [16, 32, 64]}}"}
{"op_code":5,"worker_id":"74d551b3-67cc-4333-90e4-967d1ed6fe3a-131316947674624","trial_id":89,"param_name":"weight_decay","param_value_internal":3.5518428422610274e-06,"distribution":"{\"name\": \"FloatDistribution\", \"attributes\": {\"step\": null, \"low\": 1e-06, \"high\": 0.01, \"log\": true}}"}
{"op_code":5,"worker_id":"74d551b3-67cc-4333-90e4-967d1ed6fe3a-131316947674624","trial_id":89,"param_name":"dropout","param_value_internal":0.014044035708198732,"distribution":"{\"name\": \"FloatDistribution\", \"attributes\": {\"step\": null, \"low\": 0.0, \"high\": 0.3, \"log\": false}}"}
{"op_code":5,"worker_id":"74d551b3-67cc-4333-90e4-967d1ed6fe3a-131316947674624","trial_id":89,"param_name":"patience","param_value_internal":5.0,"distribution":"{\"name\": \"IntDistribution\", \"attributes\": {\"log\": false, \"step\": 1, \"low\": 2, \"high\": 5}}"}
{"op_code":6,"worker_id":"74d551b3-67cc-4333-90e4-967d1ed6fe3a-131316947674624","trial_id":89,"state":3,"values":null,"datetime_complete":"2026-08-19T23:49:49.957498"}
{"op_code":4,"worker_id":"74d551b3-67cc-4333-90e4-967d1ed6fe3a-131316947674624","study_id":0,"datetime_start":"2026-08-19T23:49:49.964806"}
{"op_code":5,"worker_id":"74d551b3-67cc-4333-90e4-967d1ed6fe3a-131316947674624","trial_id":90,"param_name":"lr","param_value_internal":9.785243946050625e-05,"distribution":"{\"name\": \"FloatDistribution\", \"attributes\": {\"step\": null, \"low\": 5e-06, \"high\": 0.0003, \"log\": true}}"}
{"op_code":5,"worker_id":"74d551b3-67cc-4333-90e4-967d1ed6fe3a-131316947674624","trial_id":90,"param_name":"batch_size","param_value_internal":1,"distribution":"{\"name\": \"CategoricalDistribution\", \"attributes\": {\"choices\": [16, 32, 64]}}"}
{"op_code":5,"worker_id":"74d551b3-67cc-4333-90e4-967d1ed6fe3a-131316947674624","trial_id":90,"param_name":"weight_decay","param_value_internal":3.11264711388824e-06,"distribution":"{\"name\": \"FloatDistribution\", \"attributes\": {\"step\": null, \"low\": 1e-06, \"high\": 0.01, \"log\": true}}"}
{"op_code":5,"worker_id":"74d551b3-67cc-4333-90e4-967d1ed6fe3a-131316947674624","trial_id":90,"param_name":"dropout","param_value_internal":0.01393346049899935,"distribution":"{\"name\": \"FloatDistribution\", \"attributes\": {\"step\": null, \"low\": 0.0, \"high\": 0.3, \"log\": false}}"}
{"op_code":5,"worker_id":"74d551b3-67cc-4333-90e4-967d1ed6fe3a-131316947674624","trial_id":90,"param_name":"patience","param_value_internal":5.0,"distribution":"{\"name\": \"IntDistribution\", \"attributes\": {\"log\": false, \"step\": 1, \"low\": 2, \"high\": 5}}"}
{"op_code":6,"worker_id":"74d551b3-67cc-4333-90e4-967d1ed6fe3a-131316947674624","trial_id":90,"state":3,"values":null,"datetime_complete":"2026-08-19T23:49:50.639275"}
{"op_code":4,"worker_id":"74d551b3-67cc-4333-90e4-967d1ed6fe3a-131316947674624","study_id":0,"datetime_start":"2026-08-19T23:49:50.646647"}
{"op_code":5,"worker_id":"74d551b3-67cc-4333-90e4-967d1ed6fe3a-131316947674624","trial_id":91,"param_name":"lr","param_value_internal":5.116855719327859e-05,"distribution":"{\"name\": \"FloatDistribution\", \"attributes\": {\"step\": null, \"low\": 5e-06, \"high\": 0.0003, \"log\": true}}"}
{"op_code":5,"worker_id":"74d551b3-67cc-4333-90e4-967d1ed6fe3a-131316947674624","trial_id":91,"param_name":"batch_size","param_value_internal":1,"distribution":"{\"name\": \"CategoricalDistribution\", \"attributes\": {\"choices\": [16, 32, 64]}}"}
{"op_code":5,"worker_id":"74d551b3-67cc-4333-90e4-967d1ed6fe3a-131316947674624","trial_id":91,"param_name":"weight_decay","param_value_internal":3.5486363608172678e-06,"distribution":"{\"name\": \"FloatDistribution\", \"attributes\": {\"step\": null, \"low\": 1e-06, \"high\": 0.01, \"log\": true}}"}
{"op_code":5,"worker_id":"74d551b3-67cc-4333-90e4-967d1ed6fe3a-131316947674624","trial_id":91,"param_name":"dropout","param_value_internal":0.013463701746857053,"distribution":"{\"name\": \"FloatDistribution\", \"attributes\": {\"step\": null, \"low\": 0.0, \"high\": 0.3, \"log\": false}}"}
{"op_code":5,"worker_id":"74d551b3-67cc-4333-90e4-967d1ed6fe3a-131316947674624","trial_id":91,"param_name":"patience","param_value_internal":5.0,"distribution":"{\"name\": \"IntDistribution\", \"attributes\": {\"log\": false, \"step\": 1, \"low\": 2, \"high\": 5}}"}
{"op_code":6,"worker_id":"74d551b3-67cc-4333-90e4-967d1ed6fe3a-131316947674624","trial_id":91,"state":3,"values":null,"datetime_complete":"2026-08-19T23:49:51.361571"}
{"op_code":7,"worker_id":"8e121434-d455-47e7-a812-6463efa1c5b8-129601631901184","trial_id":60,"step":1,"intermediate_value":0.4211641169257329}
{"op_code":6,"worker_id":"8e121434-d455-47e7-a812-6463efa1c5b8-129601631901184","trial_id":60,"state":2,"values":[0.4211641169257329],"datetime_complete":"2026-08-19T23:49:53.607898"}
{"op_code":4,"worker_id":"8e121434-d455-47e7-a812-6463efa1c5b8-129601631901184","study_id":0,"datetime_start":"2026-08-19T23:49:53.612784"}
{"op_code":5,"worker_id":"8e121434-d455-47e7-a812-6463efa1c5b8-129601631901184","trial_id":92,"param_name":"lr","param_value_internal":4.921130770024321e-05,"distribution":"{\"name\": \"FloatDistribution\", \"attributes\": {\"step\": null, \"low\": 5e-06, \"high\": 0.0003, \"log\": true}}"}
{"op_code":5,"worker_id":"8e121434-d455-47e7-a812-6463efa1c5b8-129601631901184","trial_id":92,"param_name":"batch_size","param_value_internal":1,"distribution":"{\"name\": \"CategoricalDistribution\", \"attributes\": {\"choices\": [16, 32, 64]}}"}
{"op_code":5,"worker_id":"8e121434-d455-47e7-a812-6463efa1c5b8-129601631901184","trial_id":92,"param_name":"weight_decay","param_value_internal":3.7757337023757055e-06,"distribution":"{\"name\": \"FloatDistribution\", \"attributes\": {\"step\": null, \"low\": 1e-06, \"high\": 0.01, \"log\": true}}"}
{"op_code":5,"worker_id":"8e121434-d455-47e7-a812-6463efa1c5b8-129601631901184","trial_id":92,"param_name":"dropout","param_value_internal":0.017721514854529496,"distribution":"{\"name\": \"FloatDistribution\", \"attributes\": {\"step\": null, \"low\": 0.0, \"high\": 0.3, \"log\": false}}"}
{"op_code":5,"worker_id":"8e121434-d455-47e7-a812-6463efa1c5b8-129601631901184","trial_id":92,"param_name":"patience","param_value_internal":5.0,"distribution":"{\"name\": \"IntDistribution\", \"attributes\": {\"log\": false, \"step\": 1, \"low\": 2, \"high\": 5}}"}
{"op_code":7,"worker_id":"679cf347-18f2-4a2e-a430-e12538a555a3-126265109607936","trial_id":62,"step":1,"intermediate_value":1.5173041400686085}
{"op_code":6,"worker_id":"679cf347-18f2-4a2e-a430-e12538a555a3-126265109607936","trial_id":62,"state":2,"values":[1.5173041400686085],"datetime_complete":"2026-08-19T23:50:02.827047"}
{"op_code":4,"worker_id":"679cf347-18f2-4a2e-a430-e12538a555a3-126265109607936","study_id":0,"datetime_start":"2026-08-19T23:50:02.831801"}
{"op_code":5,"worker_id":"679cf347-18f2-4a2e-a430-e12538a555a3-126265109607936","trial_id":93,"param_name":"lr","param_value_internal":5.0611079060039704e-05,"distribution":"{\"name\": \"FloatDistribution\", \"attributes\": {\"step\": null, \"low\": 5e-06, \"high\": 0.0003, \"log\": true}}"}
{"op_code":5,"worker_id":"679cf347-18f2-4a2e-a430-e12538a555a3-126265109607936","trial_id":93,"param_name":"batch_size","param_value_internal":1,"distribution":"{\"name\": \"CategoricalDistribution\", \"attributes\": {\"choices\": [16, 32, 64]}}"}
{"op_code":5,"worker_id":"679cf347-18f2-4a2e-a430-e12538a555a3-126265109607936","trial_id":93,"param_name":"weight_decay","param_value_internal":3.4860345994230684e-06,"distribution":"{\"name\": \"FloatDistribution\", \"attributes\": {\"step\": null, \"low\": 1e-06, \"high\": 0.01, \"log\": true}}"}
{"op_code":5,"worker_id":"679cf347-18f2-4a2e-a430-e12538a555a3-126265109607936","trial_id":93,"param_name":"dropout","param_value_internal":0.011893851504967284,"distribution":"{\"name\": \"FloatDistribution\", \"attributes\": {\"step\": null, \"low\": 0.0, \"high\": 0.3, \"log\": false}}"}
{"op_code":5,"worker_id":"679cf347-18f2-4a2e-a430-e12538a555a3-126265109607936","trial_id":93,"param_name":"patience","param_value_internal":5.0,"distribution":"{\"name\": \"IntDistribution\", \"attributes\": {\"log\": false, \"step\": 1, \"low\": 2, \"high\": 5}}"}
{"op_code":7,"worker_id":"86638fb0-284c-4fe6-bb33-ee29d2adb3be-137621019616768","trial_id":64,"step":1,"intermediate_value":0.40907738812156935}
{"op_code":6,"worker_id":"86638fb0-284c-4fe6-bb33-ee29d2adb3be-137621019616768","trial_id":64,"state":2,"values":[0.40907738812156935],"datetime_complete":"2026-08-19T23:50:47.435776"}
{"op_code":4,"worker_id":"86638fb0-284c-4fe6-bb33-ee29d2adb3be-137621019616768","study_id":0,"datetime_start":"2026-08-19T23:50:47.440277"}
{"op_code":5,"worker_id":"86638fb0-284c-4fe6-bb33-ee29d2adb3be-137621019616768","trial_id":94,"param_name":"lr","param_value_internal":9.9519975104961e-05,"distribution":"{\"name\": \"FloatDistribution\", \"attributes\": {\"step\": null, \"low\": 5e-06, \"high\": 0.0003, \"log\": true}}"}
{"op_code":5,"worker_id":"86638fb0-284c-4fe6-bb33-ee29d2adb3be-137621019616768","trial_id":94,"param_name":"batch_size","param_value_internal":1,"distribution":"{\"name\": \"CategoricalDistribution\", \"attributes\": {\"choices\": [16, 32, 64]}}"}
{"op_code":5,"worker_id":"86638fb0-284c-4fe6-bb33-ee29d2adb3be-137621019616768","trial_id":94,"param_name":"weight_decay","param_value_internal":3.3406405342759435e-06,"distribution":"{\"name\": \"FloatDistribution\", \"attributes\": {\"step\": null, \"low\": 1e-06, \"high\": 0.01, \"log\": true}}"}
{"op_code":5,"worker_id":"86638fb0-284c-4fe6-bb33-ee29d2adb3be-137621019616768","trial_id":94,"param_name":"dropout","param_value_internal":0.013062886890502327,"distribution":"{\"name\": \"FloatDistribution\", \"attributes\": {\"step\": null, \"low\": 0.0, \"high\": 0.3, \"log\": false}}"}
{"op_code":5,"worker_id":"86638fb0-284c-4fe6-bb33-ee29d2adb3be-137621019616768","trial_id":94,"param_name":"patience","param_value_internal":5.0,"distribution":"{\"name\": \"IntDistribution\", \"attributes\": {\"log\": false, \"step\": 1, \"low\": 2, \"high\": 5}}"}
{"op_code":7,"worker_id":"9e97f2a5-d018-4804-af09-446e3f976f45-127331980781056","trial_id":65,"step":1,"intermediate_value":0.3669372956022081}
{"op_code":7,"worker_id":"d5d9ede1-bcd4-481f-8816-9f3bfc2ae4f1-130087024510464","trial_id":56,"step":2,"intermediate_value":0.38457486896633575}
{"op_code":6,"worker_id":"d5d9ede1-bcd4-481f-8816-9f3bfc2ae4f1-130087024510464","trial_id":56,"state":1,"values":[0.38457486896633575],"datetime_complete":"2026-08-19T23:51:57.839903"}
{"op_code":4,"worker_id":"d5d9ede1-bcd4-481f-8816-9f3bfc2ae4f1-130087024510464","study_id":0,"datetime_start":"2026-08-19T23:51:57.844713"}
{"op_code":5,"worker_id":"d5d9ede1-bcd4-481f-8816-9f3bfc2ae4f1-130087024510464","trial_id":95,"param_name":"lr","param_value_internal":5.0232106905390664e-05,"distribution":"{\"name\": \"FloatDistribution\", \"attributes\": {\"step\": null, \"low\": 5e-06, \"high\": 0.0003, \"log\": true}}"}
{"op_code":5,"worker_id":"d5d9ede1-bcd4-481f-8816-9f3bfc2ae4f1-130087024510464","trial_id":95,"param_name":"batch_size","param_value_internal":1,"distribution":"{\"name\": \"CategoricalDistribution\", \"attributes\": {\"choices\": [16, 32, 64]}}"}
{"op_code":5,"worker_id":"d5d9ede1-bcd4-481f-8816-9f3bfc2ae4f1-130087024510464","trial_id":95,"param_name":"weight_decay","param_value_internal":3.1751883610306437e-06,"distribution":"{\"name\": \"FloatDistribution\", \"attributes\": {\"step\": null, \"low\": 1e-06, \"high\": 0.01, \"log\": true}}"}
{"op_code":5,"worker_id":"d5d9ede1-bcd4-481f-8816-9f3bfc2ae4f1-130087024510464","trial_id":95,"param_name":"dropout","param_value_internal":0.015899820073945907,"distribution":"{\"name\": \"FloatDistribution\", \"attributes\": {\"step\": null, \"low\": 0.0, \"high\": 0.3, \"log\": false}}"}
{"op_code":5,"worker_id":"d5d9ede1-bcd4-481f-8816-9f3bfc2ae4f1-130087024510464","trial_id":95,"param_name":"patience","param_value_internal":5.0,"distribution":"{\"name\": \"IntDistribution\", \"attributes\": {\"log\": false, \"step\": 1, \"low\": 2, \"high\": 5}}"}
{"op_code":7,"worker_id":"40bc7db2-faeb-462c-8398-1aab030ed339-128154193819136","trial_id":68,"step":1,"intermediate_value":0.38485715681279137}
{"op_code":7,"worker_id":"fc071723-94a2-4a86-9e7d-bdfde0c69d2a-140268501722624","trial_id":71,"step":1,"intermediate_value":0.40478402436733346}
{"op_code":6,"worker_id":"fc071723-94a2-4a86-9e7d-bdfde0c69d2a-140268501722624","trial_id":71,"state":2,"values":[0.40478402436733346],"datetime_complete":"2026-08-19T23:52:28.080764"}
{"op_code":4,"worker_id":"fc071723-94a2-4a86-9e7d-bdfde0c69d2a-140268501722624","study_id":0,"datetime_start":"2026-08-19T23:52:28.085674"}
{"op_code":5,"worker_id":"fc071723-94a2-4a86-9e7d-bdfde0c69d2a-140268501722624","trial_id":96,"param_name":"lr","param_value_internal":5.073346301821862e-05,"distribution":"{\"name\": \"FloatDistribution\", \"attributes\": {\"step\": null, \"low\": 5e-06, \"high\": 0.0003, \"log\": true}}"}
{"op_code":5,"worker_id":"fc071723-94a2-4a86-9e7d-bdfde0c69d2a-140268501722624","trial_id":96,"param_name":"batch_size","param_value_internal":1,"distribution":"{\"name\": \"CategoricalDistribution\", \"attributes\": {\"choices\": [16, 32, 64]}}"}
{"op_code":5,"worker_id":"fc071723-94a2-4a86-9e7d-bdfde0c69d2a-140268501722624","trial_id":96,"param_name":"weight_decay","param_value_internal":3.5417553652463048e-06,"distribution":"{\"name\": \"FloatDistribution\", \"attributes\": {\"step\": null, \"low\": 1e-06, \"high\": 0.01, \"log\": true}}"}
{"op_code":5,"worker_id":"fc071723-94a2-4a86-9e7d-bdfde0c69d2a-140268501722624","trial_id":96,"param_name":"dropout","param_value_internal":0.0010755053819829774,"distribution":"{\"name\": \"FloatDistribution\", \"attributes\": {\"step\": null, \"low\": 0.0, \"high\": 0.3, \"log\": false}}"}
{"op_code":5,"worker_id":"fc071723-94a2-4a86-9e7d-bdfde0c69d2a-140268501722624","trial_id":96,"param_name":"patience","param_value_internal":5.0,"distribution":"{\"name\": \"IntDistribution\", \"attributes\": {\"log\": false, \"step\": 1, \"low\": 2, \"high\": 5}}"}
{"op_code":7,"worker_id":"c2ed5631-5232-4419-9221-7c75593489a3-135269821588992","trial_id":66,"step":1,"intermediate_value":0.3689203809676848}
{"op_code":7,"worker_id":"9a8b9994-b7f8-45c0-883b-c8a222f6c0d6-137116887188992","trial_id":67,"step":1,"intermediate_value":0.3695792069606835}
{"op_code":7,"worker_id":"7d95b9da-d28a-4a61-9539-a7cadc394c27-137194481391104","trial_id":69,"step":1,"intermediate_value":0.3774663070396529}
{"op_code":7,"worker_id":"03390d1d-9dbe-44ea-b50c-8910413720e7-127115480471040","trial_id":70,"step":1,"intermediate_value":0.38075262537071647}
{"op_code":7,"worker_id":"d8159b67-1598-4530-8185-0b4e2f627deb-130265049986560","trial_id":72,"step":1,"intermediate_value":0.37044289010868453}
{"op_code":7,"worker_id":"8e121434-d455-47e7-a812-6463efa1c5b8-129601631901184","trial_id":92,"step":1,"intermediate_value":0.3757943559225197}
{"op_code":7,"worker_id":"679cf347-18f2-4a2e-a430-e12538a555a3-126265109607936","trial_id":93,"step":1,"intermediate_value":0.3758949957249198}
{"op_code":7,"worker_id":"86638fb0-284c-4fe6-bb33-ee29d2adb3be-137621019616768","trial_id":94,"step":1,"intermediate_value":0.3622241207553012}
{"op_code":7,"worker_id":"9e97f2a5-d018-4804-af09-446e3f976f45-127331980781056","trial_id":65,"step":2,"intermediate_value":0.36710023040424744}
{"op_code":6,"worker_id":"9e97f2a5-d018-4804-af09-446e3f976f45-127331980781056","trial_id":65,"state":1,"values":[0.36710023040424744],"datetime_complete":"2026-08-19T23:57:37.601112"}
{"op_code":4,"worker_id":"9e97f2a5-d018-4804-af09-446e3f976f45-127331980781056","study_id":0,"datetime_start":"2026-08-19T23:57:37.605822"}
{"op_code":5,"worker_id":"9e97f2a5-d018-4804-af09-446e3f976f45-127331980781056","trial_id":97,"param_name":"lr","param_value_internal":5.2837241251491775e-05,"distribution":"{\"name\": \"FloatDistribution\", \"attributes\": {\"step\": null, \"low\": 5e-06, \"high\": 0.0003, \"log\": true}}"}
{"op_code":5,"worker_id":"9e97f2a5-d018-4804-af09-446e3f976f45-127331980781056","trial_id":97,"param_name":"batch_size","param_value_internal":1,"distribution":"{\"name\": \"CategoricalDistribution\", \"attributes\": {\"choices\": [16, 32, 64]}}"}
{"op_code":5,"worker_id":"9e97f2a5-d018-4804-af09-446e3f976f45-127331980781056","trial_id":97,"param_name":"weight_decay","param_value_internal":3.5123967158378635e-06,"distribution":"{\"name\": \"FloatDistribution\", \"attributes\": {\"step\": null, \"low\": 1e-06, \"high\": 0.01, \"log\": true}}"}
{"op_code":5,"worker_id":"9e97f2a5-d018-4804-af09-446e3f976f45-127331980781056","trial_id":97,"param_name":"dropout","param_value_internal":0.017392591755098365,"distribution":"{\"name\": \"FloatDistribution\", \"attributes\": {\"step\": null, \"low\": 0.0, \"high\": 0.3, \"log\": false}}"}
{"op_code":5,"worker_id":"9e97f2a5-d018-4804-af09-446e3f976f45-127331980781056","trial_id":97,"param_name":"patience","param_value_internal":5.0,"distribution":"{\"name\": \"IntDistribution\", \"attributes\": {\"log\": false, \"step\": 1, \"low\": 2, \"high\": 5}}"}
{"op_code":7,"worker_id":"7d95b9da-d28a-4a61-9539-a7cadc394c27-137194481391104","trial_id":69,"step":2,"intermediate_value":0.3838340344657589}
{"op_code":6,"worker_id":"7d95b9da-d28a-4a61-9539-a7cadc394c27-137194481391104","trial_id":69,"state":1,"values":[0.3838340344657589],"datetime_complete":"2026-08-19T23:57:38.061619"}
{"op_code":4,"worker_id":"7d95b9da-d28a-4a61-9539-a7cadc394c27-137194481391104","study_id":0,"datetime_start":"2026-08-19T23:57:38.066090"}
{"op_code":5,"worker_id":"7d95b9da-d28a-4a61-9539-a7cadc394c27-137194481391104","trial_id":98,"param_name":"lr","param_value_internal":3.959772944706719e-05,"distribution":"{\"name\": \"FloatDistribution\", \"attributes\": {\"step\": null, \"low\": 5e-06, \"high\": 0.0003, \"log\": true}}"}
{"op_code":5,"worker_id":"7d95b9da-d28a-4a61-9539-a7cadc394c27-137194481391104","trial_id":98,"param_name":"batch_size","param_value_internal":1,"distribution":"{\"name\": \"CategoricalDistribution\", \"attributes\": {\"choices\": [16, 32, 64]}}"}
{"op_code":5,"worker_id":"7d95b9da-d28a-4a61-9539-a7cadc394c27-137194481391104","trial_id":98,"param_name":"weight_decay","param_value_internal":1.5157345334607236e-06,"distribution":"{\"name\": \"FloatDistribution\", \"attributes\": {\"step\": null, \"low\": 1e-06, \"high\": 0.01, \"log\": true}}"}
{"op_code":5,"worker_id":"7d95b9da-d28a-4a61-9539-a7cadc394c27-137194481391104","trial_id":98,"param_name":"dropout","param_value_internal":0.041665465761980915,"distribution":"{\"name\": \"FloatDistribution\", \"attributes\": {\"step\": null, \"low\": 0.0, \"high\": 0.3, \"log\": false}}"}
{"op_code":5,"worker_id":"7d95b9da-d28a-4a61-9539-a7cadc394c27-137194481391104","trial_id":98,"param_name":"patience","param_value_internal":5.0,"distribution":"{\"name\": \"IntDistribution\", \"attributes\": {\"log\": false, \"step\": 1, \"low\": 2, \"high\": 5}}"}
{"op_code":7,"worker_id":"d5d9ede1-bcd4-481f-8816-9f3bfc2ae4f1-130087024510464","trial_id":95,"step":1,"intermediate_value":0.37098722260535916}
{"op_code":7,"worker_id":"40bc7db2-faeb-462c-8398-1aab030ed339-128154193819136","trial_id":68,"step":2,"intermediate_value":0.3707389068494382}
{"op_code":6,"worker_id":"40bc7db2-faeb-462c-8398-1aab030ed339-128154193819136","trial_id":68,"state":1,"values":[0.3707389068494382],"datetime_complete":"2026-08-19T23:58:02.766884"}
{"op_code":4,"worker_id":"40bc7db2-faeb-462c-8398-1aab030ed339-128154193819136","study_id":0,"datetime_start":"2026-08-19T23:58:02.771658"}
{"op_code":5,"worker_id":"40bc7db2-faeb-462c-8398-1aab030ed339-128154193819136","trial_id":99,"param_name":"lr","param_value_internal":3.977354381076091e-05,"distribution":"{\"name\": \"FloatDistribution\", \"attributes\": {\"step\": null, \"low\": 5e-06, \"high\": 0.0003, \"log\": true}}"}
{"op_code":5,"worker_id":"40bc7db2-faeb-462c-8398-1aab030ed339-128154193819136","trial_id":99,"param_name":"batch_size","param_value_internal":1,"distribution":"{\"name\": \"CategoricalDistribution\", \"attributes\": {\"choices\": [16, 32, 64]}}"}
{"op_code":5,"worker_id":"40bc7db2-faeb-462c-8398-1aab030ed339-128154193819136","trial_id":99,"param_name":"weight_decay","param_value_internal":1.4911397984449396e-06,"distribution":"{\"name\": \"FloatDistribution\", \"attributes\": {\"step\": null, \"low\": 1e-06, \"high\": 0.01, \"log\": true}}"}
{"op_code":5,"worker_id":"40bc7db2-faeb-462c-8398-1aab030ed339-128154193819136","trial_id":99,"param_name":"dropout","param_value_internal":0.001081310927371102,"distribution":"{\"name\": \"FloatDistribution\", \"attributes\": {\"step\": null, \"low\": 0.0, \"high\": 0.3, \"log\": false}}"}
{"op_code":5,"worker_id":"40bc7db2-faeb-462c-8398-1aab030ed339-128154193819136","trial_id":99,"param_name":"patience","param_value_internal":5.0,"distribution":"{\"name\": \"IntDistribution\", \"attributes\": {\"log\": false, \"step\": 1, \"low\": 2, \"high\": 5}}"}
{"op_code":7,"worker_id":"fc071723-94a2-4a86-9e7d-bdfde0c69d2a-140268501722624","trial_id":96,"step":1,"intermediate_value":0.3759933340255215}
{"op_code":7,"worker_id":"c2ed5631-5232-4419-9221-7c75593489a3-135269821588992","trial_id":66,"step":2,"intermediate_value":0.3679573331963987}
{"op_code":6,"worker_id":"c2ed5631-5232-4419-9221-7c75593489a3-135269821588992","trial_id":66,"state":1,"values":[0.3679573331963987],"datetime_complete":"2026-08-19T23:59:34.305084"}
{"op_code":4,"worker_id":"c2ed5631-5232-4419-9221-7c75593489a3-135269821588992","study_id":0,"datetime_start":"2026-08-19T23:59:34.309813"}
{"op_code":5,"worker_id":"c2ed5631-5232-4419-9221-7c75593489a3-135269821588992","trial_id":100,"param_name":"lr","param_value_internal":4.0205842618431625e-05,"distribution":"{\"name\": \"FloatDistribution\", \"attributes\": {\"step\": null, \"low\": 5e-06, \"high\": 0.0003, \"log\": true}}"}
{"op_code":5,"worker_id":"c2ed5631-5232-4419-9221-7c75593489a3-135269821588992","trial_id":100,"param_name":"batch_size","param_value_internal":1,"distribution":"{\"name\": \"CategoricalDistribution\", \"attributes\": {\"choices\": [16, 32, 64]}}"}
{"op_code":5,"worker_id":"c2ed5631-5232-4419-9221-7c75593489a3-135269821588992","trial_id":100,"param_name":"weight_decay","param_value_internal":1.6112482363581326e-05,"distribution":"{\"name\": \"FloatDistribution\", \"attributes\": {\"step\": null, \"low\": 1e-06, \"high\": 0.01, \"log\": true}}"}
{"op_code":7,"worker_id":"9a8b9994-b7f8-45c0-883b-c8a222f6c0d6-137116887188992","trial_id":67,"step":2,"intermediate_value":0.3683271484123248}
{"op_code":5,"worker_id":"c2ed5631-5232-4419-9221-7c75593489a3-135269821588992","trial_id":100,"param_name":"dropout","param_value_internal":0.0009852266517603736,"distribution":"{\"name\": \"FloatDistribution\", \"attributes\": {\"step\": null, \"low\": 0.0, \"high\": 0.3, \"log\": false}}"}
{"op_code":6,"worker_id":"9a8b9994-b7f8-45c0-883b-c8a222f6c0d6-137116887188992","trial_id":67,"state":1,"values":[0.3683271484123248],"datetime_complete":"2026-08-19T23:59:34.339414"}
{"op_code":4,"worker_id":"9a8b9994-b7f8-45c0-883b-c8a222f6c0d6-137116887188992","study_id":0,"datetime_start":"2026-08-19T23:59:34.344318"}
{"op_code":5,"worker_id":"c2ed5631-5232-4419-9221-7c75593489a3-135269821588992","trial_id":100,"param_name":"patience","param_value_internal":5.0,"distribution":"{\"name\": \"IntDistribution\", \"attributes\": {\"log\": false, \"step\": 1, \"low\": 2, \"high\": 5}}"}
{"op_code":5,"worker_id":"9a8b9994-b7f8-45c0-883b-c8a222f6c0d6-137116887188992","trial_id":101,"param_name":"lr","param_value_internal":3.531490748199189e-05,"distribution":"{\"name\": \"FloatDistribution\", \"attributes\": {\"step\": null, \"low\": 5e-06, \"high\": 0.0003, \"log\": true}}"}
{"op_code":5,"worker_id":"9a8b9994-b7f8-45c0-883b-c8a222f6c0d6-137116887188992","trial_id":101,"param_name":"batch_size","param_value_internal":1,"distribution":"{\"name\": \"CategoricalDistribution\", \"attributes\": {\"choices\": [16, 32, 64]}}"}
{"op_code":5,"worker_id":"9a8b9994-b7f8-45c0-883b-c8a222f6c0d6-137116887188992","trial_id":101,"param_name":"weight_decay","param_value_internal":1.5286503933378657e-05,"distribution":"{\"name\": \"FloatDistribution\", \"attributes\": {\"step\": null, \"low\": 1e-06, \"high\": 0.01, \"log\": true}}"}
{"op_code":5,"worker_id":"9a8b9994-b7f8-45c0-883b-c8a222f6c0d6-137116887188992","trial_id":101,"param_name":"dropout","param_value_internal":0.0001961139497254974,"distribution":"{\"name\": \"FloatDistribution\", \"attributes\": {\"step\": null, \"low\": 0.0, \"high\": 0.3, \"log\": false}}"}
{"op_code":5,"worker_id":"9a8b9994-b7f8-45c0-883b-c8a222f6c0d6-137116887188992","trial_id":101,"param_name":"patience","param_value_internal":5.0,"distribution":"{\"name\": \"IntDistribution\", \"attributes\": {\"log\": false, \"step\": 1, \"low\": 2, \"high\": 5}}"}
{"op_code":7,"worker_id":"03390d1d-9dbe-44ea-b50c-8910413720e7-127115480471040","trial_id":70,"step":2,"intermediate_value":0.36809578441661617}
{"op_code":6,"worker_id":"03390d1d-9dbe-44ea-b50c-8910413720e7-127115480471040","trial_id":70,"state":1,"values":[0.36809578441661617],"datetime_complete":"2026-08-19T23:59:36.307404"}
{"op_code":4,"worker_id":"03390d1d-9dbe-44ea-b50c-8910413720e7-127115480471040","study_id":0,"datetime_start":"2026-08-19T23:59:36.312461"}
{"op_code":5,"worker_id":"03390d1d-9dbe-44ea-b50c-8910413720e7-127115480471040","trial_id":102,"param_name":"lr","param_value_internal":3.87181388892815e-05,"distribution":"{\"name\": \"FloatDistribution\", \"attributes\": {\"step\": null, \"low\": 5e-06, \"high\": 0.0003, \"log\": true}}"}
{"op_code":5,"worker_id":"03390d1d-9dbe-44ea-b50c-8910413720e7-127115480471040","trial_id":102,"param_name":"batch_size","param_value_internal":1,"distribution":"{\"name\": \"CategoricalDistribution\", \"attributes\": {\"choices\": [16, 32, 64]}}"}
{"op_code":5,"worker_id":"03390d1d-9dbe-44ea-b50c-8910413720e7-127115480471040","trial_id":102,"param_name":"weight_decay","param_value_internal":3.3251253965478236e-06,"distribution":"{\"name\": \"FloatDistribution\", \"attributes\": {\"step\": null, \"low\": 1e-06, \"high\": 0.01, \"log\": true}}"}
{"op_code":5,"worker_id":"03390d1d-9dbe-44ea-b50c-8910413720e7-127115480471040","trial_id":102,"param_name":"dropout","param_value_internal":0.0008905321735208915,"distribution":"{\"name\": \"FloatDistribution\", \"attributes\": {\"step\": null, \"low\": 0.0, \"high\": 0.3, \"log\": false}}"}
{"op_code":5,"worker_id":"03390d1d-9dbe-44ea-b50c-8910413720e7-127115480471040","trial_id":102,"param_name":"patience","param_value_internal":5.0,"distribution":"{\"name\": \"IntDistribution\", \"attributes\": {\"log\": false, \"step\": 1, \"low\": 2, \"high\": 5}}"}
{"op_code":7,"worker_id":"679cf347-18f2-4a2e-a430-e12538a555a3-126265109607936","trial_id":93,"step":2,"intermediate_value":0.37499806885086806}
{"op_code":6,"worker_id":"679cf347-18f2-4a2e-a430-e12538a555a3-126265109607936","trial_id":93,"state":1,"values":[0.37499806885086806],"datetime_complete":"2026-08-20T00:00:05.954332"}
{"op_code":4,"worker_id":"679cf347-18f2-4a2e-a430-e12538a555a3-126265109607936","study_id":0,"datetime_start":"2026-08-20T00:00:05.958944"}
{"op_code":5,"worker_id":"679cf347-18f2-4a2e-a430-e12538a555a3-126265109607936","trial_id":103,"param_name":"lr","param_value_internal":9.996258849905627e-05,"distribution":"{\"name\": \"FloatDistribution\", \"attributes\": {\"step\": null, \"low\": 5e-06, \"high\": 0.0003, \"log\": true}}"}
{"op_code":5,"worker_id":"679cf347-18f2-4a2e-a430-e12538a555a3-126265109607936","trial_id":103,"param_name":"batch_size","param_value_internal":1,"distribution":"{\"name\": \"CategoricalDistribution\", \"attributes\": {\"choices\": [16, 32, 64]}}"}
{"op_code":5,"worker_id":"679cf347-18f2-4a2e-a430-e12538a555a3-126265109607936","trial_id":103,"param_name":"weight_decay","param_value_internal":1.580761287589716e-05,"distribution":"{\"name\": \"FloatDistribution\", \"attributes\": {\"step\": null, \"low\": 1e-06, \"high\": 0.01, \"log\": true}}"}
{"op_code":5,"worker_id":"679cf347-18f2-4a2e-a430-e12538a555a3-126265109607936","trial_id":103,"param_name":"dropout","param_value_internal":0.11845646149780964,"distribution":"{\"name\": \"FloatDistribution\", \"attributes\": {\"step\": null, \"low\": 0.0, \"high\": 0.3, \"log\": false}}"}
{"op_code":5,"worker_id":"679cf347-18f2-4a2e-a430-e12538a555a3-126265109607936","trial_id":103,"param_name":"patience","param_value_internal":5.0,"distribution":"{\"name\": \"IntDistribution\", \"attributes\": {\"log\": false, \"step\": 1, \"low\": 2, \"high\": 5}}"}
{"op_code":7,"worker_id":"8e121434-d455-47e7-a812-6463efa1c5b8-129601631901184","trial_id":92,"step":2,"intermediate_value":0.38009009312876835}
{"op_code":6,"worker_id":"8e121434-d455-47e7-a812-6463efa1c5b8-129601631901184","trial_id":92,"state":1,"values":[0.38009009312876835],"datetime_complete":"2026-08-20T00:00:07.870894"}
{"op_code":4,"worker_id":"8e121434-d455-47e7-a812-6463efa1c5b8-129601631901184","study_id":0,"datetime_start":"2026-08-20T00:00:07.875636"}
{"op_code":5,"worker_id":"8e121434-d455-47e7-a812-6463efa1c5b8-129601631901184","trial_id":104,"param_name":"lr","param_value_internal":4.03731516512893e-05,"distribution":"{\"name\": \"FloatDistribution\", \"attributes\": {\"step\": null, \"low\": 5e-06, \"high\": 0.0003, \"log\": true}}"}
{"op_code":5,"worker_id":"8e121434-d455-47e7-a812-6463efa1c5b8-129601631901184","trial_id":104,"param_name":"batch_size","param_value_internal":1,"distribution":"{\"name\": \"CategoricalDistribution\", \"attributes\": {\"choices\": [16, 32, 64]}}"}
{"op_code":5,"worker_id":"8e121434-d455-47e7-a812-6463efa1c5b8-129601631901184","trial_id":104,"param_name":"weight_decay","param_value_internal":1.5658472145477585e-06,"distribution":"{\"name\": \"FloatDistribution\", \"attributes\": {\"step\": null, \"low\": 1e-06, \"high\": 0.01, \"log\": true}}"}
{"op_code":5,"worker_id":"8e121434-d455-47e7-a812-6463efa1c5b8-129601631901184","trial_id":104,"param_name":"dropout","param_value_internal":0.11413760425920755,"distribution":"{\"name\": \"FloatDistribution\", \"attributes\": {\"step\": null, \"low\": 0.0, \"high\": 0.3, \"log\": false}}"}
{"op_code":5,"worker_id":"8e121434-d455-47e7-a812-6463efa1c5b8-129601631901184","trial_id":104,"param_name":"patience","param_value_internal":5.0,"distribution":"{\"name\": \"IntDistribution\", \"attributes\": {\"log\": false, \"step\": 1, \"low\": 2, \"high\": 5}}"}
{"op_code":7,"worker_id":"d8159b67-1598-4530-8185-0b4e2f627deb-130265049986560","trial_id":72,"step":2,"intermediate_value":0.37277373547477377}
{"op_code":6,"worker_id":"d8159b67-1598-4530-8185-0b4e2f627deb-130265049986560","trial_id":72,"state":1,"values":[0.37277373547477377],"datetime_complete":"2026-08-20T00:00:12.336235"}
{"op_code":4,"worker_id":"d8159b67-1598-4530-8185-0b4e2f627deb-130265049986560","study_id":0,"datetime_start":"2026-08-20T00:00:12.341295"}
{"op_code":5,"worker_id":"d8159b67-1598-4530-8185-0b4e2f627deb-130265049986560","trial_id":105,"param_name":"lr","param_value_internal":3.5410283867918444e-05,"distribution":"{\"name\": \"FloatDistribution\", \"attributes\": {\"step\": null, \"low\": 5e-06, \"high\": 0.0003, \"log\": true}}"}
{"op_code":5,"worker_id":"d8159b67-1598-4530-8185-0b4e2f627deb-130265049986560","trial_id":105,"param_name":"batch_size","param_value_internal":1,"distribution":"{\"name\": \"CategoricalDistribution\", \"attributes\": {\"choices\": [16, 32, 64]}}"}
{"op_code":5,"worker_id":"d8159b67-1598-4530-8185-0b4e2f627deb-130265049986560","trial_id":105,"param_name":"weight_decay","param_value_internal":1.4389852599942448e-05,"distribution":"{\"name\": \"FloatDistribution\", \"attributes\": {\"step\": null, \"low\": 1e-06, \"high\": 0.01, \"log\": true}}"}
{"op_code":5,"worker_id":"d8159b67-1598-4530-8185-0b4e2f627deb-130265049986560","trial_id":105,"param_name":"dropout","param_value_internal":0.0028942683055128357,"distribution":"{\"name\": \"FloatDistribution\", \"attributes\": {\"step\": null, \"low\": 0.0, \"high\": 0.3, \"log\": false}}"}
{"op_code":5,"worker_id":"d8159b67-1598-4530-8185-0b4e2f627deb-130265049986560","trial_id":105,"param_name":"patience","param_value_internal":5.0,"distribution":"{\"name\": \"IntDistribution\", \"attributes\": {\"log\": false, \"step\": 1, \"low\": 2, \"high\": 5}}"}
{"op_code":7,"worker_id":"86638fb0-284c-4fe6-bb33-ee29d2adb3be-137621019616768","trial_id":94,"step":2,"intermediate_value":0.3633829690018508}
{"op_code":6,"worker_id":"86638fb0-284c-4fe6-bb33-ee29d2adb3be-137621019616768","trial_id":94,"state":1,"values":[0.3633829690018508],"datetime_complete":"2026-08-20T00:02:28.627549"}
{"op_code":4,"worker_id":"86638fb0-284c-4fe6-bb33-ee29d2adb3be-137621019616768","study_id":0,"datetime_start":"2026-08-20T00:02:28.632582"}
{"op_code":5,"worker_id":"86638fb0-284c-4fe6-bb33-ee29d2adb3be-137621019616768","trial_id":106,"param_name":"lr","param_value_internal":3.753905298670993e-05,"distribution":"{\"name\": \"FloatDistribution\", \"attributes\": {\"step\": null, \"low\": 5e-06, \"high\": 0.0003, \"log\": true}}"}
{"op_code":5,"worker_id":"86638fb0-284c-4fe6-bb33-ee29d2adb3be-137621019616768","trial_id":106,"param_name":"batch_size","param_value_internal":1,"distribution":"{\"name\": \"CategoricalDistribution\", \"attributes\": {\"choices\": [16, 32, 64]}}"}
{"op_code":5,"worker_id":"86638fb0-284c-4fe6-bb33-ee29d2adb3be-137621019616768","trial_id":106,"param_name":"weight_decay","param_value_internal":1.5964030697289903e-06,"distribution":"{\"name\": \"FloatDistribution\", \"attributes\": {\"step\": null, \"low\": 1e-06, \"high\": 0.01, \"log\": true}}"}
{"op_code":5,"worker_id":"86638fb0-284c-4fe6-bb33-ee29d2adb3be-137621019616768","trial_id":106,"param_name":"dropout","param_value_internal":0.0006267378279668709,"distribution":"{\"name\": \"FloatDistribution\", \"attributes\": {\"step\": null, \"low\": 0.0, \"high\": 0.3, \"log\": false}}"}
{"op_code":5,"worker_id":"86638fb0-284c-4fe6-bb33-ee29d2adb3be-137621019616768","trial_id":106,"param_name":"patience","param_value_internal":5.0,"distribution":"{\"name\": \"IntDistribution\", \"attributes\": {\"log\": false, \"step\": 1, \"low\": 2, \"high\": 5}}"}
{"op_code":7,"worker_id":"679cf347-18f2-4a2e-a430-e12538a555a3-126265109607936","trial_id":103,"step":1,"intermediate_value":0.41723957872190287}
{"op_code":6,"worker_id":"679cf347-18f2-4a2e-a430-e12538a555a3-126265109607936","trial_id":103,"state":2,"values":[0.41723957872190287],"datetime_complete":"2026-08-20T00:03:11.803502"}
{"op_code":4,"worker_id":"679cf347-18f2-4a2e-a430-e12538a555a3-126265109607936","study_id":0,"datetime_start":"2026-08-20T00:03:11.808122"}
{"op_code":5,"worker_id":"679cf347-18f2-4a2e-a430-e12538a555a3-126265109607936","trial_id":107,"param_name":"lr","param_value_internal":3.458957570902072e-05,"distribution":"{\"name\": \"FloatDistribution\", \"attributes\": {\"step\": null, \"low\": 5e-06, \"high\": 0.0003, \"log\": true}}"}
{"op_code":5,"worker_id":"679cf347-18f2-4a2e-a430-e12538a555a3-126265109607936","trial_id":107,"param_name":"batch_size","param_value_internal":1,"distribution":"{\"name\": \"CategoricalDistribution\", \"attributes\": {\"choices\": [16, 32, 64]}}"}
{"op_code":5,"worker_id":"679cf347-18f2-4a2e-a430-e12538a555a3-126265109607936","trial_id":107,"param_name":"weight_decay","param_value_internal":1.4253011512876898e-06,"distribution":"{\"name\": \"FloatDistribution\", \"attributes\": {\"step\": null, \"low\": 1e-06, \"high\": 0.01, \"log\": true}}"}
{"op_code":5,"worker_id":"679cf347-18f2-4a2e-a430-e12538a555a3-126265109607936","trial_id":107,"param_name":"dropout","param_value_internal":0.004652109203278958,"distribution":"{\"name\": \"FloatDistribution\", \"attributes\": {\"step\": null, \"low\": 0.0, \"high\": 0.3, \"log\": false}}"}
{"op_code":5,"worker_id":"679cf347-18f2-4a2e-a430-e12538a555a3-126265109607936","trial_id":107,"param_name":"patience","param_value_internal":5.0,"distribution":"{\"name\": \"IntDistribution\", \"attributes\": {\"log\": false, \"step\": 1, \"low\": 2, \"high\": 5}}"}
{"op_code":7,"worker_id":"7d95b9da-d28a-4a61-9539-a7cadc394c27-137194481391104","trial_id":98,"step":1,"intermediate_value":0.3720614320737782}
{"op_code":7,"worker_id":"9e97f2a5-d018-4804-af09-446e3f976f45-127331980781056","trial_id":97,"step":1,"intermediate_value":0.37285420387484364}
{"op_code":7,"worker_id":"d5d9ede1-bcd4-481f-8816-9f3bfc2ae4f1-130087024510464","trial_id":95,"step":2,"intermediate_value":0.36722554700824395}
{"op_code":6,"worker_id":"d5d9ede1-bcd4-481f-8816-9f3bfc2ae4f1-130087024510464","trial_id":95,"state":1,"values":[0.36722554700824395],"datetime_complete":"2026-08-20T00:03:42.211270"}
{"op_code":4,"worker_id":"d5d9ede1-bcd4-481f-8816-9f3bfc2ae4f1-130087024510464","study_id":0,"datetime_start":"2026-08-20T00:03:42.216204"}
{"op_code":5,"worker_id":"d5d9ede1-bcd4-481f-8816-9f3bfc2ae4f1-130087024510464","trial_id":108,"param_name":"lr","param_value_internal":3.764927725190771e-05,"distribution":"{\"name\": \"FloatDistribution\", \"attributes\": {\"step\": null, \"low\": 5e-06, \"high\": 0.0003, \"log\": true}}"}
{"op_code":5,"worker_id":"d5d9ede1-bcd4-481f-8816-9f3bfc2ae4f1-130087024510464","trial_id":108,"param_name":"batch_size","param_value_internal":1,"distribution":"{\"name\": \"CategoricalDistribution\", \"attributes\": {\"choices\": [16, 32, 64]}}"}
{"op_code":5,"worker_id":"d5d9ede1-bcd4-481f-8816-9f3bfc2ae4f1-130087024510464","trial_id":108,"param_name":"weight_decay","param_value_internal":1.6818683638815828e-06,"distribution":"{\"name\": \"FloatDistribution\", \"attributes\": {\"step\": null, \"low\": 1e-06, \"high\": 0.01, \"log\": true}}"}
{"op_code":5,"worker_id":"d5d9ede1-bcd4-481f-8816-9f3bfc2ae4f1-130087024510464","trial_id":108,"param_name":"dropout","param_value_internal":0.021229835141549105,"distribution":"{\"name\": \"FloatDistribution\", \"attributes\": {\"step\": null, \"low\": 0.0, \"high\": 0.3, \"log\": false}}"}
{"op_code":5,"worker_id":"d5d9ede1-bcd4-481f-8816-9f3bfc2ae4f1-130087024510464","trial_id":108,"param_name":"patience","param_value_internal":5.0,"distribution":"{\"name\": \"IntDistribution\", \"attributes\": {\"log\": false, \"step\": 1, \"low\": 2, \"high\": 5}}"}
{"op_code":7,"worker_id":"40bc7db2-faeb-462c-8398-1aab030ed339-128154193819136","trial_id":99,"step":1,"intermediate_value":0.37466470118726947}
{"op_code":7,"worker_id":"fc071723-94a2-4a86-9e7d-bdfde0c69d2a-140268501722624","trial_id":96,"step":2,"intermediate_value":0.3666869307044306}
{"op_code":6,"worker_id":"fc071723-94a2-4a86-9e7d-bdfde0c69d2a-140268501722624","trial_id":96,"state":1,"values":[0.3666869307044306],"datetime_complete":"2026-08-20T00:03:58.884993"}
{"op_code":4,"worker_id":"fc071723-94a2-4a86-9e7d-bdfde0c69d2a-140268501722624","study_id":0,"datetime_start":"2026-08-20T00:03:58.889962"}
{"op_code":5,"worker_id":"fc071723-94a2-4a86-9e7d-bdfde0c69d2a-140268501722624","trial_id":109,"param_name":"lr","param_value_internal":4.0613105251684395e-05,"distribution":"{\"name\": \"FloatDistribution\", \"attributes\": {\"step\": null, \"low\": 5e-06, \"high\": 0.0003, \"log\": true}}"}
{"op_code":5,"worker_id":"fc071723-94a2-4a86-9e7d-bdfde0c69d2a-140268501722624","trial_id":109,"param_name":"batch_size","param_value_internal":1,"distribution":"{\"name\": \"CategoricalDistribution\", \"attributes\": {\"choices\": [16, 32, 64]}}"}
{"op_code":5,"worker_id":"fc071723-94a2-4a86-9e7d-bdfde0c69d2a-140268501722624","trial_id":109,"param_name":"weight_decay","param_value_internal":1.5329545323396774e-06,"distribution":"{\"name\": \"FloatDistribution\", \"attributes\": {\"step\": null, \"low\": 1e-06, \"high\": 0.01, \"log\": true}}"}
{"op_code":5,"worker_id":"fc071723-94a2-4a86-9e7d-bdfde0c69d2a-140268501722624","trial_id":109,"param_name":"dropout","param_value_internal":0.0025354468575068683,"distribution":"{\"name\": \"FloatDistribution\", \"attributes\": {\"step\": null, \"low\": 0.0, \"high\": 0.3, \"log\": false}}"}
{"op_code":5,"worker_id":"fc071723-94a2-4a86-9e7d-bdfde0c69d2a-140268501722624","trial_id":109,"param_name":"patience","param_value_internal":5.0,"distribution":"{\"name\": \"IntDistribution\", \"attributes\": {\"log\": false, \"step\": 1, \"low\": 2, \"high\": 5}}"}
{"op_code":7,"worker_id":"03390d1d-9dbe-44ea-b50c-8910413720e7-127115480471040","trial_id":102,"step":1,"intermediate_value":0.38148132574490023}
{"op_code":7,"worker_id":"d8159b67-1598-4530-8185-0b4e2f627deb-130265049986560","trial_id":105,"step":1,"intermediate_value":0.3771635770132432}
{"op_code":7,"worker_id":"8e121434-d455-47e7-a812-6463efa1c5b8-129601631901184","trial_id":104,"step":1,"intermediate_value":0.37252242599251745}
{"op_code":7,"worker_id":"9a8b9994-b7f8-45c0-883b-c8a222f6c0d6-137116887188992","trial_id":101,"step":1,"intermediate_value":0.3711134822392563}
{"op_code":7,"worker_id":"c2ed5631-5232-4419-9221-7c75593489a3-135269821588992","trial_id":100,"step":1,"intermediate_value":0.37984156255249646}
{"op_code":7,"worker_id":"86638fb0-284c-4fe6-bb33-ee29d2adb3be-137621019616768","trial_id":106,"step":1,"intermediate_value":0.3743517186155788}
{"op_code":7,"worker_id":"679cf347-18f2-4a2e-a430-e12538a555a3-126265109607936","trial_id":107,"step":1,"intermediate_value":0.37035937825270054}
{"op_code":7,"worker_id":"7d95b9da-d28a-4a61-9539-a7cadc394c27-137194481391104","trial_id":98,"step":2,"intermediate_value":0.37471915436040526}
{"op_code":6,"worker_id":"7d95b9da-d28a-4a61-9539-a7cadc394c27-137194481391104","trial_id":98,"state":1,"values":[0.37471915436040526],"datetime_complete":"2026-08-20T00:09:09.954409"}
{"op_code":4,"worker_id":"7d95b9da-d28a-4a61-9539-a7cadc394c27-137194481391104","study_id":0,"datetime_start":"2026-08-20T00:09:09.959176"}
{"op_code":5,"worker_id":"7d95b9da-d28a-4a61-9539-a7cadc394c27-137194481391104","trial_id":110,"param_name":"lr","param_value_internal":3.42276972066232e-05,"distribution":"{\"name\": \"FloatDistribution\", \"attributes\": {\"step\": null, \"low\": 5e-06, \"high\": 0.0003, \"log\": true}}"}
{"op_code":5,"worker_id":"7d95b9da-d28a-4a61-9539-a7cadc394c27-137194481391104","trial_id":110,"param_name":"batch_size","param_value_internal":1,"distribution":"{\"name\": \"CategoricalDistribution\", \"attributes\": {\"choices\": [16, 32, 64]}}"}
{"op_code":5,"worker_id":"7d95b9da-d28a-4a61-9539-a7cadc394c27-137194481391104","trial_id":110,"param_name":"weight_decay","param_value_internal":1.6773728294881439e-06,"distribution":"{\"name\": \"FloatDistribution\", \"attributes\": {\"step\": null, \"low\": 1e-06, \"high\": 0.01, \"log\": true}}"}
{"op_code":5,"worker_id":"7d95b9da-d28a-4a61-9539-a7cadc394c27-137194481391104","trial_id":110,"param_name":"dropout","param_value_internal":0.022315287991127166,"distribution":"{\"name\": \"FloatDistribution\", \"attributes\": {\"step\": null, \"low\": 0.0, \"high\": 0.3, \"log\": false}}"}
{"op_code":5,"worker_id":"7d95b9da-d28a-4a61-9539-a7cadc394c27-137194481391104","trial_id":110,"param_name":"patience","param_value_internal":5.0,"distribution":"{\"name\": \"IntDistribution\", \"attributes\": {\"log\": false, \"step\": 1, \"low\": 2, \"high\": 5}}"}
{"op_code":7,"worker_id":"03390d1d-9dbe-44ea-b50c-8910413720e7-127115480471040","trial_id":102,"step":2,"intermediate_value":0.37602573408989837}
{"op_code":6,"worker_id":"03390d1d-9dbe-44ea-b50c-8910413720e7-127115480471040","trial_id":102,"state":1,"values":[0.37602573408989837],"datetime_complete":"2026-08-20T00:09:10.992219"}
{"op_code":4,"worker_id":"03390d1d-9dbe-44ea-b50c-8910413720e7-127115480471040","study_id":0,"datetime_start":"2026-08-20T00:09:10.996744"}
{"op_code":5,"worker_id":"03390d1d-9dbe-44ea-b50c-8910413720e7-127115480471040","trial_id":111,"param_name":"lr","param_value_internal":6.051976939728595e-05,"distribution":"{\"name\": \"FloatDistribution\", \"attributes\": {\"step\": null, \"low\": 5e-06, \"high\": 0.0003, \"log\": true}}"}
{"op_code":5,"worker_id":"03390d1d-9dbe-44ea-b50c-8910413720e7-127115480471040","trial_id":111,"param_name":"batch_size","param_value_internal":1,"distribution":"{\"name\": \"CategoricalDistribution\", \"attributes\": {\"choices\": [16, 32, 64]}}"}
{"op_code":5,"worker_id":"03390d1d-9dbe-44ea-b50c-8910413720e7-127115480471040","trial_id":111,"param_name":"weight_decay","param_value_internal":1.5416362355411446e-06,"distribution":"{\"name\": \"FloatDistribution\", \"attributes\": {\"step\": null, \"low\": 1e-06, \"high\": 0.01, \"log\": true}}"}
{"op_code":5,"worker_id":"03390d1d-9dbe-44ea-b50c-8910413720e7-127115480471040","trial_id":111,"param_name":"dropout","param_value_internal":0.0222744663791593,"distribution":"{\"name\": \"FloatDistribution\", \"attributes\": {\"step\": null, \"low\": 0.0, \"high\": 0.3, \"log\": false}}"}
{"op_code":5,"worker_id":"03390d1d-9dbe-44ea-b50c-8910413720e7-127115480471040","trial_id":111,"param_name":"patience","param_value_internal":5.0,"distribution":"{\"name\": \"IntDistribution\", \"attributes\": {\"log\": false, \"step\": 1, \"low\": 2, \"high\": 5}}"}
{"op_code":7,"worker_id":"9e97f2a5-d018-4804-af09-446e3f976f45-127331980781056","trial_id":97,"step":2,"intermediate_value":0.37021944388982575}
{"op_code":6,"worker_id":"9e97f2a5-d018-4804-af09-446e3f976f45-127331980781056","trial_id":97,"state":1,"values":[0.37021944388982575],"datetime_complete":"2026-08-20T00:09:15.205914"}
{"op_code":4,"worker_id":"9e97f2a5-d018-4804-af09-446e3f976f45-127331980781056","study_id":0,"datetime_start":"2026-08-20T00:09:15.210558"}
{"op_code":5,"worker_id":"9e97f2a5-d018-4804-af09-446e3f976f45-127331980781056","trial_id":112,"param_name":"lr","param_value_internal":5.9905636954008604e-05,"distribution":"{\"name\": \"FloatDistribution\", \"attributes\": {\"step\": null, \"low\": 5e-06, \"high\": 0.0003, \"log\": true}}"}
{"op_code":5,"worker_id":"9e97f2a5-d018-4804-af09-446e3f976f45-127331980781056","trial_id":112,"param_name":"batch_size","param_value_internal":1,"distribution":"{\"name\": \"CategoricalDistribution\", \"attributes\": {\"choices\": [16, 32, 64]}}"}
{"op_code":5,"worker_id":"9e97f2a5-d018-4804-af09-446e3f976f45-127331980781056","trial_id":112,"param_name":"weight_decay","param_value_internal":1.6307519445019556e-06,"distribution":"{\"name\": \"FloatDistribution\", \"attributes\": {\"step\": null, \"low\": 1e-06, \"high\": 0.01, \"log\": true}}"}
{"op_code":5,"worker_id":"9e97f2a5-d018-4804-af09-446e3f976f45-127331980781056","trial_id":112,"param_name":"dropout","param_value_internal":0.0017800471966970838,"distribution":"{\"name\": \"FloatDistribution\", \"attributes\": {\"step\": null, \"low\": 0.0, \"high\": 0.3, \"log\": false}}"}
{"op_code":5,"worker_id":"9e97f2a5-d018-4804-af09-446e3f976f45-127331980781056","trial_id":112,"param_name":"patience","param_value_internal":5.0,"distribution":"{\"name\": \"IntDistribution\", \"attributes\": {\"log\": false, \"step\": 1, \"low\": 2, \"high\": 5}}"}
{"op_code":7,"worker_id":"40bc7db2-faeb-462c-8398-1aab030ed339-128154193819136","trial_id":99,"step":2,"intermediate_value":0.37219598409834365}
{"op_code":6,"worker_id":"40bc7db2-faeb-462c-8398-1aab030ed339-128154193819136","trial_id":99,"state":1,"values":[0.37219598409834365],"datetime_complete":"2026-08-20T00:09:23.804621"}
{"op_code":4,"worker_id":"40bc7db2-faeb-462c-8398-1aab030ed339-128154193819136","study_id":0,"datetime_start":"2026-08-20T00:09:23.809322"}
{"op_code":5,"worker_id":"40bc7db2-faeb-462c-8398-1aab030ed339-128154193819136","trial_id":113,"param_name":"lr","param_value_internal":5.9518542564434734e-05,"distribution":"{\"name\": \"FloatDistribution\", \"attributes\": {\"step\": null, \"low\": 5e-06, \"high\": 0.0003, \"log\": true}}"}
{"op_code":5,"worker_id":"40bc7db2-faeb-462c-8398-1aab030ed339-128154193819136","trial_id":113,"param_name":"batch_size","param_value_internal":1,"distribution":"{\"name\": \"CategoricalDistribution\", \"attributes\": {\"choices\": [16, 32, 64]}}"}
{"op_code":5,"worker_id":"40bc7db2-faeb-462c-8398-1aab030ed339-128154193819136","trial_id":113,"param_name":"weight_decay","param_value_internal":1.6401490667153105e-06,"distribution":"{\"name\": \"FloatDistribution\", \"attributes\": {\"step\": null, \"low\": 1e-06, \"high\": 0.01, \"log\": true}}"}
{"op_code":5,"worker_id":"40bc7db2-faeb-462c-8398-1aab030ed339-128154193819136","trial_id":113,"param_name":"dropout","param_value_internal":0.02344237039874091,"distribution":"{\"name\": \"FloatDistribution\", \"attributes\": {\"step\": null, \"low\": 0.0, \"high\": 0.3, \"log\": false}}"}
{"op_code":5,"worker_id":"40bc7db2-faeb-462c-8398-1aab030ed339-128154193819136","trial_id":113,"param_name":"patience","param_value_internal":5.0,"distribution":"{\"name\": \"IntDistribution\", \"attributes\": {\"log\": false, \"step\": 1, \"low\": 2, \"high\": 5}}"}
{"op_code":7,"worker_id":"d5d9ede1-bcd4-481f-8816-9f3bfc2ae4f1-130087024510464","trial_id":108,"step":1,"intermediate_value":0.37322145858334965}
{"op_code":7,"worker_id":"fc071723-94a2-4a86-9e7d-bdfde0c69d2a-140268501722624","trial_id":109,"step":1,"intermediate_value":0.3802744733751247}
{"op_code":7,"worker_id":"d8159b67-1598-4530-8185-0b4e2f627deb-130265049986560","trial_id":105,"step":2,"intermediate_value":0.3810803090491409}
{"op_code":6,"worker_id":"d8159b67-1598-4530-8185-0b4e2f627deb-130265049986560","trial_id":105,"state":1,"values":[0.3810803090491409],"datetime_complete":"2026-08-20T00:10:55.571475"}
{"op_code":4,"worker_id":"d8159b67-1598-4530-8185-0b4e2f627deb-130265049986560","study_id":0,"datetime_start":"2026-08-20T00:10:55.576315"}
{"op_code":5,"worker_id":"d8159b67-1598-4530-8185-0b4e2f627deb-130265049986560","trial_id":114,"param_name":"lr","param_value_internal":6.023100733357703e-05,"distribution":"{\"name\": \"FloatDistribution\", \"attributes\": {\"step\": null, \"low\": 5e-06, \"high\": 0.0003, \"log\": true}}"}
{"op_code":5,"worker_id":"d8159b67-1598-4530-8185-0b4e2f627deb-130265049986560","trial_id":114,"param_name":"batch_size","param_value_internal":1,"distribution":"{\"name\": \"CategoricalDistribution\", \"attributes\": {\"choices\": [16, 32, 64]}}"}
{"op_code":5,"worker_id":"d8159b67-1598-4530-8185-0b4e2f627deb-130265049986560","trial_id":114,"param_name":"weight_decay","param_value_internal":4.511107372971668e-06,"distribution":"{\"name\": \"FloatDistribution\", \"attributes\": {\"step\": null, \"low\": 1e-06, \"high\": 0.01, \"log\": true}}"}
{"op_code":5,"worker_id":"d8159b67-1598-4530-8185-0b4e2f627deb-130265049986560","trial_id":114,"param_name":"dropout","param_value_internal":0.021433435408740903,"distribution":"{\"name\": \"FloatDistribution\", \"attributes\": {\"step\": null, \"low\": 0.0, \"high\": 0.3, \"log\": false}}"}
{"op_code":5,"worker_id":"d8159b67-1598-4530-8185-0b4e2f627deb-130265049986560","trial_id":114,"param_name":"patience","param_value_internal":5.0,"distribution":"{\"name\": \"IntDistribution\", \"attributes\": {\"log\": false, \"step\": 1, \"low\": 2, \"high\": 5}}"}
{"op_code":7,"worker_id":"8e121434-d455-47e7-a812-6463efa1c5b8-129601631901184","trial_id":104,"step":2,"intermediate_value":0.3741320340926604}
{"op_code":6,"worker_id":"8e121434-d455-47e7-a812-6463efa1c5b8-129601631901184","trial_id":104,"state":1,"values":[0.3741320340926604],"datetime_complete":"2026-08-20T00:11:56.384091"}
{"op_code":4,"worker_id":"8e121434-d455-47e7-a812-6463efa1c5b8-129601631901184","study_id":0,"datetime_start":"2026-08-20T00:11:56.388690"}
{"op_code":5,"worker_id":"8e121434-d455-47e7-a812-6463efa1c5b8-129601631901184","trial_id":115,"param_name":"lr","param_value_internal":6.524912026715042e-05,"distribution":"{\"name\": \"FloatDistribution\", \"attributes\": {\"step\": null, \"low\": 5e-06, \"high\": 0.0003, \"log\": true}}"}
{"op_code":5,"worker_id":"8e121434-d455-47e7-a812-6463efa1c5b8-129601631901184","trial_id":115,"param_name":"batch_size","param_value_internal":1,"distribution":"{\"name\": \"CategoricalDistribution\", \"attributes\": {\"choices\": [16, 32, 64]}}"}
{"op_code":5,"worker_id":"8e121434-d455-47e7-a812-6463efa1c5b8-129601631901184","trial_id":115,"param_name":"weight_decay","param_value_internal":2.7076598914928925e-06,"distribution":"{\"name\": \"FloatDistribution\", \"attributes\": {\"step\": null, \"low\": 1e-06, \"high\": 0.01, \"log\": true}}"}
{"op_code":5,"worker_id":"8e121434-d455-47e7-a812-6463efa1c5b8-129601631901184","trial_id":115,"param_name":"dropout","param_value_internal":0.09677434463272369,"distribution":"{\"name\": \"FloatDistribution\", \"attributes\": {\"step\": null, \"low\": 0.0, \"high\": 0.3, \"log\": false}}"}
{"op_code":5,"worker_id":"8e121434-d455-47e7-a812-6463efa1c5b8-129601631901184","trial_id":115,"param_name":"patience","param_value_internal":5.0,"distribution":"{\"name\": \"IntDistribution\", \"attributes\": {\"log\": false, \"step\": 1, \"low\": 2, \"high\": 5}}"}
{"op_code":7,"worker_id":"9a8b9994-b7f8-45c0-883b-c8a222f6c0d6-137116887188992","trial_id":101,"step":2,"intermediate_value":0.37170512596569366}
{"op_code":6,"worker_id":"9a8b9994-b7f8-45c0-883b-c8a222f6c0d6-137116887188992","trial_id":101,"state":1,"values":[0.37170512596569366],"datetime_complete":"2026-08-20T00:12:35.125386"}
{"op_code":4,"worker_id":"9a8b9994-b7f8-45c0-883b-c8a222f6c0d6-137116887188992","study_id":0,"datetime_start":"2026-08-20T00:12:35.130256"}
{"op_code":5,"worker_id":"9a8b9994-b7f8-45c0-883b-c8a222f6c0d6-137116887188992","trial_id":116,"param_name":"lr","param_value_internal":6.05492512596813e-05,"distribution":"{\"name\": \"FloatDistribution\", \"attributes\": {\"step\": null, \"low\": 5e-06, \"high\": 0.0003, \"log\": true}}"}
{"op_code":5,"worker_id":"9a8b9994-b7f8-45c0-883b-c8a222f6c0d6-137116887188992","trial_id":116,"param_name":"batch_size","param_value_internal":1,"distribution":"{\"name\": \"CategoricalDistribution\", \"attributes\": {\"choices\": [16, 32, 64]}}"}
{"op_code":5,"worker_id":"9a8b9994-b7f8-45c0-883b-c8a222f6c0d6-137116887188992","trial_id":116,"param_name":"weight_decay","param_value_internal":4.965599785531435e-06,"distribution":"{\"name\": \"FloatDistribution\", \"attributes\": {\"step\": null, \"low\": 1e-06, \"high\": 0.01, \"log\": true}}"}
{"op_code":5,"worker_id":"9a8b9994-b7f8-45c0-883b-c8a222f6c0d6-137116887188992","trial_id":116,"param_name":"dropout","param_value_internal":0.020306186069904017,"distribution":"{\"name\": \"FloatDistribution\", \"attributes\": {\"step\": null, \"low\": 0.0, \"high\": 0.3, \"log\": false}}"}
{"op_code":5,"worker_id":"9a8b9994-b7f8-45c0-883b-c8a222f6c0d6-137116887188992","trial_id":116,"param_name":"patience","param_value_internal":5.0,"distribution":"{\"name\": \"IntDistribution\", \"attributes\": {\"log\": false, \"step\": 1, \"low\": 2, \"high\": 5}}"}
{"op_code":7,"worker_id":"c2ed5631-5232-4419-9221-7c75593489a3-135269821588992","trial_id":100,"step":2,"intermediate_value":0.3783128201065158}
{"op_code":6,"worker_id":"c2ed5631-5232-4419-9221-7c75593489a3-135269821588992","trial_id":100,"state":1,"values":[0.3783128201065158],"datetime_complete":"2026-08-20T00:12:35.402424"}
{"op_code":4,"worker_id":"c2ed5631-5232-4419-9221-7c75593489a3-135269821588992","study_id":0,"datetime_start":"2026-08-20T00:12:35.407317"}
{"op_code":5,"worker_id":"c2ed5631-5232-4419-9221-7c75593489a3-135269821588992","trial_id":117,"param_name":"lr","param_value_internal":6.111609155896163e-05,"distribution":"{\"name\": \"FloatDistribution\", \"attributes\": {\"step\": null, \"low\": 5e-06, \"high\": 0.0003, \"log\": true}}"}
{"op_code":5,"worker_id":"c2ed5631-5232-4419-9221-7c75593489a3-135269821588992","trial_id":117,"param_name":"batch_size","param_value_internal":1,"distribution":"{\"name\": \"CategoricalDistribution\", \"attributes\": {\"choices\": [16, 32, 64]}}"}
{"op_code":5,"worker_id":"c2ed5631-5232-4419-9221-7c75593489a3-135269821588992","trial_id":117,"param_name":"weight_decay","param_value_internal":4.261303015934076e-06,"distribution":"{\"name\": \"FloatDistribution\", \"attributes\": {\"step\": null, \"low\": 1e-06, \"high\": 0.01, \"log\": true}}"}
{"op_code":5,"worker_id":"c2ed5631-5232-4419-9221-7c75593489a3-135269821588992","trial_id":117,"param_name":"dropout","param_value_internal":0.02383009426765705,"distribution":"{\"name\": \"FloatDistribution\", \"attributes\": {\"step\": null, \"low\": 0.0, \"high\": 0.3, \"log\": false}}"}
{"op_code":5,"worker_id":"c2ed5631-5232-4419-9221-7c75593489a3-135269821588992","trial_id":117,"param_name":"patience","param_value_internal":5.0,"distribution":"{\"name\": \"IntDistribution\", \"attributes\": {\"log\": false, \"step\": 1, \"low\": 2, \"high\": 5}}"}
{"op_code":7,"worker_id":"fc071723-94a2-4a86-9e7d-bdfde0c69d2a-140268501722624","trial_id":109,"step":2,"intermediate_value":0.3786862651154328}
{"op_code":6,"worker_id":"fc071723-94a2-4a86-9e7d-bdfde0c69d2a-140268501722624","trial_id":109,"state":1,"values":[0.3786862651154328],"datetime_complete":"2026-08-20T00:13:58.382596"}
{"op_code":4,"worker_id":"fc071723-94a2-4a86-9e7d-bdfde0c69d2a-140268501722624","study_id":0,"datetime_start":"2026-08-20T00:13:58.387437"}
{"op_code":5,"worker_id":"fc071723-94a2-4a86-9e7d-bdfde0c69d2a-140268501722624","trial_id":118,"param_name":"lr","param_value_internal":6.153092019116205e-05,"distribution":"{\"name\": \"FloatDistribution\", \"attributes\": {\"step\": null, \"low\": 5e-06, \"high\": 0.0003, \"log\": true}}"}
{"op_code":5,"worker_id":"fc071723-94a2-4a86-9e7d-bdfde0c69d2a-140268501722624","trial_id":118,"param_name":"batch_size","param_value_internal":1,"distribution":"{\"name\": \"CategoricalDistribution\", \"attributes\": {\"choices\": [16, 32, 64]}}"}
{"op_code":5,"worker_id":"fc071723-94a2-4a86-9e7d-bdfde0c69d2a-140268501722624","trial_id":118,"param_name":"weight_decay","param_value_internal":4.437453023078042e-06,"distribution":"{\"name\": \"FloatDistribution\", \"attributes\": {\"step\": null, \"low\": 1e-06, \"high\": 0.01, \"log\": true}}"}
{"op_code":5,"worker_id":"fc071723-94a2-4a86-9e7d-bdfde0c69d2a-140268501722624","trial_id":118,"param_name":"dropout","param_value_internal":0.1365279852033857,"distribution":"{\"name\": \"FloatDistribution\", \"attributes\": {\"step\": null, \"low\": 0.0, \"high\": 0.3, \"log\": false}}"}
{"op_code":5,"worker_id":"fc071723-94a2-4a86-9e7d-bdfde0c69d2a-140268501722624","trial_id":118,"param_name":"patience","param_value_internal":5.0,"distribution":"{\"name\": \"IntDistribution\", \"attributes\": {\"log\": false, \"step\": 1, \"low\": 2, \"high\": 5}}"}
{"op_code":7,"worker_id":"9e97f2a5-d018-4804-af09-446e3f976f45-127331980781056","trial_id":112,"step":1,"intermediate_value":0.3820639615118249}
{"op_code":7,"worker_id":"679cf347-18f2-4a2e-a430-e12538a555a3-126265109607936","trial_id":107,"step":2,"intermediate_value":0.3676340712266889}
{"op_code":6,"worker_id":"679cf347-18f2-4a2e-a430-e12538a555a3-126265109607936","trial_id":107,"state":1,"values":[0.3676340712266889],"datetime_complete":"2026-08-20T00:14:47.864824"}
{"op_code":4,"worker_id":"679cf347-18f2-4a2e-a430-e12538a555a3-126265109607936","study_id":0,"datetime_start":"2026-08-20T00:14:47.869515"}
{"op_code":5,"worker_id":"679cf347-18f2-4a2e-a430-e12538a555a3-126265109607936","trial_id":119,"param_name":"lr","param_value_internal":6.0781663843950635e-05,"distribution":"{\"name\": \"FloatDistribution\", \"attributes\": {\"step\": null, \"low\": 5e-06, \"high\": 0.0003, \"log\": true}}"}
{"op_code":5,"worker_id":"679cf347-18f2-4a2e-a430-e12538a555a3-126265109607936","trial_id":119,"param_name":"batch_size","param_value_internal":2,"distribution":"{\"name\": \"CategoricalDistribution\", \"attributes\": {\"choices\": [16, 32, 64]}}"}
{"op_code":5,"worker_id":"679cf347-18f2-4a2e-a430-e12538a555a3-126265109607936","trial_id":119,"param_name":"weight_decay","param_value_internal":4.738994488362814e-06,"distribution":"{\"name\": \"FloatDistribution\", \"attributes\": {\"step\": null, \"low\": 1e-06, \"high\": 0.01, \"log\": true}}"}
{"op_code":5,"worker_id":"679cf347-18f2-4a2e-a430-e12538a555a3-126265109607936","trial_id":119,"param_name":"dropout","param_value_internal":0.02284442735642791,"distribution":"{\"name\": \"FloatDistribution\", \"attributes\": {\"step\": null, \"low\": 0.0, \"high\": 0.3, \"log\": false}}"}
{"op_code":5,"worker_id":"679cf347-18f2-4a2e-a430-e12538a555a3-126265109607936","trial_id":119,"param_name":"patience","param_value_internal":5.0,"distribution":"{\"name\": \"IntDistribution\", \"attributes\": {\"log\": false, \"step\": 1, \"low\": 2, \"high\": 5}}"}
{"op_code":7,"worker_id":"03390d1d-9dbe-44ea-b50c-8910413720e7-127115480471040","trial_id":111,"step":1,"intermediate_value":0.37893247338542696}
{"op_code":7,"worker_id":"7d95b9da-d28a-4a61-9539-a7cadc394c27-137194481391104","trial_id":110,"step":1,"intermediate_value":0.37234869091128314}
{"op_code":7,"worker_id":"40bc7db2-faeb-462c-8398-1aab030ed339-128154193819136","trial_id":113,"step":1,"intermediate_value":0.37674725244385526}
{"op_code":7,"worker_id":"d5d9ede1-bcd4-481f-8816-9f3bfc2ae4f1-130087024510464","trial_id":108,"step":2,"intermediate_value":0.36753947332667886}
{"op_code":6,"worker_id":"d5d9ede1-bcd4-481f-8816-9f3bfc2ae4f1-130087024510464","trial_id":108,"state":1,"values":[0.36753947332667886],"datetime_complete":"2026-08-20T00:15:26.746483"}
{"op_code":4,"worker_id":"d5d9ede1-bcd4-481f-8816-9f3bfc2ae4f1-130087024510464","study_id":0,"datetime_start":"2026-08-20T00:15:26.751537"}
{"op_code":5,"worker_id":"d5d9ede1-bcd4-481f-8816-9f3bfc2ae4f1-130087024510464","trial_id":120,"param_name":"lr","param_value_internal":6.232057137839471e-05,"distribution":"{\"name\": \"FloatDistribution\", \"attributes\": {\"step\": null, \"low\": 5e-06, \"high\": 0.0003, \"log\": true}}"}
{"op_code":5,"worker_id":"d5d9ede1-bcd4-481f-8816-9f3bfc2ae4f1-130087024510464","trial_id":120,"param_name":"batch_size","param_value_internal":2,"distribution":"{\"name\": \"CategoricalDistribution\", \"attributes\": {\"choices\": [16, 32, 64]}}"}
{"op_code":5,"worker_id":"d5d9ede1-bcd4-481f-8816-9f3bfc2ae4f1-130087024510464","trial_id":120,"param_name":"weight_decay","param_value_internal":4.5079518498690245e-06,"distribution":"{\"name\": \"FloatDistribution\", \"attributes\": {\"step\": null, \"low\": 1e-06, \"high\": 0.01, \"log\": true}}"}
{"op_code":5,"worker_id":"d5d9ede1-bcd4-481f-8816-9f3bfc2ae4f1-130087024510464","trial_id":120,"param_name":"dropout","param_value_internal":0.026189061943811497,"distribution":"{\"name\": \"FloatDistribution\", \"attributes\": {\"step\": null, \"low\": 0.0, \"high\": 0.3, \"log\": false}}"}
{"op_code":5,"worker_id":"d5d9ede1-bcd4-481f-8816-9f3bfc2ae4f1-130087024510464","trial_id":120,"param_name":"patience","param_value_internal":5.0,"distribution":"{\"name\": \"IntDistribution\", \"attributes\": {\"log\": false, \"step\": 1, \"low\": 2, \"high\": 5}}"}
{"op_code":7,"worker_id":"86638fb0-284c-4fe6-bb33-ee29d2adb3be-137621019616768","trial_id":106,"step":2,"intermediate_value":0.3747849825189914}
{"op_code":6,"worker_id":"86638fb0-284c-4fe6-bb33-ee29d2adb3be-137621019616768","trial_id":106,"state":1,"values":[0.3747849825189914],"datetime_complete":"2026-08-20T00:15:27.202493"}
{"op_code":4,"worker_id":"86638fb0-284c-4fe6-bb33-ee29d2adb3be-137621019616768","study_id":0,"datetime_start":"2026-08-20T00:15:27.207393"}
{"op_code":5,"worker_id":"86638fb0-284c-4fe6-bb33-ee29d2adb3be-137621019616768","trial_id":121,"param_name":"lr","param_value_internal":5.950920671052509e-05,"distribution":"{\"name\": \"FloatDistribution\", \"attributes\": {\"step\": null, \"low\": 5e-06, \"high\": 0.0003, \"log\": true}}"}
{"op_code":5,"worker_id":"86638fb0-284c-4fe6-bb33-ee29d2adb3be-137621019616768","trial_id":121,"param_name":"batch_size","param_value_internal":2,"distribution":"{\"name\": \"CategoricalDistribution\", \"attributes\": {\"choices\": [16, 32, 64]}}"}
{"op_code":5,"worker_id":"86638fb0-284c-4fe6-bb33-ee29d2adb3be-137621019616768","trial_id":121,"param_name":"weight_decay","param_value_internal":4.436703270044003e-06,"distribution":"{\"name\": \"FloatDistribution\", \"attributes\": {\"step\": null, \"low\": 1e-06, \"high\": 0.01, \"log\": true}}"}
{"op_code":5,"worker_id":"86638fb0-284c-4fe6-bb33-ee29d2adb3be-137621019616768","trial_id":121,"param_name":"dropout","param_value_internal":0.022858320559900933,"distribution":"{\"name\": \"FloatDistribution\", \"attributes\": {\"step\": null, \"low\": 0.0, \"high\": 0.3, \"log\": false}}"}
{"op_code":5,"worker_id":"86638fb0-284c-4fe6-bb33-ee29d2adb3be-137621019616768","trial_id":121,"param_name":"patience","param_value_internal":5.0,"distribution":"{\"name\": \"IntDistribution\", \"attributes\": {\"log\": false, \"step\": 1, \"low\": 2, \"high\": 5}}"}
{"op_code":7,"worker_id":"d8159b67-1598-4530-8185-0b4e2f627deb-130265049986560","trial_id":114,"step":1,"intermediate_value":0.3892883174770835}
{"op_code":6,"worker_id":"d8159b67-1598-4530-8185-0b4e2f627deb-130265049986560","trial_id":114,"state":2,"values":[0.3892883174770835],"datetime_complete":"2026-08-20T00:15:54.465748"}
{"op_code":4,"worker_id":"d8159b67-1598-4530-8185-0b4e2f627deb-130265049986560","study_id":0,"datetime_start":"2026-08-20T00:15:54.470709"}
{"op_code":5,"worker_id":"d8159b67-1598-4530-8185-0b4e2f627deb-130265049986560","trial_id":122,"param_name":"lr","param_value_internal":5.8549830510088704e-05,"distribution":"{\"name\": \"FloatDistribution\", \"attributes\": {\"step\": null, \"low\": 5e-06, \"high\": 0.0003, \"log\": true}}"}
{"op_code":5,"worker_id":"d8159b67-1598-4530-8185-0b4e2f627deb-130265049986560","trial_id":122,"param_name":"batch_size","param_value_internal":2,"distribution":"{\"name\": \"CategoricalDistribution\", \"attributes\": {\"choices\": [16, 32, 64]}}"}
{"op_code":5,"worker_id":"d8159b67-1598-4530-8185-0b4e2f627deb-130265049986560","trial_id":122,"param_name":"weight_decay","param_value_internal":1.0279705126633857e-06,"distribution":"{\"name\": \"FloatDistribution\", \"attributes\": {\"step\": null, \"low\": 1e-06, \"high\": 0.01, \"log\": true}}"}
{"op_code":5,"worker_id":"d8159b67-1598-4530-8185-0b4e2f627deb-130265049986560","trial_id":122,"param_name":"dropout","param_value_internal":0.02755949212910125,"distribution":"{\"name\": \"FloatDistribution\", \"attributes\": {\"step\": null, \"low\": 0.0, \"high\": 0.3, \"log\": false}}"}
{"op_code":5,"worker_id":"d8159b67-1598-4530-8185-0b4e2f627deb-130265049986560","trial_id":122,"param_name":"patience","param_value_internal":5.0,"distribution":"{\"name\": \"IntDistribution\", \"attributes\": {\"log\": false, \"step\": 1, \"low\": 2, \"high\": 5}}"}
{"op_code":7,"worker_id":"8e121434-d455-47e7-a812-6463efa1c5b8-129601631901184","trial_id":115,"step":1,"intermediate_value":0.38475994400404473}
{"op_code":6,"worker_id":"8e121434-d455-47e7-a812-6463efa1c5b8-129601631901184","trial_id":115,"state":2,"values":[0.38475994400404473],"datetime_complete":"2026-08-20T00:17:50.732498"}
{"op_code":4,"worker_id":"8e121434-d455-47e7-a812-6463efa1c5b8-129601631901184","study_id":0,"datetime_start":"2026-08-20T00:17:50.737207"}
{"op_code":5,"worker_id":"8e121434-d455-47e7-a812-6463efa1c5b8-129601631901184","trial_id":123,"param_name":"lr","param_value_internal":3.120078842759514e-05,"distribution":"{\"name\": \"FloatDistribution\", \"attributes\": {\"step\": null, \"low\": 5e-06, \"high\": 0.0003, \"log\": true}}"}
{"op_code":5,"worker_id":"8e121434-d455-47e7-a812-6463efa1c5b8-129601631901184","trial_id":123,"param_name":"batch_size","param_value_internal":2,"distribution":"{\"name\": \"CategoricalDistribution\", \"attributes\": {\"choices\": [16, 32, 64]}}"}
{"op_code":5,"worker_id":"8e121434-d455-47e7-a812-6463efa1c5b8-129601631901184","trial_id":123,"param_name":"weight_decay","param_value_internal":4.512753600513511e-06,"distribution":"{\"name\": \"FloatDistribution\", \"attributes\": {\"step\": null, \"low\": 1e-06, \"high\": 0.01, \"log\": true}}"}
{"op_code":5,"worker_id":"8e121434-d455-47e7-a812-6463efa1c5b8-129601631901184","trial_id":123,"param_name":"dropout","param_value_internal":0.025202804583066632,"distribution":"{\"name\": \"FloatDistribution\", \"attributes\": {\"step\": null, \"low\": 0.0, \"high\": 0.3, \"log\": false}}"}
{"op_code":5,"worker_id":"8e121434-d455-47e7-a812-6463efa1c5b8-129601631901184","trial_id":123,"param_name":"patience","param_value_internal":5.0,"distribution":"{\"name\": \"IntDistribution\", \"attributes\": {\"log\": false, \"step\": 1, \"low\": 2, \"high\": 5}}"}
{"op_code":7,"worker_id":"9a8b9994-b7f8-45c0-883b-c8a222f6c0d6-137116887188992","trial_id":116,"step":1,"intermediate_value":0.3853245952639281}
{"op_code":6,"worker_id":"9a8b9994-b7f8-45c0-883b-c8a222f6c0d6-137116887188992","trial_id":116,"state":2,"values":[0.3853245952639281],"datetime_complete":"2026-08-20T00:19:05.541611"}
{"op_code":4,"worker_id":"9a8b9994-b7f8-45c0-883b-c8a222f6c0d6-137116887188992","study_id":0,"datetime_start":"2026-08-20T00:19:05.546562"}
{"op_code":5,"worker_id":"9a8b9994-b7f8-45c0-883b-c8a222f6c0d6-137116887188992","trial_id":124,"param_name":"lr","param_value_internal":3.188563001638884e-05,"distribution":"{\"name\": \"FloatDistribution\", \"attributes\": {\"step\": null, \"low\": 5e-06, \"high\": 0.0003, \"log\": true}}"}
{"op_code":5,"worker_id":"9a8b9994-b7f8-45c0-883b-c8a222f6c0d6-137116887188992","trial_id":124,"param_name":"batch_size","param_value_internal":2,"distribution":"{\"name\": \"CategoricalDistribution\", \"attributes\": {\"choices\": [16, 32, 64]}}"}
{"op_code":5,"worker_id":"9a8b9994-b7f8-45c0-883b-c8a222f6c0d6-137116887188992","trial_id":124,"param_name":"weight_decay","param_value_internal":1.0745368936041608e-06,"distribution":"{\"name\": \"FloatDistribution\", \"attributes\": {\"step\": null, \"low\": 1e-06, \"high\": 0.01, \"log\": true}}"}
{"op_code":5,"worker_id":"9a8b9994-b7f8-45c0-883b-c8a222f6c0d6-137116887188992","trial_id":124,"param_name":"dropout","param_value_internal":0.024944129090630332,"distribution":"{\"name\": \"FloatDistribution\", \"attributes\": {\"step\": null, \"low\": 0.0, \"high\": 0.3, \"log\": false}}"}
{"op_code":5,"worker_id":"9a8b9994-b7f8-45c0-883b-c8a222f6c0d6-137116887188992","trial_id":124,"param_name":"patience","param_value_internal":5.0,"distribution":"{\"name\": \"IntDistribution\", \"attributes\": {\"log\": false, \"step\": 1, \"low\": 2, \"high\": 5}}"}
{"op_code":7,"worker_id":"c2ed5631-5232-4419-9221-7c75593489a3-135269821588992","trial_id":117,"step":1,"intermediate_value":0.36630398949545734}
{"op_code":7,"worker_id":"40bc7db2-faeb-462c-8398-1aab030ed339-128154193819136","trial_id":113,"step":2,"intermediate_value":0.3754884102651074}
{"op_code":6,"worker_id":"40bc7db2-faeb-462c-8398-1aab030ed339-128154193819136","trial_id":113,"state":1,"values":[0.3754884102651074],"datetime_complete":"2026-08-20T00:19:15.341676"}
{"op_code":4,"worker_id":"40bc7db2-faeb-462c-8398-1aab030ed339-128154193819136","study_id":0,"datetime_start":"2026-08-20T00:19:15.346391"}
{"op_code":5,"worker_id":"40bc7db2-faeb-462c-8398-1aab030ed339-128154193819136","trial_id":125,"param_name":"lr","param_value_internal":4.430377302850888e-05,"distribution":"{\"name\": \"FloatDistribution\", \"attributes\": {\"step\": null, \"low\": 5e-06, \"high\": 0.0003, \"log\": true}}"}
{"op_code":5,"worker_id":"40bc7db2-faeb-462c-8398-1aab030ed339-128154193819136","trial_id":125,"param_name":"batch_size","param_value_internal":2,"distribution":"{\"name\": \"CategoricalDistribution\", \"attributes\": {\"choices\": [16, 32, 64]}}"}
{"op_code":5,"worker_id":"40bc7db2-faeb-462c-8398-1aab030ed339-128154193819136","trial_id":125,"param_name":"weight_decay","param_value_internal":1.146904015322016e-06,"distribution":"{\"name\": \"FloatDistribution\", \"attributes\": {\"step\": null, \"low\": 1e-06, \"high\": 0.01, \"log\": true}}"}
{"op_code":5,"worker_id":"40bc7db2-faeb-462c-8398-1aab030ed339-128154193819136","trial_id":125,"param_name":"dropout","param_value_internal":0.038840026405186204,"distribution":"{\"name\": \"FloatDistribution\", \"attributes\": {\"step\": null, \"low\": 0.0, \"high\": 0.3, \"log\": false}}"}
{"op_code":5,"worker_id":"40bc7db2-faeb-462c-8398-1aab030ed339-128154193819136","trial_id":125,"param_name":"patience","param_value_internal":5.0,"distribution":"{\"name\": \"IntDistribution\", \"attributes\": {\"log\": false, \"step\": 1, \"low\": 2, \"high\": 5}}"}
{"op_code":7,"worker_id":"d5d9ede1-bcd4-481f-8816-9f3bfc2ae4f1-130087024510464","trial_id":120,"step":1,"intermediate_value":0.39069734042863263}
{"op_code":6,"worker_id":"d5d9ede1-bcd4-481f-8816-9f3bfc2ae4f1-130087024510464","trial_id":120,"state":2,"values":[0.39069734042863263],"datetime_complete":"2026-08-20T00:19:31.465266"}
{"op_code":4,"worker_id":"d5d9ede1-bcd4-481f-8816-9f3bfc2ae4f1-130087024510464","study_id":0,"datetime_start":"2026-08-20T00:19:31.470280"}
{"op_code":5,"worker_id":"d5d9ede1-bcd4-481f-8816-9f3bfc2ae4f1-130087024510464","trial_id":126,"param_name":"lr","param_value_internal":4.4750333602715585e-05,"distribution":"{\"name\": \"FloatDistribution\", \"attributes\": {\"step\": null, \"low\": 5e-06, \"high\": 0.0003, \"log\": true}}"}
{"op_code":5,"worker_id":"d5d9ede1-bcd4-481f-8816-9f3bfc2ae4f1-130087024510464","trial_id":126,"param_name":"batch_size","param_value_internal":1,"distribution":"{\"name\": \"CategoricalDistribution\", \"attributes\": {\"choices\": [16, 32, 64]}}"}
{"op_code":5,"worker_id":"d5d9ede1-bcd4-481f-8816-9f3bfc2ae4f1-130087024510464","trial_id":126,"param_name":"weight_decay","param_value_internal":1.0037790230902823e-06,"distribution":"{\"name\": \"FloatDistribution\", \"attributes\": {\"step\": null, \"low\": 1e-06, \"high\": 0.01, \"log\": true}}"}
{"op_code":5,"worker_id":"d5d9ede1-bcd4-481f-8816-9f3bfc2ae4f1-130087024510464","trial_id":126,"param_name":"dropout","param_value_internal":0.038937694554986274,"distribution":"{\"name\": \"FloatDistribution\", \"attributes\": {\"step\": null, \"low\": 0.0, \"high\": 0.3, \"log\": false}}"}
{"op_code":5,"worker_id":"d5d9ede1-bcd4-481f-8816-9f3bfc2ae4f1-130087024510464","trial_id":126,"param_name":"patience","param_value_internal":5.0,"distribution":"{\"name\": \"IntDistribution\", \"attributes\": {\"log\": false, \"step\": 1, \"low\": 2, \"high\": 5}}"}
{"op_code":7,"worker_id":"fc071723-94a2-4a86-9e7d-bdfde0c69d2a-140268501722624","trial_id":118,"step":1,"intermediate_value":0.3765154085168194}
{"op_code":7,"worker_id":"7d95b9da-d28a-4a61-9539-a7cadc394c27-137194481391104","trial_id":110,"step":2,"intermediate_value":0.37385861059425385}
{"op_code":6,"worker_id":"7d95b9da-d28a-4a61-9539-a7cadc394c27-137194481391104","trial_id":110,"state":1,"values":[0.37385861059425385],"datetime_complete":"2026-08-20T00:19:56.212255"}
{"op_code":4,"worker_id":"7d95b9da-d28a-4a61-9539-a7cadc394c27-137194481391104","study_id":0,"datetime_start":"2026-08-20T00:19:56.216674"}
{"op_code":5,"worker_id":"7d95b9da-d28a-4a61-9539-a7cadc394c27-137194481391104","trial_id":127,"param_name":"lr","param_value_internal":3.180807927999258e-05,"distribution":"{\"name\": \"FloatDistribution\", \"attributes\": {\"step\": null, \"low\": 5e-06, \"high\": 0.0003, \"log\": true}}"}
{"op_code":5,"worker_id":"7d95b9da-d28a-4a61-9539-a7cadc394c27-137194481391104","trial_id":127,"param_name":"batch_size","param_value_internal":1,"distribution":"{\"name\": \"CategoricalDistribution\", \"attributes\": {\"choices\": [16, 32, 64]}}"}
{"op_code":5,"worker_id":"7d95b9da-d28a-4a61-9539-a7cadc394c27-137194481391104","trial_id":127,"param_name":"weight_decay","param_value_internal":1.0382924909032441e-06,"distribution":"{\"name\": \"FloatDistribution\", \"attributes\": {\"step\": null, \"low\": 1e-06, \"high\": 0.01, \"log\": true}}"}
{"op_code":5,"worker_id":"7d95b9da-d28a-4a61-9539-a7cadc394c27-137194481391104","trial_id":127,"param_name":"dropout","param_value_internal":0.03878374171233165,"distribution":"{\"name\": \"FloatDistribution\", \"attributes\": {\"step\": null, \"low\": 0.0, \"high\": 0.3, \"log\": false}}"}
{"op_code":5,"worker_id":"7d95b9da-d28a-4a61-9539-a7cadc394c27-137194481391104","trial_id":127,"param_name":"patience","param_value_internal":5.0,"distribution":"{\"name\": \"IntDistribution\", \"attributes\": {\"log\": false, \"step\": 1, \"low\": 2, \"high\": 5}}"}
{"op_code":7,"worker_id":"9e97f2a5-d018-4804-af09-446e3f976f45-127331980781056","trial_id":112,"step":2,"intermediate_value":0.37610797335100254}
{"op_code":6,"worker_id":"9e97f2a5-d018-4804-af09-446e3f976f45-127331980781056","trial_id":112,"state":1,"values":[0.37610797335100254],"datetime_complete":"2026-08-20T00:20:06.257815"}
{"op_code":4,"worker_id":"9e97f2a5-d018-4804-af09-446e3f976f45-127331980781056","study_id":0,"datetime_start":"2026-08-20T00:20:06.262719"}
{"op_code":5,"worker_id":"9e97f2a5-d018-4804-af09-446e3f976f45-127331980781056","trial_id":128,"param_name":"lr","param_value_internal":3.250181008400328e-05,"distribution":"{\"name\": \"FloatDistribution\", \"attributes\": {\"step\": null, \"low\": 5e-06, \"high\": 0.0003, \"log\": true}}"}
{"op_code":5,"worker_id":"9e97f2a5-d018-4804-af09-446e3f976f45-127331980781056","trial_id":128,"param_name":"batch_size","param_value_internal":1,"distribution":"{\"name\": \"CategoricalDistribution\", \"attributes\": {\"choices\": [16, 32, 64]}}"}
{"op_code":5,"worker_id":"9e97f2a5-d018-4804-af09-446e3f976f45-127331980781056","trial_id":128,"param_name":"weight_decay","param_value_internal":2.6883534929919504e-06,"distribution":"{\"name\": \"FloatDistribution\", \"attributes\": {\"step\": null, \"low\": 1e-06, \"high\": 0.01, \"log\": true}}"}
{"op_code":5,"worker_id":"9e97f2a5-d018-4804-af09-446e3f976f45-127331980781056","trial_id":128,"param_name":"dropout","param_value_internal":0.04195907712572801,"distribution":"{\"name\": \"FloatDistribution\", \"attributes\": {\"step\": null, \"low\": 0.0, \"high\": 0.3, \"log\": false}}"}
{"op_code":5,"worker_id":"9e97f2a5-d018-4804-af09-446e3f976f45-127331980781056","trial_id":128,"param_name":"patience","param_value_internal":5.0,"distribution":"{\"name\": \"IntDistribution\", \"attributes\": {\"log\": false, \"step\": 1, \"low\": 2, \"high\": 5}}"}
{"op_code":7,"worker_id":"679cf347-18f2-4a2e-a430-e12538a555a3-126265109607936","trial_id":119,"step":1,"intermediate_value":0.367765622382166}
{"op_code":7,"worker_id":"03390d1d-9dbe-44ea-b50c-8910413720e7-127115480471040","trial_id":111,"step":2,"intermediate_value":0.37002700574965186}
{"op_code":6,"worker_id":"03390d1d-9dbe-44ea-b50c-8910413720e7-127115480471040","trial_id":111,"state":1,"values":[0.37002700574965186],"datetime_complete":"2026-08-20T00:20:40.966047"}
{"op_code":4,"worker_id":"03390d1d-9dbe-44ea-b50c-8910413720e7-127115480471040","study_id":0,"datetime_start":"2026-08-20T00:20:40.970507"}
{"op_code":5,"worker_id":"03390d1d-9dbe-44ea-b50c-8910413720e7-127115480471040","trial_id":129,"param_name":"lr","param_value_internal":4.336297776286591e-05,"distribution":"{\"name\": \"FloatDistribution\", \"attributes\": {\"step\": null, \"low\": 5e-06, \"high\": 0.0003, \"log\": true}}"}
{"op_code":5,"worker_id":"03390d1d-9dbe-44ea-b50c-8910413720e7-127115480471040","trial_id":129,"param_name":"batch_size","param_value_internal":2,"distribution":"{\"name\": \"CategoricalDistribution\", \"attributes\": {\"choices\": [16, 32, 64]}}"}
{"op_code":5,"worker_id":"03390d1d-9dbe-44ea-b50c-8910413720e7-127115480471040","trial_id":129,"param_name":"weight_decay","param_value_internal":1.2528414188861716e-06,"distribution":"{\"name\": \"FloatDistribution\", \"attributes\": {\"step\": null, \"low\": 1e-06, \"high\": 0.01, \"log\": true}}"}
{"op_code":5,"worker_id":"03390d1d-9dbe-44ea-b50c-8910413720e7-127115480471040","trial_id":129,"param_name":"dropout","param_value_internal":0.036249471258116374,"distribution":"{\"name\": \"FloatDistribution\", \"attributes\": {\"step\": null, \"low\": 0.0, \"high\": 0.3, \"log\": false}}"}
{"op_code":5,"worker_id":"03390d1d-9dbe-44ea-b50c-8910413720e7-127115480471040","trial_id":129,"param_name":"patience","param_value_internal":5.0,"distribution":"{\"name\": \"IntDistribution\", \"attributes\": {\"log\": false, \"step\": 1, \"low\": 2, \"high\": 5}}"}
{"op_code":7,"worker_id":"d8159b67-1598-4530-8185-0b4e2f627deb-130265049986560","trial_id":122,"step":1,"intermediate_value":0.38086962976610345}
{"op_code":7,"worker_id":"86638fb0-284c-4fe6-bb33-ee29d2adb3be-137621019616768","trial_id":121,"step":1,"intermediate_value":0.3814254360321012}
{"op_code":6,"worker_id":"86638fb0-284c-4fe6-bb33-ee29d2adb3be-137621019616768","trial_id":121,"state":2,"values":[0.3814254360321012],"datetime_complete":"2026-08-20T00:21:34.595340"}
{"op_code":4,"worker_id":"86638fb0-284c-4fe6-bb33-ee29d2adb3be-137621019616768","study_id":0,"datetime_start":"2026-08-20T00:21:34.600013"}
{"op_code":5,"worker_id":"86638fb0-284c-4fe6-bb33-ee29d2adb3be-137621019616768","trial_id":130,"param_name":"lr","param_value_internal":4.4619590868274936e-05,"distribution":"{\"name\": \"FloatDistribution\", \"attributes\": {\"step\": null, \"low\": 5e-06, \"high\": 0.0003, \"log\": true}}"}
{"op_code":5,"worker_id":"86638fb0-284c-4fe6-bb33-ee29d2adb3be-137621019616768","trial_id":130,"param_name":"batch_size","param_value_internal":1,"distribution":"{\"name\": \"CategoricalDistribution\", \"attributes\": {\"choices\": [16, 32, 64]}}"}
{"op_code":5,"worker_id":"86638fb0-284c-4fe6-bb33-ee29d2adb3be-137621019616768","trial_id":130,"param_name":"weight_decay","param_value_internal":1.0962563252000921e-06,"distribution":"{\"name\": \"FloatDistribution\", \"attributes\": {\"step\": null, \"low\": 1e-06, \"high\": 0.01, \"log\": true}}"}
{"op_code":5,"worker_id":"86638fb0-284c-4fe6-bb33-ee29d2adb3be-137621019616768","trial_id":130,"param_name":"dropout","param_value_internal":0.03818674385194155,"distribution":"{\"name\": \"FloatDistribution\", \"attributes\": {\"step\": null, \"low\": 0.0, \"high\": 0.3, \"log\": false}}"}
{"op_code":5,"worker_id":"86638fb0-284c-4fe6-bb33-ee29d2adb3be-137621019616768","trial_id":130,"param_name":"patience","param_value_internal":5.0,"distribution":"{\"name\": \"IntDistribution\", \"attributes\": {\"log\": false, \"step\": 1, \"low\": 2, \"high\": 5}}"}
{"op_code":7,"worker_id":"8e121434-d455-47e7-a812-6463efa1c5b8-129601631901184","trial_id":123,"step":1,"intermediate_value":0.40582629486566707}
{"op_code":6,"worker_id":"8e121434-d455-47e7-a812-6463efa1c5b8-129601631901184","trial_id":123,"state":2,"values":[0.40582629486566707],"datetime_complete":"2026-08-20T00:23:26.332784"}
{"op_code":4,"worker_id":"8e121434-d455-47e7-a812-6463efa1c5b8-129601631901184","study_id":0,"datetime_start":"2026-08-20T00:23:26.337558"}
{"op_code":5,"worker_id":"8e121434-d455-47e7-a812-6463efa1c5b8-129601631901184","trial_id":131,"param_name":"lr","param_value_internal":4.355918901085288e-05,"distribution":"{\"name\": \"FloatDistribution\", \"attributes\": {\"step\": null, \"low\": 5e-06, \"high\": 0.0003, \"log\": true}}"}
{"op_code":5,"worker_id":"8e121434-d455-47e7-a812-6463efa1c5b8-129601631901184","trial_id":131,"param_name":"batch_size","param_value_internal":1,"distribution":"{\"name\": \"CategoricalDistribution\", \"attributes\": {\"choices\": [16, 32, 64]}}"}
{"op_code":5,"worker_id":"8e121434-d455-47e7-a812-6463efa1c5b8-129601631901184","trial_id":131,"param_name":"weight_decay","param_value_internal":1.0187075698640307e-06,"distribution":"{\"name\": \"FloatDistribution\", \"attributes\": {\"step\": null, \"low\": 1e-06, \"high\": 0.01, \"log\": true}}"}
{"op_code":5,"worker_id":"8e121434-d455-47e7-a812-6463efa1c5b8-129601631901184","trial_id":131,"param_name":"dropout","param_value_internal":0.03754133668343324,"distribution":"{\"name\": \"FloatDistribution\", \"attributes\": {\"step\": null, \"low\": 0.0, \"high\": 0.3, \"log\": false}}"}
{"op_code":5,"worker_id":"8e121434-d455-47e7-a812-6463efa1c5b8-129601631901184","trial_id":131,"param_name":"patience","param_value_internal":5.0,"distribution":"{\"name\": \"IntDistribution\", \"attributes\": {\"log\": false, \"step\": 1, \"low\": 2, \"high\": 5}}"}
{"op_code":7,"worker_id":"c2ed5631-5232-4419-9221-7c75593489a3-135269821588992","trial_id":117,"step":2,"intermediate_value":0.37764133362152097}
{"op_code":6,"worker_id":"c2ed5631-5232-4419-9221-7c75593489a3-135269821588992","trial_id":117,"state":1,"values":[0.37764133362152097],"datetime_complete":"2026-08-20T00:23:52.603641"}
{"op_code":4,"worker_id":"c2ed5631-5232-4419-9221-7c75593489a3-135269821588992","study_id":0,"datetime_start":"2026-08-20T00:23:52.608381"}
{"op_code":5,"worker_id":"c2ed5631-5232-4419-9221-7c75593489a3-135269821588992","trial_id":132,"param_name":"lr","param_value_internal":4.38036972481245e-05,"distribution":"{\"name\": \"FloatDistribution\", \"attributes\": {\"step\": null, \"low\": 5e-06, \"high\": 0.0003, \"log\": true}}"}
{"op_code":5,"worker_id":"c2ed5631-5232-4419-9221-7c75593489a3-135269821588992","trial_id":132,"param_name":"batch_size","param_value_internal":1,"distribution":"{\"name\": \"CategoricalDistribution\", \"attributes\": {\"choices\": [16, 32, 64]}}"}
{"op_code":5,"worker_id":"c2ed5631-5232-4419-9221-7c75593489a3-135269821588992","trial_id":132,"param_name":"weight_decay","param_value_internal":1.0028019306186404e-06,"distribution":"{\"name\": \"FloatDistribution\", \"attributes\": {\"step\": null, \"low\": 1e-06, \"high\": 0.01, \"log\": true}}"}
{"op_code":5,"worker_id":"c2ed5631-5232-4419-9221-7c75593489a3-135269821588992","trial_id":132,"param_name":"dropout","param_value_internal":0.1427338383594077,"distribution":"{\"name\": \"FloatDistribution\", \"attributes\": {\"step\": null, \"low\": 0.0, \"high\": 0.3, \"log\": false}}"}
{"op_code":5,"worker_id":"c2ed5631-5232-4419-9221-7c75593489a3-135269821588992","trial_id":132,"param_name":"patience","param_value_internal":5.0,"distribution":"{\"name\": \"IntDistribution\", \"attributes\": {\"log\": false, \"step\": 1, \"low\": 2, \"high\": 5}}"}
{"op_code":7,"worker_id":"fc071723-94a2-4a86-9e7d-bdfde0c69d2a-140268501722624","trial_id":118,"step":2,"intermediate_value":0.3781057431923185}
{"op_code":6,"worker_id":"fc071723-94a2-4a86-9e7d-bdfde0c69d2a-140268501722624","trial_id":118,"state":1,"values":[0.3781057431923185],"datetime_complete":"2026-08-20T00:23:57.800477"}
{"op_code":4,"worker_id":"fc071723-94a2-4a86-9e7d-bdfde0c69d2a-140268501722624","study_id":0,"datetime_start":"2026-08-20T00:23:57.805190"}
{"op_code":5,"worker_id":"fc071723-94a2-4a86-9e7d-bdfde0c69d2a-140268501722624","trial_id":133,"param_name":"lr","param_value_internal":4.477648313010411e-05,"distribution":"{\"name\": \"FloatDistribution\", \"attributes\": {\"step\": null, \"low\": 5e-06, \"high\": 0.0003, \"log\": true}}"}
{"op_code":5,"worker_id":"fc071723-94a2-4a86-9e7d-bdfde0c69d2a-140268501722624","trial_id":133,"param_name":"batch_size","param_value_internal":1,"distribution":"{\"name\": \"CategoricalDistribution\", \"attributes\": {\"choices\": [16, 32, 64]}}"}
{"op_code":5,"worker_id":"fc071723-94a2-4a86-9e7d-bdfde0c69d2a-140268501722624","trial_id":133,"param_name":"weight_decay","param_value_internal":1.013704782727017e-06,"distribution":"{\"name\": \"FloatDistribution\", \"attributes\": {\"step\": null, \"low\": 1e-06, \"high\": 0.01, \"log\": true}}"}
{"op_code":5,"worker_id":"fc071723-94a2-4a86-9e7d-bdfde0c69d2a-140268501722624","trial_id":133,"param_name":"dropout","param_value_internal":0.03910596359699417,"distribution":"{\"name\": \"FloatDistribution\", \"attributes\": {\"step\": null, \"low\": 0.0, \"high\": 0.3, \"log\": false}}"}
{"op_code":5,"worker_id":"fc071723-94a2-4a86-9e7d-bdfde0c69d2a-140268501722624","trial_id":133,"param_name":"patience","param_value_internal":5.0,"distribution":"{\"name\": \"IntDistribution\", \"attributes\": {\"log\": false, \"step\": 1, \"low\": 2, \"high\": 5}}"}
{"op_code":7,"worker_id":"40bc7db2-faeb-462c-8398-1aab030ed339-128154193819136","trial_id":125,"step":1,"intermediate_value":0.3926227357618834}
{"op_code":6,"worker_id":"40bc7db2-faeb-462c-8398-1aab030ed339-128154193819136","trial_id":125,"state":2,"values":[0.3926227357618834],"datetime_complete":"2026-08-20T00:24:37.806570"}
{"op_code":4,"worker_id":"40bc7db2-faeb-462c-8398-1aab030ed339-128154193819136","study_id":0,"datetime_start":"2026-08-20T00:24:37.811354"}
{"op_code":5,"worker_id":"40bc7db2-faeb-462c-8398-1aab030ed339-128154193819136","trial_id":134,"param_name":"lr","param_value_internal":6.993351410484018e-05,"distribution":"{\"name\": \"FloatDistribution\", \"attributes\": {\"step\": null, \"low\": 5e-06, \"high\": 0.0003, \"log\": true}}"}
{"op_code":5,"worker_id":"40bc7db2-faeb-462c-8398-1aab030ed339-128154193819136","trial_id":134,"param_name":"batch_size","param_value_internal":1,"distribution":"{\"name\": \"CategoricalDistribution\", \"attributes\": {\"choices\": [16, 32, 64]}}"}
{"op_code":5,"worker_id":"40bc7db2-faeb-462c-8398-1aab030ed339-128154193819136","trial_id":134,"param_name":"weight_decay","param_value_internal":2.847199723232509e-06,"distribution":"{\"name\": \"FloatDistribution\", \"attributes\": {\"step\": null, \"low\": 1e-06, \"high\": 0.01, \"log\": true}}"}
{"op_code":5,"worker_id":"40bc7db2-faeb-462c-8398-1aab030ed339-128154193819136","trial_id":134,"param_name":"dropout","param_value_internal":0.008229328885695525,"distribution":"{\"name\": \"FloatDistribution\", \"attributes\": {\"step\": null, \"low\": 0.0, \"high\": 0.3, \"log\": false}}"}
{"op_code":5,"worker_id":"40bc7db2-faeb-462c-8398-1aab030ed339-128154193819136","trial_id":134,"param_name":"patience","param_value_internal":5.0,"distribution":"{\"name\": \"IntDistribution\", \"attributes\": {\"log\": false, \"step\": 1, \"low\": 2, \"high\": 5}}"}
{"op_code":7,"worker_id":"679cf347-18f2-4a2e-a430-e12538a555a3-126265109607936","trial_id":119,"step":2,"intermediate_value":0.378571825304601}
{"op_code":6,"worker_id":"679cf347-18f2-4a2e-a430-e12538a555a3-126265109607936","trial_id":119,"state":1,"values":[0.378571825304601],"datetime_complete":"2026-08-20T00:25:02.779554"}
{"op_code":4,"worker_id":"679cf347-18f2-4a2e-a430-e12538a555a3-126265109607936","study_id":0,"datetime_start":"2026-08-20T00:25:02.784296"}
{"op_code":5,"worker_id":"679cf347-18f2-4a2e-a430-e12538a555a3-126265109607936","trial_id":135,"param_name":"lr","param_value_internal":4.4489947951079795e-05,"distribution":"{\"name\": \"FloatDistribution\", \"attributes\": {\"step\": null, \"low\": 5e-06, \"high\": 0.0003, \"log\": true}}"}
{"op_code":5,"worker_id":"679cf347-18f2-4a2e-a430-e12538a555a3-126265109607936","trial_id":135,"param_name":"batch_size","param_value_internal":1,"distribution":"{\"name\": \"CategoricalDistribution\", \"attributes\": {\"choices\": [16, 32, 64]}}"}
{"op_code":5,"worker_id":"679cf347-18f2-4a2e-a430-e12538a555a3-126265109607936","trial_id":135,"param_name":"weight_decay","param_value_internal":2.6626318349461635e-06,"distribution":"{\"name\": \"FloatDistribution\", \"attributes\": {\"step\": null, \"low\": 1e-06, \"high\": 0.01, \"log\": true}}"}
{"op_code":5,"worker_id":"679cf347-18f2-4a2e-a430-e12538a555a3-126265109607936","trial_id":135,"param_name":"dropout","param_value_internal":0.009457758785358959,"distribution":"{\"name\": \"FloatDistribution\", \"attributes\": {\"step\": null, \"low\": 0.0, \"high\": 0.3, \"log\": false}}"}
{"op_code":5,"worker_id":"679cf347-18f2-4a2e-a430-e12538a555a3-126265109607936","trial_id":135,"param_name":"patience","param_value_internal":5.0,"distribution":"{\"name\": \"IntDistribution\", \"attributes\": {\"log\": false, \"step\": 1, \"low\": 2, \"high\": 5}}"}
{"op_code":7,"worker_id":"9a8b9994-b7f8-45c0-883b-c8a222f6c0d6-137116887188992","trial_id":124,"step":1,"intermediate_value":0.42717702021094395}
{"op_code":6,"worker_id":"9a8b9994-b7f8-45c0-883b-c8a222f6c0d6-137116887188992","trial_id":124,"state":2,"values":[0.42717702021094395],"datetime_complete":"2026-08-20T00:25:13.881902"}
{"op_code":4,"worker_id":"9a8b9994-b7f8-45c0-883b-c8a222f6c0d6-137116887188992","study_id":0,"datetime_start":"2026-08-20T00:25:13.886672"}
{"op_code":5,"worker_id":"9a8b9994-b7f8-45c0-883b-c8a222f6c0d6-137116887188992","trial_id":136,"param_name":"lr","param_value_internal":4.489353392404129e-05,"distribution":"{\"name\": \"FloatDistribution\", \"attributes\": {\"step\": null, \"low\": 5e-06, \"high\": 0.0003, \"log\": true}}"}
{"op_code":5,"worker_id":"9a8b9994-b7f8-45c0-883b-c8a222f6c0d6-137116887188992","trial_id":136,"param_name":"batch_size","param_value_internal":1,"distribution":"{\"name\": \"CategoricalDistribution\", \"attributes\": {\"choices\": [16, 32, 64]}}"}
{"op_code":5,"worker_id":"9a8b9994-b7f8-45c0-883b-c8a222f6c0d6-137116887188992","trial_id":136,"param_name":"weight_decay","param_value_internal":2.775607762108241e-06,"distribution":"{\"name\": \"FloatDistribution\", \"attributes\": {\"step\": null, \"low\": 1e-06, \"high\": 0.01, \"log\": true}}"}
{"op_code":5,"worker_id":"9a8b9994-b7f8-45c0-883b-c8a222f6c0d6-137116887188992","trial_id":136,"param_name":"dropout","param_value_internal":0.009384797518980846,"distribution":"{\"name\": \"FloatDistribution\", \"attributes\": {\"step\": null, \"low\": 0.0, \"high\": 0.3, \"log\": false}}"}
{"op_code":5,"worker_id":"9a8b9994-b7f8-45c0-883b-c8a222f6c0d6-137116887188992","trial_id":136,"param_name":"patience","param_value_internal":2.0,"distribution":"{\"name\": \"IntDistribution\", \"attributes\": {\"log\": false, \"step\": 1, \"low\": 2, \"high\": 5}}"}
{"op_code":7,"worker_id":"d5d9ede1-bcd4-481f-8816-9f3bfc2ae4f1-130087024510464","trial_id":126,"step":1,"intermediate_value":0.37648035675354785}
{"op_code":7,"worker_id":"7d95b9da-d28a-4a61-9539-a7cadc394c27-137194481391104","trial_id":127,"step":1,"intermediate_value":0.3730103707592966}
{"op_code":7,"worker_id":"9e97f2a5-d018-4804-af09-446e3f976f45-127331980781056","trial_id":128,"step":1,"intermediate_value":0.3722461312190889}
{"op_code":7,"worker_id":"03390d1d-9dbe-44ea-b50c-8910413720e7-127115480471040","trial_id":129,"step":1,"intermediate_value":0.39105372723294163}
{"op_code":6,"worker_id":"03390d1d-9dbe-44ea-b50c-8910413720e7-127115480471040","trial_id":129,"state":2,"values":[0.39105372723294163],"datetime_complete":"2026-08-20T00:26:07.265591"}
{"op_code":4,"worker_id":"03390d1d-9dbe-44ea-b50c-8910413720e7-127115480471040","study_id":0,"datetime_start":"2026-08-20T00:26:07.270434"}
{"op_code":5,"worker_id":"03390d1d-9dbe-44ea-b50c-8910413720e7-127115480471040","trial_id":137,"param_name":"lr","param_value_internal":0.00010729832371900018,"distribution":"{\"name\": \"FloatDistribution\", \"attributes\": {\"step\": null, \"low\": 5e-06, \"high\": 0.0003, \"log\": true}}"}
{"op_code":5,"worker_id":"03390d1d-9dbe-44ea-b50c-8910413720e7-127115480471040","trial_id":137,"param_name":"batch_size","param_value_internal":1,"distribution":"{\"name\": \"CategoricalDistribution\", \"attributes\": {\"choices\": [16, 32, 64]}}"}
{"op_code":5,"worker_id":"03390d1d-9dbe-44ea-b50c-8910413720e7-127115480471040","trial_id":137,"param_name":"weight_decay","param_value_internal":2.604557295394502e-06,"distribution":"{\"name\": \"FloatDistribution\", \"attributes\": {\"step\": null, \"low\": 1e-06, \"high\": 0.01, \"log\": true}}"}
{"op_code":5,"worker_id":"03390d1d-9dbe-44ea-b50c-8910413720e7-127115480471040","trial_id":137,"param_name":"dropout","param_value_internal":0.00774321827497282,"distribution":"{\"name\": \"FloatDistribution\", \"attributes\": {\"step\": null, \"low\": 0.0, \"high\": 0.3, \"log\": false}}"}
{"op_code":5,"worker_id":"03390d1d-9dbe-44ea-b50c-8910413720e7-127115480471040","trial_id":137,"param_name":"patience","param_value_internal":2.0,"distribution":"{\"name\": \"IntDistribution\", \"attributes\": {\"log\": false, \"step\": 1, \"low\": 2, \"high\": 5}}"}
{"op_code":7,"worker_id":"d8159b67-1598-4530-8185-0b4e2f627deb-130265049986560","trial_id":122,"step":2,"intermediate_value":0.3798176276960739}
{"op_code":6,"worker_id":"d8159b67-1598-4530-8185-0b4e2f627deb-130265049986560","trial_id":122,"state":1,"values":[0.3798176276960739],"datetime_complete":"2026-08-20T00:26:24.882241"}
{"op_code":4,"worker_id":"d8159b67-1598-4530-8185-0b4e2f627deb-130265049986560","study_id":0,"datetime_start":"2026-08-20T00:26:24.887276"}
{"op_code":5,"worker_id":"d8159b67-1598-4530-8185-0b4e2f627deb-130265049986560","trial_id":138,"param_name":"lr","param_value_internal":6.787144987442471e-05,"distribution":"{\"name\": \"FloatDistribution\", \"attributes\": {\"step\": null, \"low\": 5e-06, \"high\": 0.0003, \"log\": true}}"}
{"op_code":5,"worker_id":"d8159b67-1598-4530-8185-0b4e2f627deb-130265049986560","trial_id":138,"param_name":"batch_size","param_value_internal":1,"distribution":"{\"name\": \"CategoricalDistribution\", \"attributes\": {\"choices\": [16, 32, 64]}}"}
{"op_code":5,"worker_id":"d8159b67-1598-4530-8185-0b4e2f627deb-130265049986560","trial_id":138,"param_name":"weight_decay","param_value_internal":2.5996002077433143e-06,"distribution":"{\"name\": \"FloatDistribution\", \"attributes\": {\"step\": null, \"low\": 1e-06, \"high\": 0.01, \"log\": true}}"}
{"op_code":5,"worker_id":"d8159b67-1598-4530-8185-0b4e2f627deb-130265049986560","trial_id":138,"param_name":"dropout","param_value_internal":0.008978749842435664,"distribution":"{\"name\": \"FloatDistribution\", \"attributes\": {\"step\": null, \"low\": 0.0, \"high\": 0.3, \"log\": false}}"}
{"op_code":5,"worker_id":"d8159b67-1598-4530-8185-0b4e2f627deb-130265049986560","trial_id":138,"param_name":"patience","param_value_internal":5.0,"distribution":"{\"name\": \"IntDistribution\", \"attributes\": {\"log\": false, \"step\": 1, \"low\": 2, \"high\": 5}}"}
{"op_code":7,"worker_id":"86638fb0-284c-4fe6-bb33-ee29d2adb3be-137621019616768","trial_id":130,"step":1,"intermediate_value":0.37181757492872125}
{"op_code":7,"worker_id":"9a8b9994-b7f8-45c0-883b-c8a222f6c0d6-137116887188992","trial_id":136,"step":1,"intermediate_value":0.41645296397633214}
{"op_code":6,"worker_id":"9a8b9994-b7f8-45c0-883b-c8a222f6c0d6-137116887188992","trial_id":136,"state":2,"values":[0.41645296397633214],"datetime_complete":"2026-08-20T00:28:16.473374"}
{"op_code":4,"worker_id":"9a8b9994-b7f8-45c0-883b-c8a222f6c0d6-137116887188992","study_id":0,"datetime_start":"2026-08-20T00:28:16.477566"}
{"op_code":5,"worker_id":"9a8b9994-b7f8-45c0-883b-c8a222f6c0d6-137116887188992","trial_id":139,"param_name":"lr","param_value_internal":8.145586464755821e-05,"distribution":"{\"name\": \"FloatDistribution\", \"attributes\": {\"step\": null, \"low\": 5e-06, \"high\": 0.0003, \"log\": true}}"}
{"op_code":5,"worker_id":"9a8b9994-b7f8-45c0-883b-c8a222f6c0d6-137116887188992","trial_id":139,"param_name":"batch_size","param_value_internal":1,"distribution":"{\"name\": \"CategoricalDistribution\", \"attributes\": {\"choices\": [16, 32, 64]}}"}
{"op_code":5,"worker_id":"9a8b9994-b7f8-45c0-883b-c8a222f6c0d6-137116887188992","trial_id":139,"param_name":"weight_decay","param_value_internal":2.760164829582258e-06,"distribution":"{\"name\": \"FloatDistribution\", \"attributes\": {\"step\": null, \"low\": 1e-06, \"high\": 0.01, \"log\": true}}"}
{"op_code":5,"worker_id":"9a8b9994-b7f8-45c0-883b-c8a222f6c0d6-137116887188992","trial_id":139,"param_name":"dropout","param_value_internal":0.00829229075627626,"distribution":"{\"name\": \"FloatDistribution\", \"attributes\": {\"step\": null, \"low\": 0.0, \"high\": 0.3, \"log\": false}}"}
{"op_code":5,"worker_id":"9a8b9994-b7f8-45c0-883b-c8a222f6c0d6-137116887188992","trial_id":139,"param_name":"patience","param_value_internal":5.0,"distribution":"{\"name\": \"IntDistribution\", \"attributes\": {\"log\": false, \"step\": 1, \"low\": 2, \"high\": 5}}"}
{"op_code":7,"worker_id":"40bc7db2-faeb-462c-8398-1aab030ed339-128154193819136","trial_id":134,"step":1,"intermediate_value":0.40406524280385187}
{"op_code":6,"worker_id":"40bc7db2-faeb-462c-8398-1aab030ed339-128154193819136","trial_id":134,"state":2,"values":[0.40406524280385187],"datetime_complete":"2026-08-20T00:28:25.379727"}
{"op_code":4,"worker_id":"40bc7db2-faeb-462c-8398-1aab030ed339-128154193819136","study_id":0,"datetime_start":"2026-08-20T00:28:25.383992"}
{"op_code":5,"worker_id":"40bc7db2-faeb-462c-8398-1aab030ed339-128154193819136","trial_id":140,"param_name":"lr","param_value_internal":2.2109259559638517e-05,"distribution":"{\"name\": \"FloatDistribution\", \"attributes\": {\"step\": null, \"low\": 5e-06, \"high\": 0.0003, \"log\": true}}"}
{"op_code":5,"worker_id":"40bc7db2-faeb-462c-8398-1aab030ed339-128154193819136","trial_id":140,"param_name":"batch_size","param_value_internal":1,"distribution":"{\"name\": \"CategoricalDistribution\", \"attributes\": {\"choices\": [16, 32, 64]}}"}
{"op_code":5,"worker_id":"40bc7db2-faeb-462c-8398-1aab030ed339-128154193819136","trial_id":140,"param_name":"weight_decay","param_value_internal":2.4853119045489224e-06,"distribution":"{\"name\": \"FloatDistribution\", \"attributes\": {\"step\": null, \"low\": 1e-06, \"high\": 0.01, \"log\": true}}"}
{"op_code":5,"worker_id":"40bc7db2-faeb-462c-8398-1aab030ed339-128154193819136","trial_id":140,"param_name":"dropout","param_value_internal":0.06373616497456804,"distribution":"{\"name\": \"FloatDistribution\", \"attributes\": {\"step\": null, \"low\": 0.0, \"high\": 0.3, \"log\": false}}"}
{"op_code":5,"worker_id":"40bc7db2-faeb-462c-8398-1aab030ed339-128154193819136","trial_id":140,"param_name":"patience","param_value_internal":5.0,"distribution":"{\"name\": \"IntDistribution\", \"attributes\": {\"log\": false, \"step\": 1, \"low\": 2, \"high\": 5}}"}
{"op_code":7,"worker_id":"8e121434-d455-47e7-a812-6463efa1c5b8-129601631901184","trial_id":131,"step":1,"intermediate_value":0.37659473886214834}
{"op_code":7,"worker_id":"03390d1d-9dbe-44ea-b50c-8910413720e7-127115480471040","trial_id":137,"step":1,"intermediate_value":0.4165954959373708}
{"op_code":6,"worker_id":"03390d1d-9dbe-44ea-b50c-8910413720e7-127115480471040","trial_id":137,"state":2,"values":[0.4165954959373708],"datetime_complete":"2026-08-20T00:29:34.686159"}
{"op_code":4,"worker_id":"03390d1d-9dbe-44ea-b50c-8910413720e7-127115480471040","study_id":0,"datetime_start":"2026-08-20T00:29:34.690842"}
{"op_code":5,"worker_id":"03390d1d-9dbe-44ea-b50c-8910413720e7-127115480471040","trial_id":141,"param_name":"lr","param_value_internal":8.368678045802546e-05,"distribution":"{\"name\": \"FloatDistribution\", \"attributes\": {\"step\": null, \"low\": 5e-06, \"high\": 0.0003, \"log\": true}}"}
{"op_code":5,"worker_id":"03390d1d-9dbe-44ea-b50c-8910413720e7-127115480471040","trial_id":141,"param_name":"batch_size","param_value_internal":1,"distribution":"{\"name\": \"CategoricalDistribution\", \"attributes\": {\"choices\": [16, 32, 64]}}"}
{"op_code":5,"worker_id":"03390d1d-9dbe-44ea-b50c-8910413720e7-127115480471040","trial_id":141,"param_name":"weight_decay","param_value_internal":6.896576037796386e-06,"distribution":"{\"name\": \"FloatDistribution\", \"attributes\": {\"step\": null, \"low\": 1e-06, \"high\": 0.01, \"log\": true}}"}
{"op_code":5,"worker_id":"03390d1d-9dbe-44ea-b50c-8910413720e7-127115480471040","trial_id":141,"param_name":"dropout","param_value_internal":0.06373343952357954,"distribution":"{\"name\": \"FloatDistribution\", \"attributes\": {\"step\": null, \"low\": 0.0, \"high\": 0.3, \"log\": false}}"}
{"op_code":5,"worker_id":"03390d1d-9dbe-44ea-b50c-8910413720e7-127115480471040","trial_id":141,"param_name":"patience","param_value_internal":5.0,"distribution":"{\"name\": \"IntDistribution\", \"attributes\": {\"log\": false, \"step\": 1, \"low\": 2, \"high\": 5}}"}
{"op_code":7,"worker_id":"fc071723-94a2-4a86-9e7d-bdfde0c69d2a-140268501722624","trial_id":133,"step":1,"intermediate_value":0.3864051181205537}
{"op_code":6,"worker_id":"fc071723-94a2-4a86-9e7d-bdfde0c69d2a-140268501722624","trial_id":133,"state":2,"values":[0.3864051181205537],"datetime_complete":"2026-08-20T00:29:43.416508"}
{"op_code":4,"worker_id":"fc071723-94a2-4a86-9e7d-bdfde0c69d2a-140268501722624","study_id":0,"datetime_start":"2026-08-20T00:29:43.420422"}
{"op_code":5,"worker_id":"fc071723-94a2-4a86-9e7d-bdfde0c69d2a-140268501722624","trial_id":142,"param_name":"lr","param_value_internal":0.0001462973204089119,"distribution":"{\"name\": \"FloatDistribution\", \"attributes\": {\"step\": null, \"low\": 5e-06, \"high\": 0.0003, \"log\": true}}"}
{"op_code":5,"worker_id":"fc071723-94a2-4a86-9e7d-bdfde0c69d2a-140268501722624","trial_id":142,"param_name":"batch_size","param_value_internal":1,"distribution":"{\"name\": \"CategoricalDistribution\", \"attributes\": {\"choices\": [16, 32, 64]}}"}
{"op_code":5,"worker_id":"fc071723-94a2-4a86-9e7d-bdfde0c69d2a-140268501722624","trial_id":142,"param_name":"weight_decay","param_value_internal":7.3791684662303804e-06,"distribution":"{\"name\": \"FloatDistribution\", \"attributes\": {\"step\": null, \"low\": 1e-06, \"high\": 0.01, \"log\": true}}"}
{"op_code":5,"worker_id":"fc071723-94a2-4a86-9e7d-bdfde0c69d2a-140268501722624","trial_id":142,"param_name":"dropout","param_value_internal":0.04810683857642874,"distribution":"{\"name\": \"FloatDistribution\", \"attributes\": {\"step\": null, \"low\": 0.0, \"high\": 0.3, \"log\": false}}"}
{"op_code":5,"worker_id":"fc071723-94a2-4a86-9e7d-bdfde0c69d2a-140268501722624","trial_id":142,"param_name":"patience","param_value_internal":5.0,"distribution":"{\"name\": \"IntDistribution\", \"attributes\": {\"log\": false, \"step\": 1, \"low\": 2, \"high\": 5}}"}
{"op_code":7,"worker_id":"c2ed5631-5232-4419-9221-7c75593489a3-135269821588992","trial_id":132,"step":1,"intermediate_value":0.37746284402674213}
{"op_code":7,"worker_id":"679cf347-18f2-4a2e-a430-e12538a555a3-126265109607936","trial_id":135,"step":1,"intermediate_value":0.38115035203499054}
{"op_code":6,"worker_id":"679cf347-18f2-4a2e-a430-e12538a555a3-126265109607936","trial_id":135,"state":2,"values":[0.38115035203499054],"datetime_complete":"2026-08-20T00:30:50.958940"}
{"op_code":4,"worker_id":"679cf347-18f2-4a2e-a430-e12538a555a3-126265109607936","study_id":0,"datetime_start":"2026-08-20T00:30:50.963143"}
{"op_code":5,"worker_id":"679cf347-18f2-4a2e-a430-e12538a555a3-126265109607936","trial_id":143,"param_name":"lr","param_value_internal":8.318233488030258e-05,"distribution":"{\"name\": \"FloatDistribution\", \"attributes\": {\"step\": null, \"low\": 5e-06, \"high\": 0.0003, \"log\": true}}"}
{"op_code":5,"worker_id":"679cf347-18f2-4a2e-a430-e12538a555a3-126265109607936","trial_id":143,"param_name":"batch_size","param_value_internal":1,"distribution":"{\"name\": \"CategoricalDistribution\", \"attributes\": {\"choices\": [16, 32, 64]}}"}
{"op_code":5,"worker_id":"679cf347-18f2-4a2e-a430-e12538a555a3-126265109607936","trial_id":143,"param_name":"weight_decay","param_value_internal":7.945537503420261e-06,"distribution":"{\"name\": \"FloatDistribution\", \"attributes\": {\"step\": null, \"low\": 1e-06, \"high\": 0.01, \"log\": true}}"}
{"op_code":5,"worker_id":"679cf347-18f2-4a2e-a430-e12538a555a3-126265109607936","trial_id":143,"param_name":"dropout","param_value_internal":0.06436861873795834,"distribution":"{\"name\": \"FloatDistribution\", \"attributes\": {\"step\": null, \"low\": 0.0, \"high\": 0.3, \"log\": false}}"}
{"op_code":5,"worker_id":"679cf347-18f2-4a2e-a430-e12538a555a3-126265109607936","trial_id":143,"param_name":"patience","param_value_internal":5.0,"distribution":"{\"name\": \"IntDistribution\", \"attributes\": {\"log\": false, \"step\": 1, \"low\": 2, \"high\": 5}}"}
{"op_code":7,"worker_id":"d5d9ede1-bcd4-481f-8816-9f3bfc2ae4f1-130087024510464","trial_id":126,"step":2,"intermediate_value":0.377442759467136}
{"op_code":6,"worker_id":"d5d9ede1-bcd4-481f-8816-9f3bfc2ae4f1-130087024510464","trial_id":126,"state":1,"values":[0.377442759467136],"datetime_complete":"2026-08-20T00:31:15.741483"}
{"op_code":4,"worker_id":"d5d9ede1-bcd4-481f-8816-9f3bfc2ae4f1-130087024510464","study_id":0,"datetime_start":"2026-08-20T00:31:15.746032"}
{"op_code":5,"worker_id":"d5d9ede1-bcd4-481f-8816-9f3bfc2ae4f1-130087024510464","trial_id":144,"param_name":"lr","param_value_internal":8.849165353341784e-05,"distribution":"{\"name\": \"FloatDistribution\", \"attributes\": {\"step\": null, \"low\": 5e-06, \"high\": 0.0003, \"log\": true}}"}
{"op_code":5,"worker_id":"d5d9ede1-bcd4-481f-8816-9f3bfc2ae4f1-130087024510464","trial_id":144,"param_name":"batch_size","param_value_internal":1,"distribution":"{\"name\": \"CategoricalDistribution\", \"attributes\": {\"choices\": [16, 32, 64]}}"}
{"op_code":5,"worker_id":"d5d9ede1-bcd4-481f-8816-9f3bfc2ae4f1-130087024510464","trial_id":144,"param_name":"weight_decay","param_value_internal":2.0335855236857024e-06,"distribution":"{\"name\": \"FloatDistribution\", \"attributes\": {\"step\": null, \"low\": 1e-06, \"high\": 0.01, \"log\": true}}"}
{"op_code":5,"worker_id":"d5d9ede1-bcd4-481f-8816-9f3bfc2ae4f1-130087024510464","trial_id":144,"param_name":"dropout","param_value_internal":0.0495056363694653,"distribution":"{\"name\": \"FloatDistribution\", \"attributes\": {\"step\": null, \"low\": 0.0, \"high\": 0.3, \"log\": false}}"}
{"op_code":5,"worker_id":"d5d9ede1-bcd4-481f-8816-9f3bfc2ae4f1-130087024510464","trial_id":144,"param_name":"patience","param_value_internal":5.0,"distribution":"{\"name\": \"IntDistribution\", \"attributes\": {\"log\": false, \"step\": 1, \"low\": 2, \"high\": 5}}"}
{"op_code":7,"worker_id":"7d95b9da-d28a-4a61-9539-a7cadc394c27-137194481391104","trial_id":127,"step":2,"intermediate_value":0.37964699428757265}
{"op_code":6,"worker_id":"7d95b9da-d28a-4a61-9539-a7cadc394c27-137194481391104","trial_id":127,"state":1,"values":[0.37964699428757265],"datetime_complete":"2026-08-20T00:31:28.987711"}
{"op_code":4,"worker_id":"7d95b9da-d28a-4a61-9539-a7cadc394c27-137194481391104","study_id":0,"datetime_start":"2026-08-20T00:31:28.992509"}
{"op_code":5,"worker_id":"7d95b9da-d28a-4a61-9539-a7cadc394c27-137194481391104","trial_id":145,"param_name":"lr","param_value_internal":8.625113269930093e-05,"distribution":"{\"name\": \"FloatDistribution\", \"attributes\": {\"step\": null, \"low\": 5e-06, \"high\": 0.0003, \"log\": true}}"}
{"op_code":5,"worker_id":"7d95b9da-d28a-4a61-9539-a7cadc394c27-137194481391104","trial_id":145,"param_name":"batch_size","param_value_internal":1,"distribution":"{\"name\": \"CategoricalDistribution\", \"attributes\": {\"choices\": [16, 32, 64]}}"}
{"op_code":5,"worker_id":"7d95b9da-d28a-4a61-9539-a7cadc394c27-137194481391104","trial_id":145,"param_name":"weight_decay","param_value_internal":1.936425538919696e-06,"distribution":"{\"name\": \"FloatDistribution\", \"attributes\": {\"step\": null, \"low\": 1e-06, \"high\": 0.01, \"log\": true}}"}
{"op_code":5,"worker_id":"7d95b9da-d28a-4a61-9539-a7cadc394c27-137194481391104","trial_id":145,"param_name":"dropout","param_value_internal":0.0477357083786345,"distribution":"{\"name\": \"FloatDistribution\", \"attributes\": {\"step\": null, \"low\": 0.0, \"high\": 0.3, \"log\": false}}"}
{"op_code":5,"worker_id":"7d95b9da-d28a-4a61-9539-a7cadc394c27-137194481391104","trial_id":145,"param_name":"patience","param_value_internal":5.0,"distribution":"{\"name\": \"IntDistribution\", \"attributes\": {\"log\": false, \"step\": 1, \"low\": 2, \"high\": 5}}"}
{"op_code":7,"worker_id":"9e97f2a5-d018-4804-af09-446e3f976f45-127331980781056","trial_id":128,"step":2,"intermediate_value":0.37739233296126146}
{"op_code":6,"worker_id":"9e97f2a5-d018-4804-af09-446e3f976f45-127331980781056","trial_id":128,"state":1,"values":[0.37739233296126146],"datetime_complete":"2026-08-20T00:31:43.843967"}
{"op_code":4,"worker_id":"9e97f2a5-d018-4804-af09-446e3f976f45-127331980781056","study_id":0,"datetime_start":"2026-08-20T00:31:43.848661"}
{"op_code":5,"worker_id":"9e97f2a5-d018-4804-af09-446e3f976f45-127331980781056","trial_id":146,"param_name":"lr","param_value_internal":8.438170088226689e-05,"distribution":"{\"name\": \"FloatDistribution\", \"attributes\": {\"step\": null, \"low\": 5e-06, \"high\": 0.0003, \"log\": true}}"}
{"op_code":5,"worker_id":"9e97f2a5-d018-4804-af09-446e3f976f45-127331980781056","trial_id":146,"param_name":"batch_size","param_value_internal":1,"distribution":"{\"name\": \"CategoricalDistribution\", \"attributes\": {\"choices\": [16, 32, 64]}}"}
{"op_code":5,"worker_id":"9e97f2a5-d018-4804-af09-446e3f976f45-127331980781056","trial_id":146,"param_name":"weight_decay","param_value_internal":1.91200904704197e-06,"distribution":"{\"name\": \"FloatDistribution\", \"attributes\": {\"step\": null, \"low\": 1e-06, \"high\": 0.01, \"log\": true}}"}
{"op_code":5,"worker_id":"9e97f2a5-d018-4804-af09-446e3f976f45-127331980781056","trial_id":146,"param_name":"dropout","param_value_internal":0.10274694367862244,"distribution":"{\"name\": \"FloatDistribution\", \"attributes\": {\"step\": null, \"low\": 0.0, \"high\": 0.3, \"log\": false}}"}
{"op_code":5,"worker_id":"9e97f2a5-d018-4804-af09-446e3f976f45-127331980781056","trial_id":146,"param_name":"patience","param_value_internal":5.0,"distribution":"{\"name\": \"IntDistribution\", \"attributes\": {\"log\": false, \"step\": 1, \"low\": 2, \"high\": 5}}"}
{"op_code":7,"worker_id":"d8159b67-1598-4530-8185-0b4e2f627deb-130265049986560","trial_id":138,"step":1,"intermediate_value":0.3804681946277478}
{"op_code":6,"worker_id":"d8159b67-1598-4530-8185-0b4e2f627deb-130265049986560","trial_id":138,"state":2,"values":[0.3804681946277478],"datetime_complete":"2026-08-20T00:32:09.722061"}
{"op_code":4,"worker_id":"d8159b67-1598-4530-8185-0b4e2f627deb-130265049986560","study_id":0,"datetime_start":"2026-08-20T00:32:09.726890"}
{"op_code":5,"worker_id":"d8159b67-1598-4530-8185-0b4e2f627deb-130265049986560","trial_id":147,"param_name":"lr","param_value_internal":8.316826101602923e-05,"distribution":"{\"name\": \"FloatDistribution\", \"attributes\": {\"step\": null, \"low\": 5e-06, \"high\": 0.0003, \"log\": true}}"}
{"op_code":5,"worker_id":"d8159b67-1598-4530-8185-0b4e2f627deb-130265049986560","trial_id":147,"param_name":"batch_size","param_value_internal":1,"distribution":"{\"name\": \"CategoricalDistribution\", \"attributes\": {\"choices\": [16, 32, 64]}}"}
{"op_code":5,"worker_id":"d8159b67-1598-4530-8185-0b4e2f627deb-130265049986560","trial_id":147,"param_name":"weight_decay","param_value_internal":7.919410286675245e-06,"distribution":"{\"name\": \"FloatDistribution\", \"attributes\": {\"step\": null, \"low\": 1e-06, \"high\": 0.01, \"log\": true}}"}
{"op_code":5,"worker_id":"d8159b67-1598-4530-8185-0b4e2f627deb-130265049986560","trial_id":147,"param_name":"dropout","param_value_internal":0.1035097599864338,"distribution":"{\"name\": \"FloatDistribution\", \"attributes\": {\"step\": null, \"low\": 0.0, \"high\": 0.3, \"log\": false}}"}
{"op_code":5,"worker_id":"d8159b67-1598-4530-8185-0b4e2f627deb-130265049986560","trial_id":147,"param_name":"patience","param_value_internal":5.0,"distribution":"{\"name\": \"IntDistribution\", \"attributes\": {\"log\": false, \"step\": 1, \"low\": 2, \"high\": 5}}"}
{"op_code":7,"worker_id":"8e121434-d455-47e7-a812-6463efa1c5b8-129601631901184","trial_id":131,"step":2,"intermediate_value":0.3860886598553652}
{"op_code":6,"worker_id":"8e121434-d455-47e7-a812-6463efa1c5b8-129601631901184","trial_id":131,"state":1,"values":[0.3860886598553652],"datetime_complete":"2026-08-20T00:33:41.097153"}
{"op_code":4,"worker_id":"8e121434-d455-47e7-a812-6463efa1c5b8-129601631901184","study_id":0,"datetime_start":"2026-08-20T00:33:41.101649"}
{"op_code":5,"worker_id":"8e121434-d455-47e7-a812-6463efa1c5b8-129601631901184","trial_id":148,"param_name":"lr","param_value_internal":8.154948294045926e-05,"distribution":"{\"name\": \"FloatDistribution\", \"attributes\": {\"step\": null, \"low\": 5e-06, \"high\": 0.0003, \"log\": true}}"}
{"op_code":5,"worker_id":"8e121434-d455-47e7-a812-6463efa1c5b8-129601631901184","trial_id":148,"param_name":"batch_size","param_value_internal":1,"distribution":"{\"name\": \"CategoricalDistribution\", \"attributes\": {\"choices\": [16, 32, 64]}}"}
{"op_code":5,"worker_id":"8e121434-d455-47e7-a812-6463efa1c5b8-129601631901184","trial_id":148,"param_name":"weight_decay","param_value_internal":7.655544429889861e-06,"distribution":"{\"name\": \"FloatDistribution\", \"attributes\": {\"step\": null, \"low\": 1e-06, \"high\": 0.01, \"log\": true}}"}
{"op_code":5,"worker_id":"8e121434-d455-47e7-a812-6463efa1c5b8-129601631901184","trial_id":148,"param_name":"dropout","param_value_internal":0.0983524416874762,"distribution":"{\"name\": \"FloatDistribution\", \"attributes\": {\"step\": null, \"low\": 0.0, \"high\": 0.3, \"log\": false}}"}
{"op_code":5,"worker_id":"8e121434-d455-47e7-a812-6463efa1c5b8-129601631901184","trial_id":148,"param_name":"patience","param_value_internal":5.0,"distribution":"{\"name\": \"IntDistribution\", \"attributes\": {\"log\": false, \"step\": 1, \"low\": 2, \"high\": 5}}"}
{"op_code":7,"worker_id":"9a8b9994-b7f8-45c0-883b-c8a222f6c0d6-137116887188992","trial_id":139,"step":1,"intermediate_value":0.3788959642721073}
{"op_code":7,"worker_id":"40bc7db2-faeb-462c-8398-1aab030ed339-128154193819136","trial_id":140,"step":1,"intermediate_value":0.402511877705042}
{"op_code":6,"worker_id":"40bc7db2-faeb-462c-8398-1aab030ed339-128154193819136","trial_id":140,"state":2,"values":[0.402511877705042],"datetime_complete":"2026-08-20T00:34:06.189049"}
{"op_code":4,"worker_id":"40bc7db2-faeb-462c-8398-1aab030ed339-128154193819136","study_id":0,"datetime_start":"2026-08-20T00:34:06.193576"}
{"op_code":5,"worker_id":"40bc7db2-faeb-462c-8398-1aab030ed339-128154193819136","trial_id":149,"param_name":"lr","param_value_internal":8.147799156059624e-05,"distribution":"{\"name\": \"FloatDistribution\", \"attributes\": {\"step\": null, \"low\": 5e-06, \"high\": 0.0003, \"log\": true}}"}
{"op_code":5,"worker_id":"40bc7db2-faeb-462c-8398-1aab030ed339-128154193819136","trial_id":149,"param_name":"batch_size","param_value_internal":1,"distribution":"{\"name\": \"CategoricalDistribution\", \"attributes\": {\"choices\": [16, 32, 64]}}"}
{"op_code":5,"worker_id":"40bc7db2-faeb-462c-8398-1aab030ed339-128154193819136","trial_id":149,"param_name":"weight_decay","param_value_internal":7.918574944575345e-06,"distribution":"{\"name\": \"FloatDistribution\", \"attributes\": {\"step\": null, \"low\": 1e-06, \"high\": 0.01, \"log\": true}}"}
{"op_code":5,"worker_id":"40bc7db2-faeb-462c-8398-1aab030ed339-128154193819136","trial_id":149,"param_name":"dropout","param_value_internal":0.0939142243373043,"distribution":"{\"name\": \"FloatDistribution\", \"attributes\": {\"step\": null, \"low\": 0.0, \"high\": 0.3, \"log\": false}}"}
{"op_code":5,"worker_id":"40bc7db2-faeb-462c-8398-1aab030ed339-128154193819136","trial_id":149,"param_name":"patience","param_value_internal":5.0,"distribution":"{\"name\": \"IntDistribution\", \"attributes\": {\"log\": false, \"step\": 1, \"low\": 2, \"high\": 5}}"}
{"op_code":7,"worker_id":"86638fb0-284c-4fe6-bb33-ee29d2adb3be-137621019616768","trial_id":130,"step":2,"intermediate_value":0.36871255171483525}
{"op_code":6,"worker_id":"86638fb0-284c-4fe6-bb33-ee29d2adb3be-137621019616768","trial_id":130,"state":1,"values":[0.36871255171483525],"datetime_complete":"2026-08-20T00:34:33.576050"}
{"op_code":4,"worker_id":"86638fb0-284c-4fe6-bb33-ee29d2adb3be-137621019616768","study_id":0,"datetime_start":"2026-08-20T00:34:33.581178"}
{"op_code":5,"worker_id":"86638fb0-284c-4fe6-bb33-ee29d2adb3be-137621019616768","trial_id":150,"param_name":"lr","param_value_internal":8.019413147019989e-05,"distribution":"{\"name\": \"FloatDistribution\", \"attributes\": {\"step\": null, \"low\": 5e-06, \"high\": 0.0003, \"log\": true}}"}
{"op_code":5,"worker_id":"86638fb0-284c-4fe6-bb33-ee29d2adb3be-137621019616768","trial_id":150,"param_name":"batch_size","param_value_internal":1,"distribution":"{\"name\": \"CategoricalDistribution\", \"attributes\": {\"choices\": [16, 32, 64]}}"}
{"op_code":5,"worker_id":"86638fb0-284c-4fe6-bb33-ee29d2adb3be-137621019616768","trial_id":150,"param_name":"weight_decay","param_value_internal":8.072193693053573e-06,"distribution":"{\"name\": \"FloatDistribution\", \"attributes\": {\"step\": null, \"low\": 1e-06, \"high\": 0.01, \"log\": true}}"}
{"op_code":5,"worker_id":"86638fb0-284c-4fe6-bb33-ee29d2adb3be-137621019616768","trial_id":150,"param_name":"dropout","param_value_internal":0.04985777320597555,"distribution":"{\"name\": \"FloatDistribution\", \"attributes\": {\"step\": null, \"low\": 0.0, \"high\": 0.3, \"log\": false}}"}
{"op_code":5,"worker_id":"86638fb0-284c-4fe6-bb33-ee29d2adb3be-137621019616768","trial_id":150,"param_name":"patience","param_value_internal":5.0,"distribution":"{\"name\": \"IntDistribution\", \"attributes\": {\"log\": false, \"step\": 1, \"low\": 2, \"high\": 5}}"}
{"op_code":7,"worker_id":"03390d1d-9dbe-44ea-b50c-8910413720e7-127115480471040","trial_id":141,"step":1,"intermediate_value":0.3729862407264319}
{"op_code":7,"worker_id":"fc071723-94a2-4a86-9e7d-bdfde0c69d2a-140268501722624","trial_id":142,"step":1,"intermediate_value":0.39413974946348546}
{"op_code":6,"worker_id":"fc071723-94a2-4a86-9e7d-bdfde0c69d2a-140268501722624","trial_id":142,"state":2,"values":[0.39413974946348546],"datetime_complete":"2026-08-20T00:35:28.978565"}
{"op_code":4,"worker_id":"fc071723-94a2-4a86-9e7d-bdfde0c69d2a-140268501722624","study_id":0,"datetime_start":"2026-08-20T00:35:28.983379"}
{"op_code":5,"worker_id":"fc071723-94a2-4a86-9e7d-bdfde0c69d2a-140268501722624","trial_id":151,"param_name":"lr","param_value_internal":8.095372317763585e-05,"distribution":"{\"name\": \"FloatDistribution\", \"attributes\": {\"step\": null, \"low\": 5e-06, \"high\": 0.0003, \"log\": true}}"}
{"op_code":5,"worker_id":"fc071723-94a2-4a86-9e7d-bdfde0c69d2a-140268501722624","trial_id":151,"param_name":"batch_size","param_value_internal":1,"distribution":"{\"name\": \"CategoricalDistribution\", \"attributes\": {\"choices\": [16, 32, 64]}}"}
{"op_code":5,"worker_id":"fc071723-94a2-4a86-9e7d-bdfde0c69d2a-140268501722624","trial_id":151,"param_name":"weight_decay","param_value_internal":1.9032336339313049e-06,"distribution":"{\"name\": \"FloatDistribution\", \"attributes\": {\"step\": null, \"low\": 1e-06, \"high\": 0.01, \"log\": true}}"}
{"op_code":5,"worker_id":"fc071723-94a2-4a86-9e7d-bdfde0c69d2a-140268501722624","trial_id":151,"param_name":"dropout","param_value_internal":0.03168618927215571,"distribution":"{\"name\": \"FloatDistribution\", \"attributes\": {\"step\": null, \"low\": 0.0, \"high\": 0.3, \"log\": false}}"}
{"op_code":5,"worker_id":"fc071723-94a2-4a86-9e7d-bdfde0c69d2a-140268501722624","trial_id":151,"param_name":"patience","param_value_internal":5.0,"distribution":"{\"name\": \"IntDistribution\", \"attributes\": {\"log\": false, \"step\": 1, \"low\": 2, \"high\": 5}}"}
{"op_code":7,"worker_id":"d5d9ede1-bcd4-481f-8816-9f3bfc2ae4f1-130087024510464","trial_id":144,"step":1,"intermediate_value":0.3914192302925135}
{"op_code":6,"worker_id":"d5d9ede1-bcd4-481f-8816-9f3bfc2ae4f1-130087024510464","trial_id":144,"state":2,"values":[0.3914192302925135],"datetime_complete":"2026-08-20T00:36:20.878933"}
{"op_code":4,"worker_id":"d5d9ede1-bcd4-481f-8816-9f3bfc2ae4f1-130087024510464","study_id":0,"datetime_start":"2026-08-20T00:36:20.883693"}
{"op_code":5,"worker_id":"d5d9ede1-bcd4-481f-8816-9f3bfc2ae4f1-130087024510464","trial_id":152,"param_name":"lr","param_value_internal":8.102743754456946e-05,"distribution":"{\"name\": \"FloatDistribution\", \"attributes\": {\"step\": null, \"low\": 5e-06, \"high\": 0.0003, \"log\": true}}"}
{"op_code":5,"worker_id":"d5d9ede1-bcd4-481f-8816-9f3bfc2ae4f1-130087024510464","trial_id":152,"param_name":"batch_size","param_value_internal":1,"distribution":"{\"name\": \"CategoricalDistribution\", \"attributes\": {\"choices\": [16, 32, 64]}}"}
{"op_code":5,"worker_id":"d5d9ede1-bcd4-481f-8816-9f3bfc2ae4f1-130087024510464","trial_id":152,"param_name":"weight_decay","param_value_internal":1.3311659205757417e-06,"distribution":"{\"name\": \"FloatDistribution\", \"attributes\": {\"step\": null, \"low\": 1e-06, \"high\": 0.01, \"log\": true}}"}
{"op_code":5,"worker_id":"d5d9ede1-bcd4-481f-8816-9f3bfc2ae4f1-130087024510464","trial_id":152,"param_name":"dropout","param_value_internal":0.031112596922998084,"distribution":"{\"name\": \"FloatDistribution\", \"attributes\": {\"step\": null, \"low\": 0.0, \"high\": 0.3, \"log\": false}}"}
{"op_code":5,"worker_id":"d5d9ede1-bcd4-481f-8816-9f3bfc2ae4f1-130087024510464","trial_id":152,"param_name":"patience","param_value_internal":5.0,"distribution":"{\"name\": \"IntDistribution\", \"attributes\": {\"log\": false, \"step\": 1, \"low\": 2, \"high\": 5}}"}
{"op_code":7,"worker_id":"679cf347-18f2-4a2e-a430-e12538a555a3-126265109607936","trial_id":143,"step":1,"intermediate_value":0.35677496215819726}
{"op_code":7,"worker_id":"c2ed5631-5232-4419-9221-7c75593489a3-135269821588992","trial_id":132,"step":2,"intermediate_value":0.380123286142279}
{"op_code":6,"worker_id":"c2ed5631-5232-4419-9221-7c75593489a3-135269821588992","trial_id":132,"state":1,"values":[0.380123286142279],"datetime_complete":"2026-08-20T00:36:53.860226"}
{"op_code":4,"worker_id":"c2ed5631-5232-4419-9221-7c75593489a3-135269821588992","study_id":0,"datetime_start":"2026-08-20T00:36:53.864900"}
{"op_code":5,"worker_id":"c2ed5631-5232-4419-9221-7c75593489a3-135269821588992","trial_id":153,"param_name":"lr","param_value_internal":5.382622378977923e-05,"distribution":"{\"name\": \"FloatDistribution\", \"attributes\": {\"step\": null, \"low\": 5e-06, \"high\": 0.0003, \"log\": true}}"}
{"op_code":5,"worker_id":"c2ed5631-5232-4419-9221-7c75593489a3-135269821588992","trial_id":153,"param_name":"batch_size","param_value_internal":1,"distribution":"{\"name\": \"CategoricalDistribution\", \"attributes\": {\"choices\": [16, 32, 64]}}"}
{"op_code":5,"worker_id":"c2ed5631-5232-4419-9221-7c75593489a3-135269821588992","trial_id":153,"param_name":"weight_decay","param_value_internal":1.3196822855980864e-06,"distribution":"{\"name\": \"FloatDistribution\", \"attributes\": {\"step\": null, \"low\": 1e-06, \"high\": 0.01, \"log\": true}}"}
{"op_code":5,"worker_id":"c2ed5631-5232-4419-9221-7c75593489a3-135269821588992","trial_id":153,"param_name":"dropout","param_value_internal":0.03260647984668706,"distribution":"{\"name\": \"FloatDistribution\", \"attributes\": {\"step\": null, \"low\": 0.0, \"high\": 0.3, \"log\": false}}"}
{"op_code":5,"worker_id":"c2ed5631-5232-4419-9221-7c75593489a3-135269821588992","trial_id":153,"param_name":"patience","param_value_internal":5.0,"distribution":"{\"name\": \"IntDistribution\", \"attributes\": {\"log\": false, \"step\": 1, \"low\": 2, \"high\": 5}}"}
{"op_code":7,"worker_id":"7d95b9da-d28a-4a61-9539-a7cadc394c27-137194481391104","trial_id":145,"step":1,"intermediate_value":0.38600464587312117}
{"op_code":6,"worker_id":"7d95b9da-d28a-4a61-9539-a7cadc394c27-137194481391104","trial_id":145,"state":2,"values":[0.38600464587312117],"datetime_complete":"2026-08-20T00:37:15.266122"}
{"op_code":4,"worker_id":"7d95b9da-d28a-4a61-9539-a7cadc394c27-137194481391104","study_id":0,"datetime_start":"2026-08-20T00:37:15.270791"}
{"op_code":5,"worker_id":"7d95b9da-d28a-4a61-9539-a7cadc394c27-137194481391104","trial_id":154,"param_name":"lr","param_value_internal":0.00011278360536615669,"distribution":"{\"name\": \"FloatDistribution\", \"attributes\": {\"step\": null, \"low\": 5e-06, \"high\": 0.0003, \"log\": true}}"}
{"op_code":5,"worker_id":"7d95b9da-d28a-4a61-9539-a7cadc394c27-137194481391104","trial_id":154,"param_name":"batch_size","param_value_internal":1,"distribution":"{\"name\": \"CategoricalDistribution\", \"attributes\": {\"choices\": [16, 32, 64]}}"}
{"op_code":5,"worker_id":"7d95b9da-d28a-4a61-9539-a7cadc394c27-137194481391104","trial_id":154,"param_name":"weight_decay","param_value_internal":1.8230286204589093e-06,"distribution":"{\"name\": \"FloatDistribution\", \"attributes\": {\"step\": null, \"low\": 1e-06, \"high\": 0.01, \"log\": true}}"}
{"op_code":5,"worker_id":"7d95b9da-d28a-4a61-9539-a7cadc394c27-137194481391104","trial_id":154,"param_name":"dropout","param_value_internal":0.09960180095407609,"distribution":"{\"name\": \"FloatDistribution\", \"attributes\": {\"step\": null, \"low\": 0.0, \"high\": 0.3, \"log\": false}}"}
{"op_code":5,"worker_id":"7d95b9da-d28a-4a61-9539-a7cadc394c27-137194481391104","trial_id":154,"param_name":"patience","param_value_internal":5.0,"distribution":"{\"name\": \"IntDistribution\", \"attributes\": {\"log\": false, \"step\": 1, \"low\": 2, \"high\": 5}}"}
{"op_code":7,"worker_id":"9e97f2a5-d018-4804-af09-446e3f976f45-127331980781056","trial_id":146,"step":1,"intermediate_value":0.37989697951272483}
{"op_code":6,"worker_id":"9e97f2a5-d018-4804-af09-446e3f976f45-127331980781056","trial_id":146,"state":2,"values":[0.37989697951272483],"datetime_complete":"2026-08-20T00:37:32.701326"}
{"op_code":4,"worker_id":"9e97f2a5-d018-4804-af09-446e3f976f45-127331980781056","study_id":0,"datetime_start":"2026-08-20T00:37:32.706221"}
{"op_code":5,"worker_id":"9e97f2a5-d018-4804-af09-446e3f976f45-127331980781056","trial_id":155,"param_name":"lr","param_value_internal":5.4798216476731234e-05,"distribution":"{\"name\": \"FloatDistribution\", \"attributes\": {\"step\": null, \"low\": 5e-06, \"high\": 0.0003, \"log\": true}}"}
{"op_code":5,"worker_id":"9e97f2a5-d018-4804-af09-446e3f976f45-127331980781056","trial_id":155,"param_name":"batch_size","param_value_internal":1,"distribution":"{\"name\": \"CategoricalDistribution\", \"attributes\": {\"choices\": [16, 32, 64]}}"}
{"op_code":5,"worker_id":"9e97f2a5-d018-4804-af09-446e3f976f45-127331980781056","trial_id":155,"param_name":"weight_decay","param_value_internal":1.3420287719986492e-06,"distribution":"{\"name\": \"FloatDistribution\", \"attributes\": {\"step\": null, \"low\": 1e-06, \"high\": 0.01, \"log\": true}}"}
{"op_code":5,"worker_id":"9e97f2a5-d018-4804-af09-446e3f976f45-127331980781056","trial_id":155,"param_name":"dropout","param_value_internal":0.030210189844734926,"distribution":"{\"name\": \"FloatDistribution\", \"attributes\": {\"step\": null, \"low\": 0.0, \"high\": 0.3, \"log\": false}}"}
{"op_code":5,"worker_id":"9e97f2a5-d018-4804-af09-446e3f976f45-127331980781056","trial_id":155,"param_name":"patience","param_value_internal":5.0,"distribution":"{\"name\": \"IntDistribution\", \"attributes\": {\"log\": false, \"step\": 1, \"low\": 2, \"high\": 5}}"}
{"op_code":7,"worker_id":"d8159b67-1598-4530-8185-0b4e2f627deb-130265049986560","trial_id":147,"step":1,"intermediate_value":0.3707615432709593}
{"op_code":7,"worker_id":"8e121434-d455-47e7-a812-6463efa1c5b8-129601631901184","trial_id":148,"step":1,"intermediate_value":0.3750573099992029}
{"op_code":7,"worker_id":"40bc7db2-faeb-462c-8398-1aab030ed339-128154193819136","trial_id":149,"step":1,"intermediate_value":0.37044856299316276}
{"op_code":7,"worker_id":"9a8b9994-b7f8-45c0-883b-c8a222f6c0d6-137116887188992","trial_id":139,"step":2,"intermediate_value":0.3649292641680246}
{"op_code":6,"worker_id":"9a8b9994-b7f8-45c0-883b-c8a222f6c0d6-137116887188992","trial_id":139,"state":1,"values":[0.3649292641680246],"datetime_complete":"2026-08-20T00:40:25.199594"}
{"op_code":4,"worker_id":"9a8b9994-b7f8-45c0-883b-c8a222f6c0d6-137116887188992","study_id":0,"datetime_start":"2026-08-20T00:40:25.204481"}
{"op_code":5,"worker_id":"9a8b9994-b7f8-45c0-883b-c8a222f6c0d6-137116887188992","trial_id":156,"param_name":"lr","param_value_internal":0.00010695490359675853,"distribution":"{\"name\": \"FloatDistribution\", \"attributes\": {\"step\": null, \"low\": 5e-06, \"high\": 0.0003, \"log\": true}}"}
{"op_code":5,"worker_id":"9a8b9994-b7f8-45c0-883b-c8a222f6c0d6-137116887188992","trial_id":156,"param_name":"batch_size","param_value_internal":1,"distribution":"{\"name\": \"CategoricalDistribution\", \"attributes\": {\"choices\": [16, 32, 64]}}"}
{"op_code":5,"worker_id":"9a8b9994-b7f8-45c0-883b-c8a222f6c0d6-137116887188992","trial_id":156,"param_name":"weight_decay","param_value_internal":5.891339621826674e-06,"distribution":"{\"name\": \"FloatDistribution\", \"attributes\": {\"step\": null, \"low\": 1e-06, \"high\": 0.01, \"log\": true}}"}
{"op_code":5,"worker_id":"9a8b9994-b7f8-45c0-883b-c8a222f6c0d6-137116887188992","trial_id":156,"param_name":"dropout","param_value_internal":0.015828731530016214,"distribution":"{\"name\": \"FloatDistribution\", \"attributes\": {\"step\": null, \"low\": 0.0, \"high\": 0.3, \"log\": false}}"}
{"op_code":5,"worker_id":"9a8b9994-b7f8-45c0-883b-c8a222f6c0d6-137116887188992","trial_id":156,"param_name":"patience","param_value_internal":5.0,"distribution":"{\"name\": \"IntDistribution\", \"attributes\": {\"log\": false, \"step\": 1, \"low\": 2, \"high\": 5}}"}
{"op_code":7,"worker_id":"86638fb0-284c-4fe6-bb33-ee29d2adb3be-137621019616768","trial_id":150,"step":1,"intermediate_value":0.35441396568164535}
{"op_code":7,"worker_id":"03390d1d-9dbe-44ea-b50c-8910413720e7-127115480471040","trial_id":141,"step":2,"intermediate_value":0.362361965092668}
{"op_code":6,"worker_id":"03390d1d-9dbe-44ea-b50c-8910413720e7-127115480471040","trial_id":141,"state":1,"values":[0.362361965092668],"datetime_complete":"2026-08-20T00:41:04.676778"}
{"op_code":4,"worker_id":"03390d1d-9dbe-44ea-b50c-8910413720e7-127115480471040","study_id":0,"datetime_start":"2026-08-20T00:41:04.681435"}
{"op_code":5,"worker_id":"03390d1d-9dbe-44ea-b50c-8910413720e7-127115480471040","trial_id":157,"param_name":"lr","param_value_internal":0.00010602670518281694,"distribution":"{\"name\": \"FloatDistribution\", \"attributes\": {\"step\": null, \"low\": 5e-06, \"high\": 0.0003, \"log\": true}}"}
{"op_code":5,"worker_id":"03390d1d-9dbe-44ea-b50c-8910413720e7-127115480471040","trial_id":157,"param_name":"batch_size","param_value_internal":1,"distribution":"{\"name\": \"CategoricalDistribution\", \"attributes\": {\"choices\": [16, 32, 64]}}"}
{"op_code":5,"worker_id":"03390d1d-9dbe-44ea-b50c-8910413720e7-127115480471040","trial_id":157,"param_name":"weight_decay","param_value_internal":1.3659580997222543e-06,"distribution":"{\"name\": \"FloatDistribution\", \"attributes\": {\"step\": null, \"low\": 1e-06, \"high\": 0.01, \"log\": true}}"}
{"op_code":5,"worker_id":"03390d1d-9dbe-44ea-b50c-8910413720e7-127115480471040","trial_id":157,"param_name":"dropout","param_value_internal":0.01576204245870047,"distribution":"{\"name\": \"FloatDistribution\", \"attributes\": {\"step\": null, \"low\": 0.0, \"high\": 0.3, \"log\": false}}"}
{"op_code":5,"worker_id":"03390d1d-9dbe-44ea-b50c-8910413720e7-127115480471040","trial_id":157,"param_name":"patience","param_value_internal":5.0,"distribution":"{\"name\": \"IntDistribution\", \"attributes\": {\"log\": false, \"step\": 1, \"low\": 2, \"high\": 5}}"}
{"op_code":7,"worker_id":"fc071723-94a2-4a86-9e7d-bdfde0c69d2a-140268501722624","trial_id":151,"step":1,"intermediate_value":0.3837759746738094}
{"op_code":6,"worker_id":"fc071723-94a2-4a86-9e7d-bdfde0c69d2a-140268501722624","trial_id":151,"state":2,"values":[0.3837759746738094],"datetime_complete":"2026-08-20T00:41:14.553626"}
{"op_code":4,"worker_id":"fc071723-94a2-4a86-9e7d-bdfde0c69d2a-140268501722624","study_id":0,"datetime_start":"2026-08-20T00:41:14.558521"}
{"op_code":5,"worker_id":"fc071723-94a2-4a86-9e7d-bdfde0c69d2a-140268501722624","trial_id":158,"param_name":"lr","param_value_internal":7.339951315225766e-05,"distribution":"{\"name\": \"FloatDistribution\", \"attributes\": {\"step\": null, \"low\": 5e-06, \"high\": 0.0003, \"log\": true}}"}
{"op_code":5,"worker_id":"fc071723-94a2-4a86-9e7d-bdfde0c69d2a-140268501722624","trial_id":158,"param_name":"batch_size","param_value_internal":1,"distribution":"{\"name\": \"CategoricalDistribution\", \"attributes\": {\"choices\": [16, 32, 64]}}"}
{"op_code":5,"worker_id":"fc071723-94a2-4a86-9e7d-bdfde0c69d2a-140268501722624","trial_id":158,"param_name":"weight_decay","param_value_internal":1.2876018122399329e-06,"distribution":"{\"name\": \"FloatDistribution\", \"attributes\": {\"step\": null, \"low\": 1e-06, \"high\": 0.01, \"log\": true}}"}
{"op_code":5,"worker_id":"fc071723-94a2-4a86-9e7d-bdfde0c69d2a-140268501722624","trial_id":158,"param_name":"dropout","param_value_internal":0.015124471379874705,"distribution":"{\"name\": \"FloatDistribution\", \"attributes\": {\"step\": null, \"low\": 0.0, \"high\": 0.3, \"log\": false}}"}
{"op_code":5,"worker_id":"fc071723-94a2-4a86-9e7d-bdfde0c69d2a-140268501722624","trial_id":158,"param_name":"patience","param_value_internal":5.0,"distribution":"{\"name\": \"IntDistribution\", \"attributes\": {\"log\": false, \"step\": 1, \"low\": 2, \"high\": 5}}"}
{"op_code":7,"worker_id":"d5d9ede1-bcd4-481f-8816-9f3bfc2ae4f1-130087024510464","trial_id":152,"step":1,"intermediate_value":0.38158505873227894}
{"op_code":6,"worker_id":"d5d9ede1-bcd4-481f-8816-9f3bfc2ae4f1-130087024510464","trial_id":152,"state":2,"values":[0.38158505873227894],"datetime_complete":"2026-08-20T00:42:12.865368"}
{"op_code":4,"worker_id":"d5d9ede1-bcd4-481f-8816-9f3bfc2ae4f1-130087024510464","study_id":0,"datetime_start":"2026-08-20T00:42:12.870097"}
{"op_code":5,"worker_id":"d5d9ede1-bcd4-481f-8816-9f3bfc2ae4f1-130087024510464","trial_id":159,"param_name":"lr","param_value_internal":0.00010892844640709723,"distribution":"{\"name\": \"FloatDistribution\", \"attributes\": {\"step\": null, \"low\": 5e-06, \"high\": 0.0003, \"log\": true}}"}
{"op_code":5,"worker_id":"d5d9ede1-bcd4-481f-8816-9f3bfc2ae4f1-130087024510464","trial_id":159,"param_name":"batch_size","param_value_internal":1,"distribution":"{\"name\": \"CategoricalDistribution\", \"attributes\": {\"choices\": [16, 32, 64]}}"}
{"op_code":5,"worker_id":"d5d9ede1-bcd4-481f-8816-9f3bfc2ae4f1-130087024510464","trial_id":159,"param_name":"weight_decay","param_value_internal":5.875207296351545e-06,"distribution":"{\"name\": \"FloatDistribution\", \"attributes\": {\"step\": null, \"low\": 1e-06, \"high\": 0.01, \"log\": true}}"}
{"op_code":5,"worker_id":"d5d9ede1-bcd4-481f-8816-9f3bfc2ae4f1-130087024510464","trial_id":159,"param_name":"dropout","param_value_internal":0.09430269104496114,"distribution":"{\"name\": \"FloatDistribution\", \"attributes\": {\"step\": null, \"low\": 0.0, \"high\": 0.3, \"log\": false}}"}
{"op_code":5,"worker_id":"d5d9ede1-bcd4-481f-8816-9f3bfc2ae4f1-130087024510464","trial_id":159,"param_name":"patience","param_value_internal":5.0,"distribution":"{\"name\": \"IntDistribution\", \"attributes\": {\"log\": false, \"step\": 1, \"low\": 2, \"high\": 5}}"}
{"op_code":7,"worker_id":"7d95b9da-d28a-4a61-9539-a7cadc394c27-137194481391104","trial_id":154,"step":1,"intermediate_value":0.39747161200439507}
{"op_code":6,"worker_id":"7d95b9da-d28a-4a61-9539-a7cadc394c27-137194481391104","trial_id":154,"state":2,"values":[0.39747161200439507],"datetime_complete":"2026-08-20T00:42:15.477770"}
{"op_code":4,"worker_id":"7d95b9da-d28a-4a61-9539-a7cadc394c27-137194481391104","study_id":0,"datetime_start":"2026-08-20T00:42:15.482566"}
{"op_code":5,"worker_id":"7d95b9da-d28a-4a61-9539-a7cadc394c27-137194481391104","trial_id":160,"param_name":"lr","param_value_internal":5.4887137508839186e-05,"distribution":"{\"name\": \"FloatDistribution\", \"attributes\": {\"step\": null, \"low\": 5e-06, \"high\": 0.0003, \"log\": true}}"}
{"op_code":5,"worker_id":"7d95b9da-d28a-4a61-9539-a7cadc394c27-137194481391104","trial_id":160,"param_name":"batch_size","param_value_internal":1,"distribution":"{\"name\": \"CategoricalDistribution\", \"attributes\": {\"choices\": [16, 32, 64]}}"}
{"op_code":5,"worker_id":"7d95b9da-d28a-4a61-9539-a7cadc394c27-137194481391104","trial_id":160,"param_name":"weight_decay","param_value_internal":6.427545614318361e-06,"distribution":"{\"name\": \"FloatDistribution\", \"attributes\": {\"step\": null, \"low\": 1e-06, \"high\": 0.01, \"log\": true}}"}
{"op_code":5,"worker_id":"7d95b9da-d28a-4a61-9539-a7cadc394c27-137194481391104","trial_id":160,"param_name":"dropout","param_value_internal":0.016231448003727784,"distribution":"{\"name\": \"FloatDistribution\", \"attributes\": {\"step\": null, \"low\": 0.0, \"high\": 0.3, \"log\": false}}"}
{"op_code":5,"worker_id":"7d95b9da-d28a-4a61-9539-a7cadc394c27-137194481391104","trial_id":160,"param_name":"patience","param_value_internal":5.0,"distribution":"{\"name\": \"IntDistribution\", \"attributes\": {\"log\": false, \"step\": 1, \"low\": 2, \"high\": 5}}"}
{"op_code":7,"worker_id":"679cf347-18f2-4a2e-a430-e12538a555a3-126265109607936","trial_id":143,"step":2,"intermediate_value":0.3591589715289416}
{"op_code":6,"worker_id":"679cf347-18f2-4a2e-a430-e12538a555a3-126265109607936","trial_id":143,"state":1,"values":[0.3591589715289416],"datetime_complete":"2026-08-20T00:42:27.424112"}
{"op_code":4,"worker_id":"679cf347-18f2-4a2e-a430-e12538a555a3-126265109607936","study_id":0,"datetime_start":"2026-08-20T00:42:27.428569"}
{"op_code":5,"worker_id":"679cf347-18f2-4a2e-a430-e12538a555a3-126265109607936","trial_id":161,"param_name":"lr","param_value_internal":9.453616867289202e-05,"distribution":"{\"name\": \"FloatDistribution\", \"attributes\": {\"step\": null, \"low\": 5e-06, \"high\": 0.0003, \"log\": true}}"}
{"op_code":5,"worker_id":"679cf347-18f2-4a2e-a430-e12538a555a3-126265109607936","trial_id":161,"param_name":"batch_size","param_value_internal":1,"distribution":"{\"name\": \"CategoricalDistribution\", \"attributes\": {\"choices\": [16, 32, 64]}}"}
{"op_code":5,"worker_id":"679cf347-18f2-4a2e-a430-e12538a555a3-126265109607936","trial_id":161,"param_name":"weight_decay","param_value_internal":6.711561419045153e-06,"distribution":"{\"name\": \"FloatDistribution\", \"attributes\": {\"step\": null, \"low\": 1e-06, \"high\": 0.01, \"log\": true}}"}
{"op_code":5,"worker_id":"679cf347-18f2-4a2e-a430-e12538a555a3-126265109607936","trial_id":161,"param_name":"dropout","param_value_internal":0.09087979636739914,"distribution":"{\"name\": \"FloatDistribution\", \"attributes\": {\"step\": null, \"low\": 0.0, \"high\": 0.3, \"log\": false}}"}
{"op_code":5,"worker_id":"679cf347-18f2-4a2e-a430-e12538a555a3-126265109607936","trial_id":161,"param_name":"patience","param_value_internal":5.0,"distribution":"{\"name\": \"IntDistribution\", \"attributes\": {\"log\": false, \"step\": 1, \"low\": 2, \"high\": 5}}"}
{"op_code":7,"worker_id":"9e97f2a5-d018-4804-af09-446e3f976f45-127331980781056","trial_id":155,"step":1,"intermediate_value":0.37402617626318385}
{"op_code":7,"worker_id":"c2ed5631-5232-4419-9221-7c75593489a3-135269821588992","trial_id":153,"step":1,"intermediate_value":0.37011316956651086}
{"op_code":7,"worker_id":"d8159b67-1598-4530-8185-0b4e2f627deb-130265049986560","trial_id":147,"step":2,"intermediate_value":0.3583543688304772}
{"op_code":6,"worker_id":"d8159b67-1598-4530-8185-0b4e2f627deb-130265049986560","trial_id":147,"state":1,"values":[0.3583543688304772],"datetime_complete":"2026-08-20T00:43:39.231753"}
{"op_code":4,"worker_id":"d8159b67-1598-4530-8185-0b4e2f627deb-130265049986560","study_id":0,"datetime_start":"2026-08-20T00:43:39.236820"}
{"op_code":5,"worker_id":"d8159b67-1598-4530-8185-0b4e2f627deb-130265049986560","trial_id":162,"param_name":"lr","param_value_internal":7.449282391189104e-05,"distribution":"{\"name\": \"FloatDistribution\", \"attributes\": {\"step\": null, \"low\": 5e-06, \"high\": 0.0003, \"log\": true}}"}
{"op_code":5,"worker_id":"d8159b67-1598-4530-8185-0b4e2f627deb-130265049986560","trial_id":162,"param_name":"batch_size","param_value_internal":1,"distribution":"{\"name\": \"CategoricalDistribution\", \"attributes\": {\"choices\": [16, 32, 64]}}"}
{"op_code":5,"worker_id":"d8159b67-1598-4530-8185-0b4e2f627deb-130265049986560","trial_id":162,"param_name":"weight_decay","param_value_internal":8.27268319721036e-06,"distribution":"{\"name\": \"FloatDistribution\", \"attributes\": {\"step\": null, \"low\": 1e-06, \"high\": 0.01, \"log\": true}}"}
{"op_code":5,"worker_id":"d8159b67-1598-4530-8185-0b4e2f627deb-130265049986560","trial_id":162,"param_name":"dropout","param_value_internal":0.01593677282061265,"distribution":"{\"name\": \"FloatDistribution\", \"attributes\": {\"step\": null, \"low\": 0.0, \"high\": 0.3, \"log\": false}}"}
{"op_code":5,"worker_id":"d8159b67-1598-4530-8185-0b4e2f627deb-130265049986560","trial_id":162,"param_name":"patience","param_value_internal":5.0,"distribution":"{\"name\": \"IntDistribution\", \"attributes\": {\"log\": false, \"step\": 1, \"low\": 2, \"high\": 5}}"}
{"op_code":7,"worker_id":"40bc7db2-faeb-462c-8398-1aab030ed339-128154193819136","trial_id":149,"step":2,"intermediate_value":0.3607458375757716}
{"op_code":6,"worker_id":"40bc7db2-faeb-462c-8398-1aab030ed339-128154193819136","trial_id":149,"state":1,"values":[0.3607458375757716],"datetime_complete":"2026-08-20T00:44:42.250888"}
{"op_code":4,"worker_id":"40bc7db2-faeb-462c-8398-1aab030ed339-128154193819136","study_id":0,"datetime_start":"2026-08-20T00:44:42.255220"}
{"op_code":5,"worker_id":"40bc7db2-faeb-462c-8398-1aab030ed339-128154193819136","trial_id":163,"param_name":"lr","param_value_internal":7.324240846936058e-05,"distribution":"{\"name\": \"FloatDistribution\", \"attributes\": {\"step\": null, \"low\": 5e-06, \"high\": 0.0003, \"log\": true}}"}
{"op_code":5,"worker_id":"40bc7db2-faeb-462c-8398-1aab030ed339-128154193819136","trial_id":163,"param_name":"batch_size","param_value_internal":1,"distribution":"{\"name\": \"CategoricalDistribution\", \"attributes\": {\"choices\": [16, 32, 64]}}"}
{"op_code":5,"worker_id":"40bc7db2-faeb-462c-8398-1aab030ed339-128154193819136","trial_id":163,"param_name":"weight_decay","param_value_internal":8.222158514709432e-06,"distribution":"{\"name\": \"FloatDistribution\", \"attributes\": {\"step\": null, \"low\": 1e-06, \"high\": 0.01, \"log\": true}}"}
{"op_code":5,"worker_id":"40bc7db2-faeb-462c-8398-1aab030ed339-128154193819136","trial_id":163,"param_name":"dropout","param_value_internal":0.11125139681973091,"distribution":"{\"name\": \"FloatDistribution\", \"attributes\": {\"step\": null, \"low\": 0.0, \"high\": 0.3, \"log\": false}}"}
{"op_code":5,"worker_id":"40bc7db2-faeb-462c-8398-1aab030ed339-128154193819136","trial_id":163,"param_name":"patience","param_value_internal":5.0,"distribution":"{\"name\": \"IntDistribution\", \"attributes\": {\"log\": false, \"step\": 1, \"low\": 2, \"high\": 5}}"}
{"op_code":7,"worker_id":"8e121434-d455-47e7-a812-6463efa1c5b8-129601631901184","trial_id":148,"step":2,"intermediate_value":0.3640086998518438}
{"op_code":6,"worker_id":"8e121434-d455-47e7-a812-6463efa1c5b8-129601631901184","trial_id":148,"state":1,"values":[0.3640086998518438],"datetime_complete":"2026-08-20T00:44:43.042355"}
{"op_code":4,"worker_id":"8e121434-d455-47e7-a812-6463efa1c5b8-129601631901184","study_id":0,"datetime_start":"2026-08-20T00:44:43.046767"}
{"op_code":5,"worker_id":"8e121434-d455-47e7-a812-6463efa1c5b8-129601631901184","trial_id":164,"param_name":"lr","param_value_internal":7.359730022081787e-05,"distribution":"{\"name\": \"FloatDistribution\", \"attributes\": {\"step\": null, \"low\": 5e-06, \"high\": 0.0003, \"log\": true}}"}
{"op_code":5,"worker_id":"8e121434-d455-47e7-a812-6463efa1c5b8-129601631901184","trial_id":164,"param_name":"batch_size","param_value_internal":1,"distribution":"{\"name\": \"CategoricalDistribution\", \"attributes\": {\"choices\": [16, 32, 64]}}"}
{"op_code":5,"worker_id":"8e121434-d455-47e7-a812-6463efa1c5b8-129601631901184","trial_id":164,"param_name":"weight_decay","param_value_internal":8.785477245284973e-06,"distribution":"{\"name\": \"FloatDistribution\", \"attributes\": {\"step\": null, \"low\": 1e-06, \"high\": 0.01, \"log\": true}}"}
{"op_code":5,"worker_id":"8e121434-d455-47e7-a812-6463efa1c5b8-129601631901184","trial_id":164,"param_name":"dropout","param_value_internal":0.09144753196715584,"distribution":"{\"name\": \"FloatDistribution\", \"attributes\": {\"step\": null, \"low\": 0.0, \"high\": 0.3, \"log\": false}}"}
{"op_code":5,"worker_id":"8e121434-d455-47e7-a812-6463efa1c5b8-129601631901184","trial_id":164,"param_name":"patience","param_value_internal":5.0,"distribution":"{\"name\": \"IntDistribution\", \"attributes\": {\"log\": false, \"step\": 1, \"low\": 2, \"high\": 5}}"}
{"op_code":7,"worker_id":"fc071723-94a2-4a86-9e7d-bdfde0c69d2a-140268501722624","trial_id":158,"step":1,"intermediate_value":0.39298476124802556}
{"op_code":6,"worker_id":"fc071723-94a2-4a86-9e7d-bdfde0c69d2a-140268501722624","trial_id":158,"state":2,"values":[0.39298476124802556],"datetime_complete":"2026-08-20T00:45:05.097679"}
{"op_code":4,"worker_id":"fc071723-94a2-4a86-9e7d-bdfde0c69d2a-140268501722624","study_id":0,"datetime_start":"2026-08-20T00:45:05.102498"}
{"op_code":5,"worker_id":"fc071723-94a2-4a86-9e7d-bdfde0c69d2a-140268501722624","trial_id":165,"param_name":"lr","param_value_internal":9.198472427631047e-05,"distribution":"{\"name\": \"FloatDistribution\", \"attributes\": {\"step\": null, \"low\": 5e-06, \"high\": 0.0003, \"log\": true}}"}
{"op_code":5,"worker_id":"fc071723-94a2-4a86-9e7d-bdfde0c69d2a-140268501722624","trial_id":165,"param_name":"batch_size","param_value_internal":1,"distribution":"{\"name\": \"CategoricalDistribution\", \"attributes\": {\"choices\": [16, 32, 64]}}"}
{"op_code":5,"worker_id":"fc071723-94a2-4a86-9e7d-bdfde0c69d2a-140268501722624","trial_id":165,"param_name":"weight_decay","param_value_internal":8.778734215823398e-06,"distribution":"{\"name\": \"FloatDistribution\", \"attributes\": {\"step\": null, \"low\": 1e-06, \"high\": 0.01, \"log\": true}}"}
{"op_code":5,"worker_id":"fc071723-94a2-4a86-9e7d-bdfde0c69d2a-140268501722624","trial_id":165,"param_name":"dropout","param_value_internal":0.09063828578049056,"distribution":"{\"name\": \"FloatDistribution\", \"attributes\": {\"step\": null, \"low\": 0.0, \"high\": 0.3, \"log\": false}}"}
{"op_code":5,"worker_id":"fc071723-94a2-4a86-9e7d-bdfde0c69d2a-140268501722624","trial_id":165,"param_name":"patience","param_value_internal":5.0,"distribution":"{\"name\": \"IntDistribution\", \"attributes\": {\"log\": false, \"step\": 1, \"low\": 2, \"high\": 5}}"}
{"op_code":7,"worker_id":"03390d1d-9dbe-44ea-b50c-8910413720e7-127115480471040","trial_id":157,"step":1,"intermediate_value":0.3827304956806074}
{"op_code":6,"worker_id":"03390d1d-9dbe-44ea-b50c-8910413720e7-127115480471040","trial_id":157,"state":2,"values":[0.3827304956806074],"datetime_complete":"2026-08-20T00:46:03.631862"}
{"op_code":4,"worker_id":"03390d1d-9dbe-44ea-b50c-8910413720e7-127115480471040","study_id":0,"datetime_start":"2026-08-20T00:46:03.636605"}
{"op_code":5,"worker_id":"03390d1d-9dbe-44ea-b50c-8910413720e7-127115480471040","trial_id":166,"param_name":"lr","param_value_internal":9.594635794324016e-05,"distribution":"{\"name\": \"FloatDistribution\", \"attributes\": {\"step\": null, \"low\": 5e-06, \"high\": 0.0003, \"log\": true}}"}
{"op_code":5,"worker_id":"03390d1d-9dbe-44ea-b50c-8910413720e7-127115480471040","trial_id":166,"param_name":"batch_size","param_value_internal":1,"distribution":"{\"name\": \"CategoricalDistribution\", \"attributes\": {\"choices\": [16, 32, 64]}}"}
{"op_code":5,"worker_id":"03390d1d-9dbe-44ea-b50c-8910413720e7-127115480471040","trial_id":166,"param_name":"weight_decay","param_value_internal":8.394380042496631e-06,"distribution":"{\"name\": \"FloatDistribution\", \"attributes\": {\"step\": null, \"low\": 1e-06, \"high\": 0.01, \"log\": true}}"}
{"op_code":5,"worker_id":"03390d1d-9dbe-44ea-b50c-8910413720e7-127115480471040","trial_id":166,"param_name":"dropout","param_value_internal":0.10785517047659673,"distribution":"{\"name\": \"FloatDistribution\", \"attributes\": {\"step\": null, \"low\": 0.0, \"high\": 0.3, \"log\": false}}"}
{"op_code":5,"worker_id":"03390d1d-9dbe-44ea-b50c-8910413720e7-127115480471040","trial_id":166,"param_name":"patience","param_value_internal":5.0,"distribution":"{\"name\": \"IntDistribution\", \"attributes\": {\"log\": false, \"step\": 1, \"low\": 2, \"high\": 5}}"}
{"op_code":7,"worker_id":"d5d9ede1-bcd4-481f-8816-9f3bfc2ae4f1-130087024510464","trial_id":159,"step":1,"intermediate_value":1.5147569431818562}
{"op_code":6,"worker_id":"d5d9ede1-bcd4-481f-8816-9f3bfc2ae4f1-130087024510464","trial_id":159,"state":2,"values":[1.5147569431818562],"datetime_complete":"2026-08-20T00:46:54.434148"}
{"op_code":4,"worker_id":"d5d9ede1-bcd4-481f-8816-9f3bfc2ae4f1-130087024510464","study_id":0,"datetime_start":"2026-08-20T00:46:54.439023"}
{"op_code":5,"worker_id":"d5d9ede1-bcd4-481f-8816-9f3bfc2ae4f1-130087024510464","trial_id":167,"param_name":"lr","param_value_internal":9.449793243796781e-05,"distribution":"{\"name\": \"FloatDistribution\", \"attributes\": {\"step\": null, \"low\": 5e-06, \"high\": 0.0003, \"log\": true}}"}
{"op_code":5,"worker_id":"d5d9ede1-bcd4-481f-8816-9f3bfc2ae4f1-130087024510464","trial_id":167,"param_name":"batch_size","param_value_internal":1,"distribution":"{\"name\": \"CategoricalDistribution\", \"attributes\": {\"choices\": [16, 32, 64]}}"}
{"op_code":5,"worker_id":"d5d9ede1-bcd4-481f-8816-9f3bfc2ae4f1-130087024510464","trial_id":167,"param_name":"weight_decay","param_value_internal":8.383220796296568e-06,"distribution":"{\"name\": \"FloatDistribution\", \"attributes\": {\"step\": null, \"low\": 1e-06, \"high\": 0.01, \"log\": true}}"}
{"op_code":5,"worker_id":"d5d9ede1-bcd4-481f-8816-9f3bfc2ae4f1-130087024510464","trial_id":167,"param_name":"dropout","param_value_internal":0.06827982589938125,"distribution":"{\"name\": \"FloatDistribution\", \"attributes\": {\"step\": null, \"low\": 0.0, \"high\": 0.3, \"log\": false}}"}
{"op_code":5,"worker_id":"d5d9ede1-bcd4-481f-8816-9f3bfc2ae4f1-130087024510464","trial_id":167,"param_name":"patience","param_value_internal":5.0,"distribution":"{\"name\": \"IntDistribution\", \"attributes\": {\"log\": false, \"step\": 1, \"low\": 2, \"high\": 5}}"}
{"op_code":7,"worker_id":"9a8b9994-b7f8-45c0-883b-c8a222f6c0d6-137116887188992","trial_id":156,"step":1,"intermediate_value":0.36654944469867295}
{"op_code":7,"worker_id":"86638fb0-284c-4fe6-bb33-ee29d2adb3be-137621019616768","trial_id":150,"step":2,"intermediate_value":0.3558615857109346}
{"op_code":6,"worker_id":"86638fb0-284c-4fe6-bb33-ee29d2adb3be-137621019616768","trial_id":150,"state":1,"values":[0.3558615857109346],"datetime_complete":"2026-08-20T00:47:32.263044"}
{"op_code":4,"worker_id":"86638fb0-284c-4fe6-bb33-ee29d2adb3be-137621019616768","study_id":0,"datetime_start":"2026-08-20T00:47:32.267925"}
{"op_code":5,"worker_id":"86638fb0-284c-4fe6-bb33-ee29d2adb3be-137621019616768","trial_id":168,"param_name":"lr","param_value_internal":7.743110819069731e-05,"distribution":"{\"name\": \"FloatDistribution\", \"attributes\": {\"step\": null, \"low\": 5e-06, \"high\": 0.0003, \"log\": true}}"}
{"op_code":5,"worker_id":"86638fb0-284c-4fe6-bb33-ee29d2adb3be-137621019616768","trial_id":168,"param_name":"batch_size","param_value_internal":1,"distribution":"{\"name\": \"CategoricalDistribution\", \"attributes\": {\"choices\": [16, 32, 64]}}"}
{"op_code":5,"worker_id":"86638fb0-284c-4fe6-bb33-ee29d2adb3be-137621019616768","trial_id":168,"param_name":"weight_decay","param_value_internal":8.316347088428978e-06,"distribution":"{\"name\": \"FloatDistribution\", \"attributes\": {\"step\": null, \"low\": 1e-06, \"high\": 0.01, \"log\": true}}"}
{"op_code":5,"worker_id":"86638fb0-284c-4fe6-bb33-ee29d2adb3be-137621019616768","trial_id":168,"param_name":"dropout","param_value_internal":0.1075942785653819,"distribution":"{\"name\": \"FloatDistribution\", \"attributes\": {\"step\": null, \"low\": 0.0, \"high\": 0.3, \"log\": false}}"}
{"op_code":5,"worker_id":"86638fb0-284c-4fe6-bb33-ee29d2adb3be-137621019616768","trial_id":168,"param_name":"patience","param_value_internal":5.0,"distribution":"{\"name\": \"IntDistribution\", \"attributes\": {\"log\": false, \"step\": 1, \"low\": 2, \"high\": 5}}"}
{"op_code":7,"worker_id":"679cf347-18f2-4a2e-a430-e12538a555a3-126265109607936","trial_id":161,"step":1,"intermediate_value":0.37729470250706365}
{"op_code":7,"worker_id":"7d95b9da-d28a-4a61-9539-a7cadc394c27-137194481391104","trial_id":160,"step":1,"intermediate_value":0.3664303895204049}
{"op_code":7,"worker_id":"c2ed5631-5232-4419-9221-7c75593489a3-135269821588992","trial_id":153,"step":2,"intermediate_value":0.37263039349991955}
{"op_code":6,"worker_id":"c2ed5631-5232-4419-9221-7c75593489a3-135269821588992","trial_id":153,"state":1,"values":[0.37263039349991955],"datetime_complete":"2026-08-20T00:48:11.092295"}
{"op_code":4,"worker_id":"c2ed5631-5232-4419-9221-7c75593489a3-135269821588992","study_id":0,"datetime_start":"2026-08-20T00:48:11.097186"}
{"op_code":5,"worker_id":"c2ed5631-5232-4419-9221-7c75593489a3-135269821588992","trial_id":169,"param_name":"lr","param_value_internal":7.49730496855381e-05,"distribution":"{\"name\": \"FloatDistribution\", \"attributes\": {\"step\": null, \"low\": 5e-06, \"high\": 0.0003, \"log\": true}}"}
{"op_code":5,"worker_id":"c2ed5631-5232-4419-9221-7c75593489a3-135269821588992","trial_id":169,"param_name":"batch_size","param_value_internal":1,"distribution":"{\"name\": \"CategoricalDistribution\", \"attributes\": {\"choices\": [16, 32, 64]}}"}
{"op_code":5,"worker_id":"c2ed5631-5232-4419-9221-7c75593489a3-135269821588992","trial_id":169,"param_name":"weight_decay","param_value_internal":7.942382748935108e-06,"distribution":"{\"name\": \"FloatDistribution\", \"attributes\": {\"step\": null, \"low\": 1e-06, \"high\": 0.01, \"log\": true}}"}
{"op_code":5,"worker_id":"c2ed5631-5232-4419-9221-7c75593489a3-135269821588992","trial_id":169,"param_name":"dropout","param_value_internal":0.06536305283007719,"distribution":"{\"name\": \"FloatDistribution\", \"attributes\": {\"step\": null, \"low\": 0.0, \"high\": 0.3, \"log\": false}}"}
{"op_code":5,"worker_id":"c2ed5631-5232-4419-9221-7c75593489a3-135269821588992","trial_id":169,"param_name":"patience","param_value_internal":5.0,"distribution":"{\"name\": \"IntDistribution\", \"attributes\": {\"log\": false, \"step\": 1, \"low\": 2, \"high\": 5}}"}
{"op_code":7,"worker_id":"9e97f2a5-d018-4804-af09-446e3f976f45-127331980781056","trial_id":155,"step":2,"intermediate_value":0.37285892274564536}
{"op_code":6,"worker_id":"9e97f2a5-d018-4804-af09-446e3f976f45-127331980781056","trial_id":155,"state":1,"values":[0.37285892274564536],"datetime_complete":"2026-08-20T00:49:10.405615"}
{"op_code":4,"worker_id":"9e97f2a5-d018-4804-af09-446e3f976f45-127331980781056","study_id":0,"datetime_start":"2026-08-20T00:49:10.410429"}
{"op_code":5,"worker_id":"9e97f2a5-d018-4804-af09-446e3f976f45-127331980781056","trial_id":170,"param_name":"lr","param_value_internal":7.634925678172397e-05,"distribution":"{\"name\": \"FloatDistribution\", \"attributes\": {\"step\": null, \"low\": 5e-06, \"high\": 0.0003, \"log\": true}}"}
{"op_code":5,"worker_id":"9e97f2a5-d018-4804-af09-446e3f976f45-127331980781056","trial_id":170,"param_name":"batch_size","param_value_internal":1,"distribution":"{\"name\": \"CategoricalDistribution\", \"attributes\": {\"choices\": [16, 32, 64]}}"}
{"op_code":5,"worker_id":"9e97f2a5-d018-4804-af09-446e3f976f45-127331980781056","trial_id":170,"param_name":"weight_decay","param_value_internal":8.55292794266882e-06,"distribution":"{\"name\": \"FloatDistribution\", \"attributes\": {\"step\": null, \"low\": 1e-06, \"high\": 0.01, \"log\": true}}"}
{"op_code":5,"worker_id":"9e97f2a5-d018-4804-af09-446e3f976f45-127331980781056","trial_id":170,"param_name":"dropout","param_value_internal":0.06729302290053737,"distribution":"{\"name\": \"FloatDistribution\", \"attributes\": {\"step\": null, \"low\": 0.0, \"high\": 0.3, \"log\": false}}"}
{"op_code":5,"worker_id":"9e97f2a5-d018-4804-af09-446e3f976f45-127331980781056","trial_id":170,"param_name":"patience","param_value_internal":5.0,"distribution":"{\"name\": \"IntDistribution\", \"attributes\": {\"log\": false, \"step\": 1, \"low\": 2, \"high\": 5}}"}
{"op_code":7,"worker_id":"40bc7db2-faeb-462c-8398-1aab030ed339-128154193819136","trial_id":163,"step":1,"intermediate_value":0.39105599632701166}
{"op_code":6,"worker_id":"40bc7db2-faeb-462c-8398-1aab030ed339-128154193819136","trial_id":163,"state":2,"values":[0.39105599632701166],"datetime_complete":"2026-08-20T00:49:14.658692"}
{"op_code":4,"worker_id":"40bc7db2-faeb-462c-8398-1aab030ed339-128154193819136","study_id":0,"datetime_start":"2026-08-20T00:49:14.663354"}
{"op_code":5,"worker_id":"40bc7db2-faeb-462c-8398-1aab030ed339-128154193819136","trial_id":171,"param_name":"lr","param_value_internal":9.43663260614358e-05,"distribution":"{\"name\": \"FloatDistribution\", \"attributes\": {\"step\": null, \"low\": 5e-06, \"high\": 0.0003, \"log\": true}}"}
{"op_code":5,"worker_id":"40bc7db2-faeb-462c-8398-1aab030ed339-128154193819136","trial_id":171,"param_name":"batch_size","param_value_internal":1,"distribution":"{\"name\": \"CategoricalDistribution\", \"attributes\": {\"choices\": [16, 32, 64]}}"}
{"op_code":5,"worker_id":"40bc7db2-faeb-462c-8398-1aab030ed339-128154193819136","trial_id":171,"param_name":"weight_decay","param_value_internal":1.1858647395492811e-05,"distribution":"{\"name\": \"FloatDistribution\", \"attributes\": {\"step\": null, \"low\": 1e-06, \"high\": 0.01, \"log\": true}}"}
{"op_code":5,"worker_id":"40bc7db2-faeb-462c-8398-1aab030ed339-128154193819136","trial_id":171,"param_name":"dropout","param_value_internal":0.08107839903493655,"distribution":"{\"name\": \"FloatDistribution\", \"attributes\": {\"step\": null, \"low\": 0.0, \"high\": 0.3, \"log\": false}}"}
{"op_code":5,"worker_id":"40bc7db2-faeb-462c-8398-1aab030ed339-128154193819136","trial_id":171,"param_name":"patience","param_value_internal":5.0,"distribution":"{\"name\": \"IntDistribution\", \"attributes\": {\"log\": false, \"step\": 1, \"low\": 2, \"high\": 5}}"}
{"op_code":7,"worker_id":"d8159b67-1598-4530-8185-0b4e2f627deb-130265049986560","trial_id":162,"step":1,"intermediate_value":0.37693658750125536}
{"op_code":7,"worker_id":"fc071723-94a2-4a86-9e7d-bdfde0c69d2a-140268501722624","trial_id":165,"step":1,"intermediate_value":0.3979729650833127}
{"op_code":6,"worker_id":"fc071723-94a2-4a86-9e7d-bdfde0c69d2a-140268501722624","trial_id":165,"state":2,"values":[0.3979729650833127],"datetime_complete":"2026-08-20T00:50:04.550353"}
{"op_code":4,"worker_id":"fc071723-94a2-4a86-9e7d-bdfde0c69d2a-140268501722624","study_id":0,"datetime_start":"2026-08-20T00:50:04.555076"}
{"op_code":5,"worker_id":"fc071723-94a2-4a86-9e7d-bdfde0c69d2a-140268501722624","trial_id":172,"param_name":"lr","param_value_internal":9.276049460277315e-05,"distribution":"{\"name\": \"FloatDistribution\", \"attributes\": {\"step\": null, \"low\": 5e-06, \"high\": 0.0003, \"log\": true}}"}
{"op_code":5,"worker_id":"fc071723-94a2-4a86-9e7d-bdfde0c69d2a-140268501722624","trial_id":172,"param_name":"batch_size","param_value_internal":1,"distribution":"{\"name\": \"CategoricalDistribution\", \"attributes\": {\"choices\": [16, 32, 64]}}"}
{"op_code":5,"worker_id":"fc071723-94a2-4a86-9e7d-bdfde0c69d2a-140268501722624","trial_id":172,"param_name":"weight_decay","param_value_internal":1.217083721105644e-05,"distribution":"{\"name\": \"FloatDistribution\", \"attributes\": {\"step\": null, \"low\": 1e-06, \"high\": 0.01, \"log\": true}}"}
{"op_code":5,"worker_id":"fc071723-94a2-4a86-9e7d-bdfde0c69d2a-140268501722624","trial_id":172,"param_name":"dropout","param_value_internal":0.0648293017941238,"distribution":"{\"name\": \"FloatDistribution\", \"attributes\": {\"step\": null, \"low\": 0.0, \"high\": 0.3, \"log\": false}}"}
{"op_code":5,"worker_id":"fc071723-94a2-4a86-9e7d-bdfde0c69d2a-140268501722624","trial_id":172,"param_name":"patience","param_value_internal":5.0,"distribution":"{\"name\": \"IntDistribution\", \"attributes\": {\"log\": false, \"step\": 1, \"low\": 2, \"high\": 5}}"}
{"op_code":7,"worker_id":"8e121434-d455-47e7-a812-6463efa1c5b8-129601631901184","trial_id":164,"step":1,"intermediate_value":0.3687771702559901}
{"op_code":7,"worker_id":"03390d1d-9dbe-44ea-b50c-8910413720e7-127115480471040","trial_id":166,"step":1,"intermediate_value":0.3943213815132104}
{"op_code":6,"worker_id":"03390d1d-9dbe-44ea-b50c-8910413720e7-127115480471040","trial_id":166,"state":2,"values":[0.3943213815132104],"datetime_complete":"2026-08-20T00:51:48.498752"}
{"op_code":4,"worker_id":"03390d1d-9dbe-44ea-b50c-8910413720e7-127115480471040","study_id":0,"datetime_start":"2026-08-20T00:51:48.503483"}
{"op_code":5,"worker_id":"03390d1d-9dbe-44ea-b50c-8910413720e7-127115480471040","trial_id":173,"param_name":"lr","param_value_internal":6.709067380619496e-05,"distribution":"{\"name\": \"FloatDistribution\", \"attributes\": {\"step\": null, \"low\": 5e-06, \"high\": 0.0003, \"log\": true}}"}
{"op_code":5,"worker_id":"03390d1d-9dbe-44ea-b50c-8910413720e7-127115480471040","trial_id":173,"param_name":"batch_size","param_value_internal":1,"distribution":"{\"name\": \"CategoricalDistribution\", \"attributes\": {\"choices\": [16, 32, 64]}}"}
{"op_code":5,"worker_id":"03390d1d-9dbe-44ea-b50c-8910413720e7-127115480471040","trial_id":173,"param_name":"weight_decay","param_value_internal":1.1895957495381204e-05,"distribution":"{\"name\": \"FloatDistribution\", \"attributes\": {\"step\": null, \"low\": 1e-06, \"high\": 0.01, \"log\": true}}"}
{"op_code":5,"worker_id":"03390d1d-9dbe-44ea-b50c-8910413720e7-127115480471040","trial_id":173,"param_name":"dropout","param_value_internal":0.05913090197991718,"distribution":"{\"name\": \"FloatDistribution\", \"attributes\": {\"step\": null, \"low\": 0.0, \"high\": 0.3, \"log\": false}}"}
{"op_code":5,"worker_id":"03390d1d-9dbe-44ea-b50c-8910413720e7-127115480471040","trial_id":173,"param_name":"patience","param_value_internal":5.0,"distribution":"{\"name\": \"IntDistribution\", \"attributes\": {\"log\": false, \"step\": 1, \"low\": 2, \"high\": 5}}"}
{"op_code":7,"worker_id":"7d95b9da-d28a-4a61-9539-a7cadc394c27-137194481391104","trial_id":160,"step":2,"intermediate_value":0.374846120609659}
{"op_code":6,"worker_id":"7d95b9da-d28a-4a61-9539-a7cadc394c27-137194481391104","trial_id":160,"state":1,"values":[0.374846120609659],"datetime_complete":"2026-08-20T00:52:15.316016"}
{"op_code":4,"worker_id":"7d95b9da-d28a-4a61-9539-a7cadc394c27-137194481391104","study_id":0,"datetime_start":"2026-08-20T00:52:15.320902"}
{"op_code":5,"worker_id":"7d95b9da-d28a-4a61-9539-a7cadc394c27-137194481391104","trial_id":174,"param_name":"lr","param_value_internal":8.152749405287223e-05,"distribution":"{\"name\": \"FloatDistribution\", \"attributes\": {\"step\": null, \"low\": 5e-06, \"high\": 0.0003, \"log\": true}}"}
{"op_code":5,"worker_id":"7d95b9da-d28a-4a61-9539-a7cadc394c27-137194481391104","trial_id":174,"param_name":"batch_size","param_value_internal":1,"distribution":"{\"name\": \"CategoricalDistribution\", \"attributes\": {\"choices\": [16, 32, 64]}}"}
{"op_code":5,"worker_id":"7d95b9da-d28a-4a61-9539-a7cadc394c27-137194481391104","trial_id":174,"param_name":"weight_decay","param_value_internal":1.1500341664656545e-05,"distribution":"{\"name\": \"FloatDistribution\", \"attributes\": {\"step\": null, \"low\": 1e-06, \"high\": 0.01, \"log\": true}}"}
{"op_code":5,"worker_id":"7d95b9da-d28a-4a61-9539-a7cadc394c27-137194481391104","trial_id":174,"param_name":"dropout","param_value_internal":0.06370958548050615,"distribution":"{\"name\": \"FloatDistribution\", \"attributes\": {\"step\": null, \"low\": 0.0, \"high\": 0.3, \"log\": false}}"}
{"op_code":5,"worker_id":"7d95b9da-d28a-4a61-9539-a7cadc394c27-137194481391104","trial_id":174,"param_name":"patience","param_value_internal":5.0,"distribution":"{\"name\": \"IntDistribution\", \"attributes\": {\"log\": false, \"step\": 1, \"low\": 2, \"high\": 5}}"}
{"op_code":7,"worker_id":"d5d9ede1-bcd4-481f-8816-9f3bfc2ae4f1-130087024510464","trial_id":167,"step":1,"intermediate_value":0.377596774482408}
{"op_code":6,"worker_id":"d5d9ede1-bcd4-481f-8816-9f3bfc2ae4f1-130087024510464","trial_id":167,"state":2,"values":[0.377596774482408],"datetime_complete":"2026-08-20T00:52:46.354996"}
{"op_code":4,"worker_id":"d5d9ede1-bcd4-481f-8816-9f3bfc2ae4f1-130087024510464","study_id":0,"datetime_start":"2026-08-20T00:52:46.359874"}
{"op_code":5,"worker_id":"d5d9ede1-bcd4-481f-8816-9f3bfc2ae4f1-130087024510464","trial_id":175,"param_name":"lr","param_value_internal":6.982356027936633e-05,"distribution":"{\"name\": \"FloatDistribution\", \"attributes\": {\"step\": null, \"low\": 5e-06, \"high\": 0.0003, \"log\": true}}"}
{"op_code":5,"worker_id":"d5d9ede1-bcd4-481f-8816-9f3bfc2ae4f1-130087024510464","trial_id":175,"param_name":"batch_size","param_value_internal":1,"distribution":"{\"name\": \"CategoricalDistribution\", \"attributes\": {\"choices\": [16, 32, 64]}}"}
{"op_code":5,"worker_id":"d5d9ede1-bcd4-481f-8816-9f3bfc2ae4f1-130087024510464","trial_id":175,"param_name":"weight_decay","param_value_internal":1.21109914389173e-05,"distribution":"{\"name\": \"FloatDistribution\", \"attributes\": {\"step\": null, \"low\": 1e-06, \"high\": 0.01, \"log\": true}}"}
{"op_code":5,"worker_id":"d5d9ede1-bcd4-481f-8816-9f3bfc2ae4f1-130087024510464","trial_id":175,"param_name":"dropout","param_value_internal":0.08103799913819863,"distribution":"{\"name\": \"FloatDistribution\", \"attributes\": {\"step\": null, \"low\": 0.0, \"high\": 0.3, \"log\": false}}"}
{"op_code":5,"worker_id":"d5d9ede1-bcd4-481f-8816-9f3bfc2ae4f1-130087024510464","trial_id":175,"param_name":"patience","param_value_internal":5.0,"distribution":"{\"name\": \"IntDistribution\", \"attributes\": {\"log\": false, \"step\": 1, \"low\": 2, \"high\": 5}}"}
{"op_code":7,"worker_id":"9a8b9994-b7f8-45c0-883b-c8a222f6c0d6-137116887188992","trial_id":156,"step":2,"intermediate_value":0.3638663570634977}
{"op_code":6,"worker_id":"9a8b9994-b7f8-45c0-883b-c8a222f6c0d6-137116887188992","trial_id":156,"state":1,"values":[0.3638663570634977],"datetime_complete":"2026-08-20T00:53:25.929079"}
{"op_code":4,"worker_id":"9a8b9994-b7f8-45c0-883b-c8a222f6c0d6-137116887188992","study_id":0,"datetime_start":"2026-08-20T00:53:25.933612"}
{"op_code":5,"worker_id":"9a8b9994-b7f8-45c0-883b-c8a222f6c0d6-137116887188992","trial_id":176,"param_name":"lr","param_value_internal":6.93581784053104e-05,"distribution":"{\"name\": \"FloatDistribution\", \"attributes\": {\"step\": null, \"low\": 5e-06, \"high\": 0.0003, \"log\": true}}"}
{"op_code":5,"worker_id":"9a8b9994-b7f8-45c0-883b-c8a222f6c0d6-137116887188992","trial_id":176,"param_name":"batch_size","param_value_internal":1,"distribution":"{\"name\": \"CategoricalDistribution\", \"attributes\": {\"choices\": [16, 32, 64]}}"}
{"op_code":5,"worker_id":"9a8b9994-b7f8-45c0-883b-c8a222f6c0d6-137116887188992","trial_id":176,"param_name":"weight_decay","param_value_internal":1.1086812883778503e-05,"distribution":"{\"name\": \"FloatDistribution\", \"attributes\": {\"step\": null, \"low\": 1e-06, \"high\": 0.01, \"log\": true}}"}
{"op_code":5,"worker_id":"9a8b9994-b7f8-45c0-883b-c8a222f6c0d6-137116887188992","trial_id":176,"param_name":"dropout","param_value_internal":0.12121677302800703,"distribution":"{\"name\": \"FloatDistribution\", \"attributes\": {\"step\": null, \"low\": 0.0, \"high\": 0.3, \"log\": false}}"}
{"op_code":5,"worker_id":"9a8b9994-b7f8-45c0-883b-c8a222f6c0d6-137116887188992","trial_id":176,"param_name":"patience","param_value_internal":5.0,"distribution":"{\"name\": \"IntDistribution\", \"attributes\": {\"log\": false, \"step\": 1, \"low\": 2, \"high\": 5}}"}
{"op_code":7,"worker_id":"679cf347-18f2-4a2e-a430-e12538a555a3-126265109607936","trial_id":161,"step":2,"intermediate_value":0.3735005401181454}
{"op_code":6,"worker_id":"679cf347-18f2-4a2e-a430-e12538a555a3-126265109607936","trial_id":161,"state":1,"values":[0.3735005401181454],"datetime_complete":"2026-08-20T00:53:40.320923"}
{"op_code":4,"worker_id":"679cf347-18f2-4a2e-a430-e12538a555a3-126265109607936","study_id":0,"datetime_start":"2026-08-20T00:53:40.325942"}
{"op_code":5,"worker_id":"679cf347-18f2-4a2e-a430-e12538a555a3-126265109607936","trial_id":177,"param_name":"lr","param_value_internal":7.965437040700599e-05,"distribution":"{\"name\": \"FloatDistribution\", \"attributes\": {\"step\": null, \"low\": 5e-06, \"high\": 0.0003, \"log\": true}}"}
{"op_code":5,"worker_id":"679cf347-18f2-4a2e-a430-e12538a555a3-126265109607936","trial_id":177,"param_name":"batch_size","param_value_internal":1,"distribution":"{\"name\": \"CategoricalDistribution\", \"attributes\": {\"choices\": [16, 32, 64]}}"}
{"op_code":5,"worker_id":"679cf347-18f2-4a2e-a430-e12538a555a3-126265109607936","trial_id":177,"param_name":"weight_decay","param_value_internal":1.1298057689907838e-05,"distribution":"{\"name\": \"FloatDistribution\", \"attributes\": {\"step\": null, \"low\": 1e-06, \"high\": 0.01, \"log\": true}}"}
{"op_code":5,"worker_id":"679cf347-18f2-4a2e-a430-e12538a555a3-126265109607936","trial_id":177,"param_name":"dropout","param_value_internal":0.06399860185319188,"distribution":"{\"name\": \"FloatDistribution\", \"attributes\": {\"step\": null, \"low\": 0.0, \"high\": 0.3, \"log\": false}}"}
{"op_code":5,"worker_id":"679cf347-18f2-4a2e-a430-e12538a555a3-126265109607936","trial_id":177,"param_name":"patience","param_value_internal":5.0,"distribution":"{\"name\": \"IntDistribution\", \"attributes\": {\"log\": false, \"step\": 1, \"low\": 2, \"high\": 5}}"}
{"op_code":7,"worker_id":"9e97f2a5-d018-4804-af09-446e3f976f45-127331980781056","trial_id":170,"step":1,"intermediate_value":0.40053919102620944}
{"op_code":6,"worker_id":"9e97f2a5-d018-4804-af09-446e3f976f45-127331980781056","trial_id":170,"state":2,"values":[0.40053919102620944],"datetime_complete":"2026-08-20T00:53:49.633407"}
{"op_code":4,"worker_id":"9e97f2a5-d018-4804-af09-446e3f976f45-127331980781056","study_id":0,"datetime_start":"2026-08-20T00:53:49.637568"}
{"op_code":5,"worker_id":"9e97f2a5-d018-4804-af09-446e3f976f45-127331980781056","trial_id":178,"param_name":"lr","param_value_internal":6.903182798106348e-05,"distribution":"{\"name\": \"FloatDistribution\", \"attributes\": {\"step\": null, \"low\": 5e-06, \"high\": 0.0003, \"log\": true}}"}
{"op_code":5,"worker_id":"9e97f2a5-d018-4804-af09-446e3f976f45-127331980781056","trial_id":178,"param_name":"batch_size","param_value_internal":1,"distribution":"{\"name\": \"CategoricalDistribution\", \"attributes\": {\"choices\": [16, 32, 64]}}"}
{"op_code":5,"worker_id":"9e97f2a5-d018-4804-af09-446e3f976f45-127331980781056","trial_id":178,"param_name":"weight_decay","param_value_internal":1.2282615477333655e-05,"distribution":"{\"name\": \"FloatDistribution\", \"attributes\": {\"step\": null, \"low\": 1e-06, \"high\": 0.01, \"log\": true}}"}
{"op_code":5,"worker_id":"9e97f2a5-d018-4804-af09-446e3f976f45-127331980781056","trial_id":178,"param_name":"dropout","param_value_internal":0.08443408151310654,"distribution":"{\"name\": \"FloatDistribution\", \"attributes\": {\"step\": null, \"low\": 0.0, \"high\": 0.3, \"log\": false}}"}
{"op_code":5,"worker_id":"9e97f2a5-d018-4804-af09-446e3f976f45-127331980781056","trial_id":178,"param_name":"patience","param_value_internal":5.0,"distribution":"{\"name\": \"IntDistribution\", \"attributes\": {\"log\": false, \"step\": 1, \"low\": 2, \"high\": 5}}"}
{"op_code":7,"worker_id":"86638fb0-284c-4fe6-bb33-ee29d2adb3be-137621019616768","trial_id":168,"step":1,"intermediate_value":0.38768321218569163}
{"op_code":6,"worker_id":"86638fb0-284c-4fe6-bb33-ee29d2adb3be-137621019616768","trial_id":168,"state":2,"values":[0.38768321218569163],"datetime_complete":"2026-08-20T00:54:01.670867"}
{"op_code":4,"worker_id":"86638fb0-284c-4fe6-bb33-ee29d2adb3be-137621019616768","study_id":0,"datetime_start":"2026-08-20T00:54:01.675545"}
{"op_code":5,"worker_id":"86638fb0-284c-4fe6-bb33-ee29d2adb3be-137621019616768","trial_id":179,"param_name":"lr","param_value_internal":6.993071427627134e-05,"distribution":"{\"name\": \"FloatDistribution\", \"attributes\": {\"step\": null, \"low\": 5e-06, \"high\": 0.0003, \"log\": true}}"}
{"op_code":5,"worker_id":"86638fb0-284c-4fe6-bb33-ee29d2adb3be-137621019616768","trial_id":179,"param_name":"batch_size","param_value_internal":1,"distribution":"{\"name\": \"CategoricalDistribution\", \"attributes\": {\"choices\": [16, 32, 64]}}"}
{"op_code":5,"worker_id":"86638fb0-284c-4fe6-bb33-ee29d2adb3be-137621019616768","trial_id":179,"param_name":"weight_decay","param_value_internal":1.2316079112767453e-05,"distribution":"{\"name\": \"FloatDistribution\", \"attributes\": {\"step\": null, \"low\": 1e-06, \"high\": 0.01, \"log\": true}}"}
{"op_code":5,"worker_id":"86638fb0-284c-4fe6-bb33-ee29d2adb3be-137621019616768","trial_id":179,"param_name":"dropout","param_value_internal":0.05670059482213851,"distribution":"{\"name\": \"FloatDistribution\", \"attributes\": {\"step\": null, \"low\": 0.0, \"high\": 0.3, \"log\": false}}"}
{"op_code":5,"worker_id":"86638fb0-284c-4fe6-bb33-ee29d2adb3be-137621019616768","trial_id":179,"param_name":"patience","param_value_internal":5.0,"distribution":"{\"name\": \"IntDistribution\", \"attributes\": {\"log\": false, \"step\": 1, \"low\": 2, \"high\": 5}}"}
{"op_code":7,"worker_id":"c2ed5631-5232-4419-9221-7c75593489a3-135269821588992","trial_id":169,"step":1,"intermediate_value":0.3682772249005856}
{"op_code":7,"worker_id":"40bc7db2-faeb-462c-8398-1aab030ed339-128154193819136","trial_id":171,"step":1,"intermediate_value":0.3561431164458914}
{"op_code":7,"worker_id":"d8159b67-1598-4530-8185-0b4e2f627deb-130265049986560","trial_id":162,"step":2,"intermediate_value":0.3724803895941912}
{"op_code":6,"worker_id":"d8159b67-1598-4530-8185-0b4e2f627deb-130265049986560","trial_id":162,"state":1,"values":[0.3724803895941912],"datetime_complete":"2026-08-20T00:55:08.673908"}
{"op_code":4,"worker_id":"d8159b67-1598-4530-8185-0b4e2f627deb-130265049986560","study_id":0,"datetime_start":"2026-08-20T00:55:08.678830"}
{"op_code":5,"worker_id":"d8159b67-1598-4530-8185-0b4e2f627deb-130265049986560","trial_id":180,"param_name":"lr","param_value_internal":6.717434746028552e-05,"distribution":"{\"name\": \"FloatDistribution\", \"attributes\": {\"step\": null, \"low\": 5e-06, \"high\": 0.0003, \"log\": true}}"}
{"op_code":5,"worker_id":"d8159b67-1598-4530-8185-0b4e2f627deb-130265049986560","trial_id":180,"param_name":"batch_size","param_value_internal":1,"distribution":"{\"name\": \"CategoricalDistribution\", \"attributes\": {\"choices\": [16, 32, 64]}}"}
{"op_code":5,"worker_id":"d8159b67-1598-4530-8185-0b4e2f627deb-130265049986560","trial_id":180,"param_name":"weight_decay","param_value_internal":1.0483874387661e-05,"distribution":"{\"name\": \"FloatDistribution\", \"attributes\": {\"step\": null, \"low\": 1e-06, \"high\": 0.01, \"log\": true}}"}
{"op_code":5,"worker_id":"d8159b67-1598-4530-8185-0b4e2f627deb-130265049986560","trial_id":180,"param_name":"dropout","param_value_internal":0.118136782990495,"distribution":"{\"name\": \"FloatDistribution\", \"attributes\": {\"step\": null, \"low\": 0.0, \"high\": 0.3, \"log\": false}}"}
{"op_code":5,"worker_id":"d8159b67-1598-4530-8185-0b4e2f627deb-130265049986560","trial_id":180,"param_name":"patience","param_value_internal":5.0,"distribution":"{\"name\": \"IntDistribution\", \"attributes\": {\"log\": false, \"step\": 1, \"low\": 2, \"high\": 5}}"}
{"op_code":7,"worker_id":"fc071723-94a2-4a86-9e7d-bdfde0c69d2a-140268501722624","trial_id":172,"step":1,"intermediate_value":0.37718297758892655}
{"op_code":7,"worker_id":"8e121434-d455-47e7-a812-6463efa1c5b8-129601631901184","trial_id":164,"step":2,"intermediate_value":0.36376667700784054}
{"op_code":6,"worker_id":"8e121434-d455-47e7-a812-6463efa1c5b8-129601631901184","trial_id":164,"state":1,"values":[0.36376667700784054],"datetime_complete":"2026-08-20T00:56:31.596063"}
{"op_code":4,"worker_id":"8e121434-d455-47e7-a812-6463efa1c5b8-129601631901184","study_id":0,"datetime_start":"2026-08-20T00:56:31.600706"}
{"op_code":5,"worker_id":"8e121434-d455-47e7-a812-6463efa1c5b8-129601631901184","trial_id":181,"param_name":"lr","param_value_internal":6.862647821435707e-05,"distribution":"{\"name\": \"FloatDistribution\", \"attributes\": {\"step\": null, \"low\": 5e-06, \"high\": 0.0003, \"log\": true}}"}
{"op_code":5,"worker_id":"8e121434-d455-47e7-a812-6463efa1c5b8-129601631901184","trial_id":181,"param_name":"batch_size","param_value_internal":1,"distribution":"{\"name\": \"CategoricalDistribution\", \"attributes\": {\"choices\": [16, 32, 64]}}"}
{"op_code":5,"worker_id":"8e121434-d455-47e7-a812-6463efa1c5b8-129601631901184","trial_id":181,"param_name":"weight_decay","param_value_internal":1.1928837524254644e-05,"distribution":"{\"name\": \"FloatDistribution\", \"attributes\": {\"step\": null, \"low\": 1e-06, \"high\": 0.01, \"log\": true}}"}
{"op_code":5,"worker_id":"8e121434-d455-47e7-a812-6463efa1c5b8-129601631901184","trial_id":181,"param_name":"dropout","param_value_internal":0.0867013773445652,"distribution":"{\"name\": \"FloatDistribution\", \"attributes\": {\"step\": null, \"low\": 0.0, \"high\": 0.3, \"log\": false}}"}
{"op_code":5,"worker_id":"8e121434-d455-47e7-a812-6463efa1c5b8-129601631901184","trial_id":181,"param_name":"patience","param_value_internal":5.0,"distribution":"{\"name\": \"IntDistribution\", \"attributes\": {\"log\": false, \"step\": 1, \"low\": 2, \"high\": 5}}"}
{"op_code":7,"worker_id":"03390d1d-9dbe-44ea-b50c-8910413720e7-127115480471040","trial_id":173,"step":1,"intermediate_value":0.3826148750154519}
{"op_code":6,"worker_id":"03390d1d-9dbe-44ea-b50c-8910413720e7-127115480471040","trial_id":173,"state":2,"values":[0.3826148750154519],"datetime_complete":"2026-08-20T00:57:33.231985"}
{"op_code":4,"worker_id":"03390d1d-9dbe-44ea-b50c-8910413720e7-127115480471040","study_id":0,"datetime_start":"2026-08-20T00:57:33.236962"}
{"op_code":5,"worker_id":"03390d1d-9dbe-44ea-b50c-8910413720e7-127115480471040","trial_id":182,"param_name":"lr","param_value_internal":8.311216170753106e-05,"distribution":"{\"name\": \"FloatDistribution\", \"attributes\": {\"step\": null, \"low\": 5e-06, \"high\": 0.0003, \"log\": true}}"}
{"op_code":5,"worker_id":"03390d1d-9dbe-44ea-b50c-8910413720e7-127115480471040","trial_id":182,"param_name":"batch_size","param_value_internal":1,"distribution":"{\"name\": \"CategoricalDistribution\", \"attributes\": {\"choices\": [16, 32, 64]}}"}
{"op_code":5,"worker_id":"03390d1d-9dbe-44ea-b50c-8910413720e7-127115480471040","trial_id":182,"param_name":"weight_decay","param_value_internal":1.0795302497656007e-05,"distribution":"{\"name\": \"FloatDistribution\", \"attributes\": {\"step\": null, \"low\": 1e-06, \"high\": 0.01, \"log\": true}}"}
{"op_code":5,"worker_id":"03390d1d-9dbe-44ea-b50c-8910413720e7-127115480471040","trial_id":182,"param_name":"dropout","param_value_internal":0.08249538225881904,"distribution":"{\"name\": \"FloatDistribution\", \"attributes\": {\"step\": null, \"low\": 0.0, \"high\": 0.3, \"log\": false}}"}
{"op_code":5,"worker_id":"03390d1d-9dbe-44ea-b50c-8910413720e7-127115480471040","trial_id":182,"param_name":"patience","param_value_internal":5.0,"distribution":"{\"name\": \"IntDistribution\", \"attributes\": {\"log\": false, \"step\": 1, \"low\": 2, \"high\": 5}}"}
{"op_code":7,"worker_id":"7d95b9da-d28a-4a61-9539-a7cadc394c27-137194481391104","trial_id":174,"step":1,"intermediate_value":0.37721365756750724}
{"op_code":7,"worker_id":"679cf347-18f2-4a2e-a430-e12538a555a3-126265109607936","trial_id":177,"step":1,"intermediate_value":0.38826863985736354}
{"op_code":6,"worker_id":"679cf347-18f2-4a2e-a430-e12538a555a3-126265109607936","trial_id":177,"state":2,"values":[0.38826863985736354],"datetime_complete":"2026-08-20T00:58:18.762412"}
{"op_code":4,"worker_id":"679cf347-18f2-4a2e-a430-e12538a555a3-126265109607936","study_id":0,"datetime_start":"2026-08-20T00:58:18.767084"}
{"op_code":5,"worker_id":"679cf347-18f2-4a2e-a430-e12538a555a3-126265109607936","trial_id":183,"param_name":"lr","param_value_internal":8.716872519222584e-05,"distribution":"{\"name\": \"FloatDistribution\", \"attributes\": {\"step\": null, \"low\": 5e-06, \"high\": 0.0003, \"log\": true}}"}
{"op_code":5,"worker_id":"679cf347-18f2-4a2e-a430-e12538a555a3-126265109607936","trial_id":183,"param_name":"batch_size","param_value_internal":1,"distribution":"{\"name\": \"CategoricalDistribution\", \"attributes\": {\"choices\": [16, 32, 64]}}"}
{"op_code":5,"worker_id":"679cf347-18f2-4a2e-a430-e12538a555a3-126265109607936","trial_id":183,"param_name":"weight_decay","param_value_internal":5.473286614087295e-06,"distribution":"{\"name\": \"FloatDistribution\", \"attributes\": {\"step\": null, \"low\": 1e-06, \"high\": 0.01, \"log\": true}}"}
{"op_code":5,"worker_id":"679cf347-18f2-4a2e-a430-e12538a555a3-126265109607936","trial_id":183,"param_name":"dropout","param_value_internal":0.07402609945066306,"distribution":"{\"name\": \"FloatDistribution\", \"attributes\": {\"step\": null, \"low\": 0.0, \"high\": 0.3, \"log\": false}}"}
{"op_code":5,"worker_id":"679cf347-18f2-4a2e-a430-e12538a555a3-126265109607936","trial_id":183,"param_name":"patience","param_value_internal":5.0,"distribution":"{\"name\": \"IntDistribution\", \"attributes\": {\"log\": false, \"step\": 1, \"low\": 2, \"high\": 5}}"}
{"op_code":7,"worker_id":"d5d9ede1-bcd4-481f-8816-9f3bfc2ae4f1-130087024510464","trial_id":175,"step":1,"intermediate_value":0.36982452888296685}
{"op_code":7,"worker_id":"9e97f2a5-d018-4804-af09-446e3f976f45-127331980781056","trial_id":178,"step":1,"intermediate_value":0.38214383710307775}
{"op_code":6,"worker_id":"9e97f2a5-d018-4804-af09-446e3f976f45-127331980781056","trial_id":178,"state":2,"values":[0.38214383710307775],"datetime_complete":"2026-08-20T00:59:38.467699"}
{"op_code":4,"worker_id":"9e97f2a5-d018-4804-af09-446e3f976f45-127331980781056","study_id":0,"datetime_start":"2026-08-20T00:59:38.472383"}
{"op_code":5,"worker_id":"9e97f2a5-d018-4804-af09-446e3f976f45-127331980781056","trial_id":184,"param_name":"lr","param_value_internal":0.00013236804584823922,"distribution":"{\"name\": \"FloatDistribution\", \"attributes\": {\"step\": null, \"low\": 5e-06, \"high\": 0.0003, \"log\": true}}"}
{"op_code":5,"worker_id":"9e97f2a5-d018-4804-af09-446e3f976f45-127331980781056","trial_id":184,"param_name":"batch_size","param_value_internal":1,"distribution":"{\"name\": \"CategoricalDistribution\", \"attributes\": {\"choices\": [16, 32, 64]}}"}
{"op_code":5,"worker_id":"9e97f2a5-d018-4804-af09-446e3f976f45-127331980781056","trial_id":184,"param_name":"weight_decay","param_value_internal":1.9856079774148754e-05,"distribution":"{\"name\": \"FloatDistribution\", \"attributes\": {\"step\": null, \"low\": 1e-06, \"high\": 0.01, \"log\": true}}"}
{"op_code":5,"worker_id":"9e97f2a5-d018-4804-af09-446e3f976f45-127331980781056","trial_id":184,"param_name":"dropout","param_value_internal":0.11828489613004246,"distribution":"{\"name\": \"FloatDistribution\", \"attributes\": {\"step\": null, \"low\": 0.0, \"high\": 0.3, \"log\": false}}"}
{"op_code":5,"worker_id":"9e97f2a5-d018-4804-af09-446e3f976f45-127331980781056","trial_id":184,"param_name":"patience","param_value_internal":5.0,"distribution":"{\"name\": \"IntDistribution\", \"attributes\": {\"log\": false, \"step\": 1, \"low\": 2, \"high\": 5}}"}
{"op_code":7,"worker_id":"86638fb0-284c-4fe6-bb33-ee29d2adb3be-137621019616768","trial_id":179,"step":1,"intermediate_value":0.37823208797051644}
{"op_code":6,"worker_id":"86638fb0-284c-4fe6-bb33-ee29d2adb3be-137621019616768","trial_id":179,"state":2,"values":[0.37823208797051644],"datetime_complete":"2026-08-20T00:59:39.249806"}
{"op_code":4,"worker_id":"86638fb0-284c-4fe6-bb33-ee29d2adb3be-137621019616768","study_id":0,"datetime_start":"2026-08-20T00:59:39.254650"}
{"op_code":5,"worker_id":"86638fb0-284c-4fe6-bb33-ee29d2adb3be-137621019616768","trial_id":185,"param_name":"lr","param_value_internal":0.00010267525569283144,"distribution":"{\"name\": \"FloatDistribution\", \"attributes\": {\"step\": null, \"low\": 5e-06, \"high\": 0.0003, \"log\": true}}"}
{"op_code":5,"worker_id":"86638fb0-284c-4fe6-bb33-ee29d2adb3be-137621019616768","trial_id":185,"param_name":"batch_size","param_value_internal":1,"distribution":"{\"name\": \"CategoricalDistribution\", \"attributes\": {\"choices\": [16, 32, 64]}}"}
{"op_code":5,"worker_id":"86638fb0-284c-4fe6-bb33-ee29d2adb3be-137621019616768","trial_id":185,"param_name":"weight_decay","param_value_internal":5.471902941247259e-06,"distribution":"{\"name\": \"FloatDistribution\", \"attributes\": {\"step\": null, \"low\": 1e-06, \"high\": 0.01, \"log\": true}}"}
{"op_code":5,"worker_id":"86638fb0-284c-4fe6-bb33-ee29d2adb3be-137621019616768","trial_id":185,"param_name":"dropout","param_value_internal":0.12085432774310989,"distribution":"{\"name\": \"FloatDistribution\", \"attributes\": {\"step\": null, \"low\": 0.0, \"high\": 0.3, \"log\": false}}"}
{"op_code":5,"worker_id":"86638fb0-284c-4fe6-bb33-ee29d2adb3be-137621019616768","trial_id":185,"param_name":"patience","param_value_internal":5.0,"distribution":"{\"name\": \"IntDistribution\", \"attributes\": {\"log\": false, \"step\": 1, \"low\": 2, \"high\": 5}}"}
{"op_code":7,"worker_id":"9a8b9994-b7f8-45c0-883b-c8a222f6c0d6-137116887188992","trial_id":176,"step":1,"intermediate_value":0.3779451247265196}
{"op_code":6,"worker_id":"9a8b9994-b7f8-45c0-883b-c8a222f6c0d6-137116887188992","trial_id":176,"state":2,"values":[0.3779451247265196],"datetime_complete":"2026-08-20T00:59:56.271496"}
{"op_code":4,"worker_id":"9a8b9994-b7f8-45c0-883b-c8a222f6c0d6-137116887188992","study_id":0,"datetime_start":"2026-08-20T00:59:56.276071"}
{"op_code":5,"worker_id":"9a8b9994-b7f8-45c0-883b-c8a222f6c0d6-137116887188992","trial_id":186,"param_name":"lr","param_value_internal":0.00013285066117198937,"distribution":"{\"name\": \"FloatDistribution\", \"attributes\": {\"step\": null, \"low\": 5e-06, \"high\": 0.0003, \"log\": true}}"}
{"op_code":5,"worker_id":"9a8b9994-b7f8-45c0-883b-c8a222f6c0d6-137116887188992","trial_id":186,"param_name":"batch_size","param_value_internal":1,"distribution":"{\"name\": \"CategoricalDistribution\", \"attributes\": {\"choices\": [16, 32, 64]}}"}
{"op_code":5,"worker_id":"9a8b9994-b7f8-45c0-883b-c8a222f6c0d6-137116887188992","trial_id":186,"param_name":"weight_decay","param_value_internal":5.279649470598238e-06,"distribution":"{\"name\": \"FloatDistribution\", \"attributes\": {\"step\": null, \"low\": 1e-06, \"high\": 0.01, \"log\": true}}"}
{"op_code":5,"worker_id":"9a8b9994-b7f8-45c0-883b-c8a222f6c0d6-137116887188992","trial_id":186,"param_name":"dropout","param_value_internal":0.07442489972121208,"distribution":"{\"name\": \"FloatDistribution\", \"attributes\": {\"step\": null, \"low\": 0.0, \"high\": 0.3, \"log\": false}}"}
{"op_code":5,"worker_id":"9a8b9994-b7f8-45c0-883b-c8a222f6c0d6-137116887188992","trial_id":186,"param_name":"patience","param_value_internal":5.0,"distribution":"{\"name\": \"IntDistribution\", \"attributes\": {\"log\": false, \"step\": 1, \"low\": 2, \"high\": 5}}"}
{"op_code":7,"worker_id":"40bc7db2-faeb-462c-8398-1aab030ed339-128154193819136","trial_id":171,"step":2,"intermediate_value":0.3592529814960136}
{"op_code":6,"worker_id":"40bc7db2-faeb-462c-8398-1aab030ed339-128154193819136","trial_id":171,"state":1,"values":[0.3592529814960136],"datetime_complete":"2026-08-20T01:00:35.767724"}
{"op_code":4,"worker_id":"40bc7db2-faeb-462c-8398-1aab030ed339-128154193819136","study_id":0,"datetime_start":"2026-08-20T01:00:35.791596"}
{"op_code":5,"worker_id":"40bc7db2-faeb-462c-8398-1aab030ed339-128154193819136","trial_id":187,"param_name":"lr","param_value_internal":0.00013017430370922947,"distribution":"{\"name\": \"FloatDistribution\", \"attributes\": {\"step\": null, \"low\": 5e-06, \"high\": 0.0003, \"log\": true}}"}
{"op_code":5,"worker_id":"40bc7db2-faeb-462c-8398-1aab030ed339-128154193819136","trial_id":187,"param_name":"batch_size","param_value_internal":1,"distribution":"{\"name\": \"CategoricalDistribution\", \"attributes\": {\"choices\": [16, 32, 64]}}"}
{"op_code":5,"worker_id":"40bc7db2-faeb-462c-8398-1aab030ed339-128154193819136","trial_id":187,"param_name":"weight_decay","param_value_internal":5.483571632801759e-06,"distribution":"{\"name\": \"FloatDistribution\", \"attributes\": {\"step\": null, \"low\": 1e-06, \"high\": 0.01, \"log\": true}}"}
{"op_code":5,"worker_id":"40bc7db2-faeb-462c-8398-1aab030ed339-128154193819136","trial_id":187,"param_name":"dropout","param_value_internal":0.07949992891154098,"distribution":"{\"name\": \"FloatDistribution\", \"attributes\": {\"step\": null, \"low\": 0.0, \"high\": 0.3, \"log\": false}}"}
{"op_code":5,"worker_id":"40bc7db2-faeb-462c-8398-1aab030ed339-128154193819136","trial_id":187,"param_name":"patience","param_value_internal":5.0,"distribution":"{\"name\": \"IntDistribution\", \"attributes\": {\"log\": false, \"step\": 1, \"low\": 2, \"high\": 5}}"}
{"op_code":7,"worker_id":"d8159b67-1598-4530-8185-0b4e2f627deb-130265049986560","trial_id":180,"step":1,"intermediate_value":0.35972782481522136}
{"op_code":7,"worker_id":"c2ed5631-5232-4419-9221-7c75593489a3-135269821588992","trial_id":169,"step":2,"intermediate_value":0.36520708099252885}
{"op_code":6,"worker_id":"c2ed5631-5232-4419-9221-7c75593489a3-135269821588992","trial_id":169,"state":1,"values":[0.36520708099252885],"datetime_complete":"2026-08-20T01:01:12.279650"}
{"op_code":4,"worker_id":"c2ed5631-5232-4419-9221-7c75593489a3-135269821588992","study_id":0,"datetime_start":"2026-08-20T01:01:12.283952"}
{"op_code":5,"worker_id":"c2ed5631-5232-4419-9221-7c75593489a3-135269821588992","trial_id":188,"param_name":"lr","param_value_internal":0.000130654391893615,"distribution":"{\"name\": \"FloatDistribution\", \"attributes\": {\"step\": null, \"low\": 5e-06, \"high\": 0.0003, \"log\": true}}"}
{"op_code":5,"worker_id":"c2ed5631-5232-4419-9221-7c75593489a3-135269821588992","trial_id":188,"param_name":"batch_size","param_value_internal":1,"distribution":"{\"name\": \"CategoricalDistribution\", \"attributes\": {\"choices\": [16, 32, 64]}}"}
{"op_code":5,"worker_id":"c2ed5631-5232-4419-9221-7c75593489a3-135269821588992","trial_id":188,"param_name":"weight_decay","param_value_internal":2.0741975057519257e-05,"distribution":"{\"name\": \"FloatDistribution\", \"attributes\": {\"step\": null, \"low\": 1e-06, \"high\": 0.01, \"log\": true}}"}
{"op_code":5,"worker_id":"c2ed5631-5232-4419-9221-7c75593489a3-135269821588992","trial_id":188,"param_name":"dropout","param_value_internal":0.08005227059886227,"distribution":"{\"name\": \"FloatDistribution\", \"attributes\": {\"step\": null, \"low\": 0.0, \"high\": 0.3, \"log\": false}}"}
{"op_code":5,"worker_id":"c2ed5631-5232-4419-9221-7c75593489a3-135269821588992","trial_id":188,"param_name":"patience","param_value_internal":5.0,"distribution":"{\"name\": \"IntDistribution\", \"attributes\": {\"log\": false, \"step\": 1, \"low\": 2, \"high\": 5}}"}
{"op_code":7,"worker_id":"fc071723-94a2-4a86-9e7d-bdfde0c69d2a-140268501722624","trial_id":172,"step":2,"intermediate_value":0.378336221328725}
{"op_code":6,"worker_id":"fc071723-94a2-4a86-9e7d-bdfde0c69d2a-140268501722624","trial_id":172,"state":1,"values":[0.378336221328725],"datetime_complete":"2026-08-20T01:01:35.234836"}
{"op_code":4,"worker_id":"fc071723-94a2-4a86-9e7d-bdfde0c69d2a-140268501722624","study_id":0,"datetime_start":"2026-08-20T01:01:35.239689"}
{"op_code":5,"worker_id":"fc071723-94a2-4a86-9e7d-bdfde0c69d2a-140268501722624","trial_id":189,"param_name":"lr","param_value_internal":0.0001334596492060526,"distribution":"{\"name\": \"FloatDistribution\", \"attributes\": {\"step\": null, \"low\": 5e-06, \"high\": 0.0003, \"log\": true}}"}
{"op_code":5,"worker_id":"fc071723-94a2-4a86-9e7d-bdfde0c69d2a-140268501722624","trial_id":189,"param_name":"batch_size","param_value_internal":1,"distribution":"{\"name\": \"CategoricalDistribution\", \"attributes\": {\"choices\": [16, 32, 64]}}"}
{"op_code":5,"worker_id":"fc071723-94a2-4a86-9e7d-bdfde0c69d2a-140268501722624","trial_id":189,"param_name":"weight_decay","param_value_internal":5.481034547169125e-06,"distribution":"{\"name\": \"FloatDistribution\", \"attributes\": {\"step\": null, \"low\": 1e-06, \"high\": 0.01, \"log\": true}}"}
{"op_code":5,"worker_id":"fc071723-94a2-4a86-9e7d-bdfde0c69d2a-140268501722624","trial_id":189,"param_name":"dropout","param_value_internal":0.08145304138485188,"distribution":"{\"name\": \"FloatDistribution\", \"attributes\": {\"step\": null, \"low\": 0.0, \"high\": 0.3, \"log\": false}}"}
{"op_code":5,"worker_id":"fc071723-94a2-4a86-9e7d-bdfde0c69d2a-140268501722624","trial_id":189,"param_name":"patience","param_value_internal":5.0,"distribution":"{\"name\": \"IntDistribution\", \"attributes\": {\"log\": false, \"step\": 1, \"low\": 2, \"high\": 5}}"}
{"op_code":7,"worker_id":"8e121434-d455-47e7-a812-6463efa1c5b8-129601631901184","trial_id":181,"step":1,"intermediate_value":0.38263264586448065}
{"op_code":6,"worker_id":"8e121434-d455-47e7-a812-6463efa1c5b8-129601631901184","trial_id":181,"state":2,"values":[0.38263264586448065],"datetime_complete":"2026-08-20T01:02:25.823263"}
{"op_code":4,"worker_id":"8e121434-d455-47e7-a812-6463efa1c5b8-129601631901184","study_id":0,"datetime_start":"2026-08-20T01:02:25.826937"}
{"op_code":5,"worker_id":"8e121434-d455-47e7-a812-6463efa1c5b8-129601631901184","trial_id":190,"param_name":"lr","param_value_internal":0.00013065891801176003,"distribution":"{\"name\": \"FloatDistribution\", \"attributes\": {\"step\": null, \"low\": 5e-06, \"high\": 0.0003, \"log\": true}}"}
{"op_code":5,"worker_id":"8e121434-d455-47e7-a812-6463efa1c5b8-129601631901184","trial_id":190,"param_name":"batch_size","param_value_internal":1,"distribution":"{\"name\": \"CategoricalDistribution\", \"attributes\": {\"choices\": [16, 32, 64]}}"}
{"op_code":5,"worker_id":"8e121434-d455-47e7-a812-6463efa1c5b8-129601631901184","trial_id":190,"param_name":"weight_decay","param_value_internal":1.9472575263523573e-05,"distribution":"{\"name\": \"FloatDistribution\", \"attributes\": {\"step\": null, \"low\": 1e-06, \"high\": 0.01, \"log\": true}}"}
{"op_code":5,"worker_id":"8e121434-d455-47e7-a812-6463efa1c5b8-129601631901184","trial_id":190,"param_name":"dropout","param_value_internal":0.07202185519853699,"distribution":"{\"name\": \"FloatDistribution\", \"attributes\": {\"step\": null, \"low\": 0.0, \"high\": 0.3, \"log\": false}}"}
{"op_code":5,"worker_id":"8e121434-d455-47e7-a812-6463efa1c5b8-129601631901184","trial_id":190,"param_name":"patience","param_value_internal":5.0,"distribution":"{\"name\": \"IntDistribution\", \"attributes\": {\"log\": false, \"step\": 1, \"low\": 2, \"high\": 5}}"}
{"op_code":7,"worker_id":"03390d1d-9dbe-44ea-b50c-8910413720e7-127115480471040","trial_id":182,"step":1,"intermediate_value":0.38824388377449986}
{"op_code":6,"worker_id":"03390d1d-9dbe-44ea-b50c-8910413720e7-127115480471040","trial_id":182,"state":2,"values":[0.38824388377449986],"datetime_complete":"2026-08-20T01:02:32.105393"}
{"op_code":4,"worker_id":"03390d1d-9dbe-44ea-b50c-8910413720e7-127115480471040","study_id":0,"datetime_start":"2026-08-20T01:02:32.109900"}
{"op_code":5,"worker_id":"03390d1d-9dbe-44ea-b50c-8910413720e7-127115480471040","trial_id":191,"param_name":"lr","param_value_internal":0.00012841031935600033,"distribution":"{\"name\": \"FloatDistribution\", \"attributes\": {\"step\": null, \"low\": 5e-06, \"high\": 0.0003, \"log\": true}}"}
{"op_code":5,"worker_id":"03390d1d-9dbe-44ea-b50c-8910413720e7-127115480471040","trial_id":191,"param_name":"batch_size","param_value_internal":1,"distribution":"{\"name\": \"CategoricalDistribution\", \"attributes\": {\"choices\": [16, 32, 64]}}"}
{"op_code":5,"worker_id":"03390d1d-9dbe-44ea-b50c-8910413720e7-127115480471040","trial_id":191,"param_name":"weight_decay","param_value_internal":1.842135220342173e-05,"distribution":"{\"name\": \"FloatDistribution\", \"attributes\": {\"step\": null, \"low\": 1e-06, \"high\": 0.01, \"log\": true}}"}
{"op_code":5,"worker_id":"03390d1d-9dbe-44ea-b50c-8910413720e7-127115480471040","trial_id":191,"param_name":"dropout","param_value_internal":0.07050025110940189,"distribution":"{\"name\": \"FloatDistribution\", \"attributes\": {\"step\": null, \"low\": 0.0, \"high\": 0.3, \"log\": false}}"}
{"op_code":5,"worker_id":"03390d1d-9dbe-44ea-b50c-8910413720e7-127115480471040","trial_id":191,"param_name":"patience","param_value_internal":5.0,"distribution":"{\"name\": \"IntDistribution\", \"attributes\": {\"log\": false, \"step\": 1, \"low\": 2, \"high\": 5}}"}
{"op_code":7,"worker_id":"40bc7db2-faeb-462c-8398-1aab030ed339-128154193819136","trial_id":187,"step":1,"intermediate_value":0.5024784200146101}
{"op_code":6,"worker_id":"40bc7db2-faeb-462c-8398-1aab030ed339-128154193819136","trial_id":187,"state":2,"values":[0.5024784200146101],"datetime_complete":"2026-08-20T01:03:14.918689"}
{"op_code":4,"worker_id":"40bc7db2-faeb-462c-8398-1aab030ed339-128154193819136","study_id":0,"datetime_start":"2026-08-20T01:03:14.923476"}
{"op_code":5,"worker_id":"40bc7db2-faeb-462c-8398-1aab030ed339-128154193819136","trial_id":192,"param_name":"lr","param_value_internal":0.00010155957913379971,"distribution":"{\"name\": \"FloatDistribution\", \"attributes\": {\"step\": null, \"low\": 5e-06, \"high\": 0.0003, \"log\": true}}"}
{"op_code":5,"worker_id":"40bc7db2-faeb-462c-8398-1aab030ed339-128154193819136","trial_id":192,"param_name":"batch_size","param_value_internal":1,"distribution":"{\"name\": \"CategoricalDistribution\", \"attributes\": {\"choices\": [16, 32, 64]}}"}
{"op_code":5,"worker_id":"40bc7db2-faeb-462c-8398-1aab030ed339-128154193819136","trial_id":192,"param_name":"weight_decay","param_value_internal":6.074223818192577e-06,"distribution":"{\"name\": \"FloatDistribution\", \"attributes\": {\"step\": null, \"low\": 1e-06, \"high\": 0.01, \"log\": true}}"}
{"op_code":5,"worker_id":"40bc7db2-faeb-462c-8398-1aab030ed339-128154193819136","trial_id":192,"param_name":"dropout","param_value_internal":0.07300476375427115,"distribution":"{\"name\": \"FloatDistribution\", \"attributes\": {\"step\": null, \"low\": 0.0, \"high\": 0.3, \"log\": false}}"}
{"op_code":5,"worker_id":"40bc7db2-faeb-462c-8398-1aab030ed339-128154193819136","trial_id":192,"param_name":"patience","param_value_internal":5.0,"distribution":"{\"name\": \"IntDistribution\", \"attributes\": {\"log\": false, \"step\": 1, \"low\": 2, \"high\": 5}}"}
{"op_code":7,"worker_id":"7d95b9da-d28a-4a61-9539-a7cadc394c27-137194481391104","trial_id":174,"step":2,"intermediate_value":0.36805906189614757}
{"op_code":6,"worker_id":"7d95b9da-d28a-4a61-9539-a7cadc394c27-137194481391104","trial_id":174,"state":1,"values":[0.36805906189614757],"datetime_complete":"2026-08-20T01:03:46.993892"}
{"op_code":4,"worker_id":"7d95b9da-d28a-4a61-9539-a7cadc394c27-137194481391104","study_id":0,"datetime_start":"2026-08-20T01:03:46.998785"}
{"op_code":5,"worker_id":"7d95b9da-d28a-4a61-9539-a7cadc394c27-137194481391104","trial_id":193,"param_name":"lr","param_value_internal":8.537605377809763e-05,"distribution":"{\"name\": \"FloatDistribution\", \"attributes\": {\"step\": null, \"low\": 5e-06, \"high\": 0.0003, \"log\": true}}"}
{"op_code":5,"worker_id":"7d95b9da-d28a-4a61-9539-a7cadc394c27-137194481391104","trial_id":193,"param_name":"batch_size","param_value_internal":1,"distribution":"{\"name\": \"CategoricalDistribution\", \"attributes\": {\"choices\": [16, 32, 64]}}"}
{"op_code":5,"worker_id":"7d95b9da-d28a-4a61-9539-a7cadc394c27-137194481391104","trial_id":193,"param_name":"weight_decay","param_value_internal":5.588122088612358e-06,"distribution":"{\"name\": \"FloatDistribution\", \"attributes\": {\"step\": null, \"low\": 1e-06, \"high\": 0.01, \"log\": true}}"}
{"op_code":5,"worker_id":"7d95b9da-d28a-4a61-9539-a7cadc394c27-137194481391104","trial_id":193,"param_name":"dropout","param_value_internal":0.07182593349969828,"distribution":"{\"name\": \"FloatDistribution\", \"attributes\": {\"step\": null, \"low\": 0.0, \"high\": 0.3, \"log\": false}}"}
{"op_code":5,"worker_id":"7d95b9da-d28a-4a61-9539-a7cadc394c27-137194481391104","trial_id":193,"param_name":"patience","param_value_internal":5.0,"distribution":"{\"name\": \"IntDistribution\", \"attributes\": {\"log\": false, \"step\": 1, \"low\": 2, \"high\": 5}}"}
{"op_code":7,"worker_id":"679cf347-18f2-4a2e-a430-e12538a555a3-126265109607936","trial_id":183,"step":1,"intermediate_value":0.37805157988125326}
{"op_code":6,"worker_id":"679cf347-18f2-4a2e-a430-e12538a555a3-126265109607936","trial_id":183,"state":2,"values":[0.37805157988125326],"datetime_complete":"2026-08-20T01:04:06.657823"}
{"op_code":4,"worker_id":"679cf347-18f2-4a2e-a430-e12538a555a3-126265109607936","study_id":0,"datetime_start":"2026-08-20T01:04:06.662719"}
{"op_code":5,"worker_id":"679cf347-18f2-4a2e-a430-e12538a555a3-126265109607936","trial_id":194,"param_name":"lr","param_value_internal":0.00011259930764627937,"distribution":"{\"name\": \"FloatDistribution\", \"attributes\": {\"step\": null, \"low\": 5e-06, \"high\": 0.0003, \"log\": true}}"}
{"op_code":5,"worker_id":"679cf347-18f2-4a2e-a430-e12538a555a3-126265109607936","trial_id":194,"param_name":"batch_size","param_value_internal":1,"distribution":"{\"name\": \"CategoricalDistribution\", \"attributes\": {\"choices\": [16, 32, 64]}}"}
{"op_code":5,"worker_id":"679cf347-18f2-4a2e-a430-e12538a555a3-126265109607936","trial_id":194,"param_name":"weight_decay","param_value_internal":1.9575674844486494e-05,"distribution":"{\"name\": \"FloatDistribution\", \"attributes\": {\"step\": null, \"low\": 1e-06, \"high\": 0.01, \"log\": true}}"}
{"op_code":5,"worker_id":"679cf347-18f2-4a2e-a430-e12538a555a3-126265109607936","trial_id":194,"param_name":"dropout","param_value_internal":0.10429958490832603,"distribution":"{\"name\": \"FloatDistribution\", \"attributes\": {\"step\": null, \"low\": 0.0, \"high\": 0.3, \"log\": false}}"}
{"op_code":5,"worker_id":"679cf347-18f2-4a2e-a430-e12538a555a3-126265109607936","trial_id":194,"param_name":"patience","param_value_internal":5.0,"distribution":"{\"name\": \"IntDistribution\", \"attributes\": {\"log\": false, \"step\": 1, \"low\": 2, \"high\": 5}}"}
{"op_code":7,"worker_id":"d5d9ede1-bcd4-481f-8816-9f3bfc2ae4f1-130087024510464","trial_id":175,"step":2,"intermediate_value":0.36648392872780744}
{"op_code":6,"worker_id":"d5d9ede1-bcd4-481f-8816-9f3bfc2ae4f1-130087024510464","trial_id":175,"state":1,"values":[0.36648392872780744],"datetime_complete":"2026-08-20T01:04:30.175583"}
{"op_code":4,"worker_id":"d5d9ede1-bcd4-481f-8816-9f3bfc2ae4f1-130087024510464","study_id":0,"datetime_start":"2026-08-20T01:04:30.180197"}
{"op_code":5,"worker_id":"d5d9ede1-bcd4-481f-8816-9f3bfc2ae4f1-130087024510464","trial_id":195,"param_name":"lr","param_value_internal":0.00010275065482577216,"distribution":"{\"name\": \"FloatDistribution\", \"attributes\": {\"step\": null, \"low\": 5e-06, \"high\": 0.0003, \"log\": true}}"}
{"op_code":5,"worker_id":"d5d9ede1-bcd4-481f-8816-9f3bfc2ae4f1-130087024510464","trial_id":195,"param_name":"batch_size","param_value_internal":1,"distribution":"{\"name\": \"CategoricalDistribution\", \"attributes\": {\"choices\": [16, 32, 64]}}"}
{"op_code":5,"worker_id":"d5d9ede1-bcd4-481f-8816-9f3bfc2ae4f1-130087024510464","trial_id":195,"param_name":"weight_decay","param_value_internal":1.9219597592655004e-05,"distribution":"{\"name\": \"FloatDistribution\", \"attributes\": {\"step\": null, \"low\": 1e-06, \"high\": 0.01, \"log\": true}}"}
{"op_code":5,"worker_id":"d5d9ede1-bcd4-481f-8816-9f3bfc2ae4f1-130087024510464","trial_id":195,"param_name":"dropout","param_value_internal":0.07170480497101218,"distribution":"{\"name\": \"FloatDistribution\", \"attributes\": {\"step\": null, \"low\": 0.0, \"high\": 0.3, \"log\": false}}"}
{"op_code":5,"worker_id":"d5d9ede1-bcd4-481f-8816-9f3bfc2ae4f1-130087024510464","trial_id":195,"param_name":"patience","param_value_internal":5.0,"distribution":"{\"name\": \"IntDistribution\", \"attributes\": {\"log\": false, \"step\": 1, \"low\": 2, \"high\": 5}}"}
{"op_code":7,"worker_id":"9e97f2a5-d018-4804-af09-446e3f976f45-127331980781056","trial_id":184,"step":1,"intermediate_value":0.38502558907689916}
{"op_code":6,"worker_id":"9e97f2a5-d018-4804-af09-446e3f976f45-127331980781056","trial_id":184,"state":2,"values":[0.38502558907689916],"datetime_complete":"2026-08-20T01:05:04.034470"}
{"op_code":4,"worker_id":"9e97f2a5-d018-4804-af09-446e3f976f45-127331980781056","study_id":0,"datetime_start":"2026-08-20T01:05:04.039274"}
{"op_code":5,"worker_id":"9e97f2a5-d018-4804-af09-446e3f976f45-127331980781056","trial_id":196,"param_name":"lr","param_value_internal":0.0001045208916072586,"distribution":"{\"name\": \"FloatDistribution\", \"attributes\": {\"step\": null, \"low\": 5e-06, \"high\": 0.0003, \"log\": true}}"}
{"op_code":5,"worker_id":"9e97f2a5-d018-4804-af09-446e3f976f45-127331980781056","trial_id":196,"param_name":"batch_size","param_value_internal":1,"distribution":"{\"name\": \"CategoricalDistribution\", \"attributes\": {\"choices\": [16, 32, 64]}}"}
{"op_code":5,"worker_id":"9e97f2a5-d018-4804-af09-446e3f976f45-127331980781056","trial_id":196,"param_name":"weight_decay","param_value_internal":6.845155288898541e-06,"distribution":"{\"name\": \"FloatDistribution\", \"attributes\": {\"step\": null, \"low\": 1e-06, \"high\": 0.01, \"log\": true}}"}
{"op_code":5,"worker_id":"9e97f2a5-d018-4804-af09-446e3f976f45-127331980781056","trial_id":196,"param_name":"dropout","param_value_internal":0.07322371661977231,"distribution":"{\"name\": \"FloatDistribution\", \"attributes\": {\"step\": null, \"low\": 0.0, \"high\": 0.3, \"log\": false}}"}
{"op_code":5,"worker_id":"9e97f2a5-d018-4804-af09-446e3f976f45-127331980781056","trial_id":196,"param_name":"patience","param_value_internal":5.0,"distribution":"{\"name\": \"IntDistribution\", \"attributes\": {\"log\": false, \"step\": 1, \"low\": 2, \"high\": 5}}"}
{"op_code":7,"worker_id":"86638fb0-284c-4fe6-bb33-ee29d2adb3be-137621019616768","trial_id":185,"step":1,"intermediate_value":0.37604684068484845}
{"op_code":7,"worker_id":"9a8b9994-b7f8-45c0-883b-c8a222f6c0d6-137116887188992","trial_id":186,"step":1,"intermediate_value":0.38737797791272915}
{"op_code":6,"worker_id":"9a8b9994-b7f8-45c0-883b-c8a222f6c0d6-137116887188992","trial_id":186,"state":2,"values":[0.38737797791272915],"datetime_complete":"2026-08-20T01:06:26.712308"}
{"op_code":4,"worker_id":"9a8b9994-b7f8-45c0-883b-c8a222f6c0d6-137116887188992","study_id":0,"datetime_start":"2026-08-20T01:06:26.716856"}
{"op_code":5,"worker_id":"9a8b9994-b7f8-45c0-883b-c8a222f6c0d6-137116887188992","trial_id":197,"param_name":"lr","param_value_internal":0.00010309747625972937,"distribution":"{\"name\": \"FloatDistribution\", \"attributes\": {\"step\": null, \"low\": 5e-06, \"high\": 0.0003, \"log\": true}}"}
{"op_code":5,"worker_id":"9a8b9994-b7f8-45c0-883b-c8a222f6c0d6-137116887188992","trial_id":197,"param_name":"batch_size","param_value_internal":1,"distribution":"{\"name\": \"CategoricalDistribution\", \"attributes\": {\"choices\": [16, 32, 64]}}"}
{"op_code":5,"worker_id":"9a8b9994-b7f8-45c0-883b-c8a222f6c0d6-137116887188992","trial_id":197,"param_name":"weight_decay","param_value_internal":1.678454204834178e-05,"distribution":"{\"name\": \"FloatDistribution\", \"attributes\": {\"step\": null, \"low\": 1e-06, \"high\": 0.01, \"log\": true}}"}
{"op_code":5,"worker_id":"9a8b9994-b7f8-45c0-883b-c8a222f6c0d6-137116887188992","trial_id":197,"param_name":"dropout","param_value_internal":0.07907718830074202,"distribution":"{\"name\": \"FloatDistribution\", \"attributes\": {\"step\": null, \"low\": 0.0, \"high\": 0.3, \"log\": false}}"}
{"op_code":5,"worker_id":"9a8b9994-b7f8-45c0-883b-c8a222f6c0d6-137116887188992","trial_id":197,"param_name":"patience","param_value_internal":5.0,"distribution":"{\"name\": \"IntDistribution\", \"attributes\": {\"log\": false, \"step\": 1, \"low\": 2, \"high\": 5}}"}
{"op_code":7,"worker_id":"d8159b67-1598-4530-8185-0b4e2f627deb-130265049986560","trial_id":180,"step":2,"intermediate_value":0.3663838126681443}
{"op_code":6,"worker_id":"d8159b67-1598-4530-8185-0b4e2f627deb-130265049986560","trial_id":180,"state":1,"values":[0.3663838126681443],"datetime_complete":"2026-08-20T01:06:37.657685"}
{"op_code":4,"worker_id":"d8159b67-1598-4530-8185-0b4e2f627deb-130265049986560","study_id":0,"datetime_start":"2026-08-20T01:06:37.662506"}
{"op_code":5,"worker_id":"d8159b67-1598-4530-8185-0b4e2f627deb-130265049986560","trial_id":198,"param_name":"lr","param_value_internal":0.00010733274888633765,"distribution":"{\"name\": \"FloatDistribution\", \"attributes\": {\"step\": null, \"low\": 5e-06, \"high\": 0.0003, \"log\": true}}"}
{"op_code":5,"worker_id":"d8159b67-1598-4530-8185-0b4e2f627deb-130265049986560","trial_id":198,"param_name":"batch_size","param_value_internal":1,"distribution":"{\"name\": \"CategoricalDistribution\", \"attributes\": {\"choices\": [16, 32, 64]}}"}
{"op_code":5,"worker_id":"d8159b67-1598-4530-8185-0b4e2f627deb-130265049986560","trial_id":198,"param_name":"weight_decay","param_value_internal":1.7724989976531444e-05,"distribution":"{\"name\": \"FloatDistribution\", \"attributes\": {\"step\": null, \"low\": 1e-06, \"high\": 0.01, \"log\": true}}"}
{"op_code":5,"worker_id":"d8159b67-1598-4530-8185-0b4e2f627deb-130265049986560","trial_id":198,"param_name":"dropout","param_value_internal":0.10374029040161517,"distribution":"{\"name\": \"FloatDistribution\", \"attributes\": {\"step\": null, \"low\": 0.0, \"high\": 0.3, \"log\": false}}"}
{"op_code":5,"worker_id":"d8159b67-1598-4530-8185-0b4e2f627deb-130265049986560","trial_id":198,"param_name":"patience","param_value_internal":5.0,"distribution":"{\"name\": \"IntDistribution\", \"attributes\": {\"log\": false, \"step\": 1, \"low\": 2, \"high\": 5}}"}
{"op_code":7,"worker_id":"c2ed5631-5232-4419-9221-7c75593489a3-135269821588992","trial_id":188,"step":1,"intermediate_value":0.38517549609628116}
{"op_code":6,"worker_id":"c2ed5631-5232-4419-9221-7c75593489a3-135269821588992","trial_id":188,"state":2,"values":[0.38517549609628116],"datetime_complete":"2026-08-20T01:06:50.886668"}
{"op_code":4,"worker_id":"c2ed5631-5232-4419-9221-7c75593489a3-135269821588992","study_id":0,"datetime_start":"2026-08-20T01:06:50.891133"}
{"op_code":5,"worker_id":"c2ed5631-5232-4419-9221-7c75593489a3-135269821588992","trial_id":199,"param_name":"lr","param_value_internal":0.00011473788207850519,"distribution":"{\"name\": \"FloatDistribution\", \"attributes\": {\"step\": null, \"low\": 5e-06, \"high\": 0.0003, \"log\": true}}"}
{"op_code":5,"worker_id":"c2ed5631-5232-4419-9221-7c75593489a3-135269821588992","trial_id":199,"param_name":"batch_size","param_value_internal":1,"distribution":"{\"name\": \"CategoricalDistribution\", \"attributes\": {\"choices\": [16, 32, 64]}}"}
{"op_code":5,"worker_id":"c2ed5631-5232-4419-9221-7c75593489a3-135269821588992","trial_id":199,"param_name":"weight_decay","param_value_internal":1.5088722722468658e-05,"distribution":"{\"name\": \"FloatDistribution\", \"attributes\": {\"step\": null, \"low\": 1e-06, \"high\": 0.01, \"log\": true}}"}
{"op_code":5,"worker_id":"c2ed5631-5232-4419-9221-7c75593489a3-135269821588992","trial_id":199,"param_name":"dropout","param_value_internal":0.12947306956065951,"distribution":"{\"name\": \"FloatDistribution\", \"attributes\": {\"step\": null, \"low\": 0.0, \"high\": 0.3, \"log\": false}}"}
{"op_code":5,"worker_id":"c2ed5631-5232-4419-9221-7c75593489a3-135269821588992","trial_id":199,"param_name":"patience","param_value_internal":5.0,"distribution":"{\"name\": \"IntDistribution\", \"attributes\": {\"log\": false, \"step\": 1, \"low\": 2, \"high\": 5}}"}
{"op_code":7,"worker_id":"fc071723-94a2-4a86-9e7d-bdfde0c69d2a-140268501722624","trial_id":189,"step":1,"intermediate_value":0.3910486870086265}
{"op_code":6,"worker_id":"fc071723-94a2-4a86-9e7d-bdfde0c69d2a-140268501722624","trial_id":189,"state":2,"values":[0.3910486870086265],"datetime_complete":"2026-08-20T01:07:20.855431"}
{"op_code":4,"worker_id":"fc071723-94a2-4a86-9e7d-bdfde0c69d2a-140268501722624","study_id":0,"datetime_start":"2026-08-20T01:07:20.860459"}
{"op_code":5,"worker_id":"fc071723-94a2-4a86-9e7d-bdfde0c69d2a-140268501722624","trial_id":200,"param_name":"lr","param_value_internal":0.00011077730147449756,"distribution":"{\"name\": \"FloatDistribution\", \"attributes\": {\"step\": null, \"low\": 5e-06, \"high\": 0.0003, \"log\": true}}"}
{"op_code":5,"worker_id":"fc071723-94a2-4a86-9e7d-bdfde0c69d2a-140268501722624","trial_id":200,"param_name":"batch_size","param_value_internal":1,"distribution":"{\"name\": \"CategoricalDistribution\", \"attributes\": {\"choices\": [16, 32, 64]}}"}
{"op_code":5,"worker_id":"fc071723-94a2-4a86-9e7d-bdfde0c69d2a-140268501722624","trial_id":200,"param_name":"weight_decay","param_value_internal":1.50240780653692e-05,"distribution":"{\"name\": \"FloatDistribution\", \"attributes\": {\"step\": null, \"low\": 1e-06, \"high\": 0.01, \"log\": true}}"}
{"op_code":5,"worker_id":"fc071723-94a2-4a86-9e7d-bdfde0c69d2a-140268501722624","trial_id":200,"param_name":"dropout","param_value_internal":0.12671667852321347,"distribution":"{\"name\": \"FloatDistribution\", \"attributes\": {\"step\": null, \"low\": 0.0, \"high\": 0.3, \"log\": false}}"}
{"op_code":5,"worker_id":"fc071723-94a2-4a86-9e7d-bdfde0c69d2a-140268501722624","trial_id":200,"param_name":"patience","param_value_internal":5.0,"distribution":"{\"name\": \"IntDistribution\", \"attributes\": {\"log\": false, \"step\": 1, \"low\": 2, \"high\": 5}}"}
{"op_code":7,"worker_id":"8e121434-d455-47e7-a812-6463efa1c5b8-129601631901184","trial_id":190,"step":1,"intermediate_value":0.40664063588437643}
{"op_code":6,"worker_id":"8e121434-d455-47e7-a812-6463efa1c5b8-129601631901184","trial_id":190,"state":2,"values":[0.40664063588437643],"datetime_complete":"2026-08-20T01:07:32.845914"}
{"op_code":4,"worker_id":"8e121434-d455-47e7-a812-6463efa1c5b8-129601631901184","study_id":0,"datetime_start":"2026-08-20T01:07:32.850789"}
{"op_code":5,"worker_id":"8e121434-d455-47e7-a812-6463efa1c5b8-129601631901184","trial_id":201,"param_name":"lr","param_value_internal":9.862932773139669e-05,"distribution":"{\"name\": \"FloatDistribution\", \"attributes\": {\"step\": null, \"low\": 5e-06, \"high\": 0.0003, \"log\": true}}"}
{"op_code":5,"worker_id":"8e121434-d455-47e7-a812-6463efa1c5b8-129601631901184","trial_id":201,"param_name":"batch_size","param_value_internal":1,"distribution":"{\"name\": \"CategoricalDistribution\", \"attributes\": {\"choices\": [16, 32, 64]}}"}
{"op_code":5,"worker_id":"8e121434-d455-47e7-a812-6463efa1c5b8-129601631901184","trial_id":201,"param_name":"weight_decay","param_value_internal":7.012826632422197e-06,"distribution":"{\"name\": \"FloatDistribution\", \"attributes\": {\"step\": null, \"low\": 1e-06, \"high\": 0.01, \"log\": true}}"}
{"op_code":5,"worker_id":"8e121434-d455-47e7-a812-6463efa1c5b8-129601631901184","trial_id":201,"param_name":"dropout","param_value_internal":0.13286787247136123,"distribution":"{\"name\": \"FloatDistribution\", \"attributes\": {\"step\": null, \"low\": 0.0, \"high\": 0.3, \"log\": false}}"}
{"op_code":5,"worker_id":"8e121434-d455-47e7-a812-6463efa1c5b8-129601631901184","trial_id":201,"param_name":"patience","param_value_internal":5.0,"distribution":"{\"name\": \"IntDistribution\", \"attributes\": {\"log\": false, \"step\": 1, \"low\": 2, \"high\": 5}}"}
{"op_code":7,"worker_id":"40bc7db2-faeb-462c-8398-1aab030ed339-128154193819136","trial_id":192,"step":1,"intermediate_value":0.39789397110155156}
{"op_code":6,"worker_id":"40bc7db2-faeb-462c-8398-1aab030ed339-128154193819136","trial_id":192,"state":2,"values":[0.39789397110155156],"datetime_complete":"2026-08-20T01:08:10.177087"}
{"op_code":4,"worker_id":"40bc7db2-faeb-462c-8398-1aab030ed339-128154193819136","study_id":0,"datetime_start":"2026-08-20T01:08:10.181579"}
{"op_code":5,"worker_id":"40bc7db2-faeb-462c-8398-1aab030ed339-128154193819136","trial_id":202,"param_name":"lr","param_value_internal":0.00011570359219079092,"distribution":"{\"name\": \"FloatDistribution\", \"attributes\": {\"step\": null, \"low\": 5e-06, \"high\": 0.0003, \"log\": true}}"}
{"op_code":5,"worker_id":"40bc7db2-faeb-462c-8398-1aab030ed339-128154193819136","trial_id":202,"param_name":"batch_size","param_value_internal":1,"distribution":"{\"name\": \"CategoricalDistribution\", \"attributes\": {\"choices\": [16, 32, 64]}}"}
{"op_code":5,"worker_id":"40bc7db2-faeb-462c-8398-1aab030ed339-128154193819136","trial_id":202,"param_name":"weight_decay","param_value_internal":1.4374174443153568e-05,"distribution":"{\"name\": \"FloatDistribution\", \"attributes\": {\"step\": null, \"low\": 1e-06, \"high\": 0.01, \"log\": true}}"}
{"op_code":5,"worker_id":"40bc7db2-faeb-462c-8398-1aab030ed339-128154193819136","trial_id":202,"param_name":"dropout","param_value_internal":0.09229807019905471,"distribution":"{\"name\": \"FloatDistribution\", \"attributes\": {\"step\": null, \"low\": 0.0, \"high\": 0.3, \"log\": false}}"}
{"op_code":5,"worker_id":"40bc7db2-faeb-462c-8398-1aab030ed339-128154193819136","trial_id":202,"param_name":"patience","param_value_internal":5.0,"distribution":"{\"name\": \"IntDistribution\", \"attributes\": {\"log\": false, \"step\": 1, \"low\": 2, \"high\": 5}}"}
{"op_code":7,"worker_id":"03390d1d-9dbe-44ea-b50c-8910413720e7-127115480471040","trial_id":191,"step":1,"intermediate_value":0.3917384545844964}
{"op_code":6,"worker_id":"03390d1d-9dbe-44ea-b50c-8910413720e7-127115480471040","trial_id":191,"state":2,"values":[0.3917384545844964],"datetime_complete":"2026-08-20T01:08:16.806116"}
{"op_code":4,"worker_id":"03390d1d-9dbe-44ea-b50c-8910413720e7-127115480471040","study_id":0,"datetime_start":"2026-08-20T01:08:16.810951"}
{"op_code":5,"worker_id":"03390d1d-9dbe-44ea-b50c-8910413720e7-127115480471040","trial_id":203,"param_name":"lr","param_value_internal":0.0001112485310289017,"distribution":"{\"name\": \"FloatDistribution\", \"attributes\": {\"step\": null, \"low\": 5e-06, \"high\": 0.0003, \"log\": true}}"}
{"op_code":5,"worker_id":"03390d1d-9dbe-44ea-b50c-8910413720e7-127115480471040","trial_id":203,"param_name":"batch_size","param_value_internal":1,"distribution":"{\"name\": \"CategoricalDistribution\", \"attributes\": {\"choices\": [16, 32, 64]}}"}
{"op_code":5,"worker_id":"03390d1d-9dbe-44ea-b50c-8910413720e7-127115480471040","trial_id":203,"param_name":"weight_decay","param_value_internal":1.4439718761993325e-05,"distribution":"{\"name\": \"FloatDistribution\", \"attributes\": {\"step\": null, \"low\": 1e-06, \"high\": 0.01, \"log\": true}}"}
{"op_code":5,"worker_id":"03390d1d-9dbe-44ea-b50c-8910413720e7-127115480471040","trial_id":203,"param_name":"dropout","param_value_internal":0.10128589385403314,"distribution":"{\"name\": \"FloatDistribution\", \"attributes\": {\"step\": null, \"low\": 0.0, \"high\": 0.3, \"log\": false}}"}
{"op_code":5,"worker_id":"03390d1d-9dbe-44ea-b50c-8910413720e7-127115480471040","trial_id":203,"param_name":"patience","param_value_internal":5.0,"distribution":"{\"name\": \"IntDistribution\", \"attributes\": {\"log\": false, \"step\": 1, \"low\": 2, \"high\": 5}}"}
{"op_code":7,"worker_id":"7d95b9da-d28a-4a61-9539-a7cadc394c27-137194481391104","trial_id":193,"step":1,"intermediate_value":0.3643570136416483}
{"op_code":7,"worker_id":"679cf347-18f2-4a2e-a430-e12538a555a3-126265109607936","trial_id":194,"step":1,"intermediate_value":0.3888526781323887}
{"op_code":6,"worker_id":"679cf347-18f2-4a2e-a430-e12538a555a3-126265109607936","trial_id":194,"state":2,"values":[0.3888526781323887],"datetime_complete":"2026-08-20T01:09:54.578406"}
{"op_code":4,"worker_id":"679cf347-18f2-4a2e-a430-e12538a555a3-126265109607936","study_id":0,"datetime_start":"2026-08-20T01:09:54.583050"}
{"op_code":5,"worker_id":"679cf347-18f2-4a2e-a430-e12538a555a3-126265109607936","trial_id":204,"param_name":"lr","param_value_internal":8.980147302892648e-05,"distribution":"{\"name\": \"FloatDistribution\", \"attributes\": {\"step\": null, \"low\": 5e-06, \"high\": 0.0003, \"log\": true}}"}
{"op_code":5,"worker_id":"679cf347-18f2-4a2e-a430-e12538a555a3-126265109607936","trial_id":204,"param_name":"batch_size","param_value_internal":1,"distribution":"{\"name\": \"CategoricalDistribution\", \"attributes\": {\"choices\": [16, 32, 64]}}"}
{"op_code":5,"worker_id":"679cf347-18f2-4a2e-a430-e12538a555a3-126265109607936","trial_id":204,"param_name":"weight_decay","param_value_internal":1.5147741746597123e-05,"distribution":"{\"name\": \"FloatDistribution\", \"attributes\": {\"step\": null, \"low\": 1e-06, \"high\": 0.01, \"log\": true}}"}
{"op_code":5,"worker_id":"679cf347-18f2-4a2e-a430-e12538a555a3-126265109607936","trial_id":204,"param_name":"dropout","param_value_internal":0.09506480865779257,"distribution":"{\"name\": \"FloatDistribution\", \"attributes\": {\"step\": null, \"low\": 0.0, \"high\": 0.3, \"log\": false}}"}
{"op_code":5,"worker_id":"679cf347-18f2-4a2e-a430-e12538a555a3-126265109607936","trial_id":204,"param_name":"patience","param_value_internal":5.0,"distribution":"{\"name\": \"IntDistribution\", \"attributes\": {\"log\": false, \"step\": 1, \"low\": 2, \"high\": 5}}"}
{"op_code":7,"worker_id":"d5d9ede1-bcd4-481f-8816-9f3bfc2ae4f1-130087024510464","trial_id":195,"step":1,"intermediate_value":0.4004575668751066}
{"op_code":6,"worker_id":"d5d9ede1-bcd4-481f-8816-9f3bfc2ae4f1-130087024510464","trial_id":195,"state":2,"values":[0.4004575668751066],"datetime_complete":"2026-08-20T01:10:22.281739"}
{"op_code":4,"worker_id":"d5d9ede1-bcd4-481f-8816-9f3bfc2ae4f1-130087024510464","study_id":0,"datetime_start":"2026-08-20T01:10:22.286627"}
{"op_code":5,"worker_id":"d5d9ede1-bcd4-481f-8816-9f3bfc2ae4f1-130087024510464","trial_id":205,"param_name":"lr","param_value_internal":8.808376743990312e-05,"distribution":"{\"name\": \"FloatDistribution\", \"attributes\": {\"step\": null, \"low\": 5e-06, \"high\": 0.0003, \"log\": true}}"}
{"op_code":5,"worker_id":"d5d9ede1-bcd4-481f-8816-9f3bfc2ae4f1-130087024510464","trial_id":205,"param_name":"batch_size","param_value_internal":1,"distribution":"{\"name\": \"CategoricalDistribution\", \"attributes\": {\"choices\": [16, 32, 64]}}"}
{"op_code":5,"worker_id":"d5d9ede1-bcd4-481f-8816-9f3bfc2ae4f1-130087024510464","trial_id":205,"param_name":"weight_decay","param_value_internal":2.6788620592535882e-05,"distribution":"{\"name\": \"FloatDistribution\", \"attributes\": {\"step\": null, \"low\": 1e-06, \"high\": 0.01, \"log\": true}}"}
{"op_code":5,"worker_id":"d5d9ede1-bcd4-481f-8816-9f3bfc2ae4f1-130087024510464","trial_id":205,"param_name":"dropout","param_value_internal":0.129513778573222,"distribution":"{\"name\": \"FloatDistribution\", \"attributes\": {\"step\": null, \"low\": 0.0, \"high\": 0.3, \"log\": false}}"}
{"op_code":5,"worker_id":"d5d9ede1-bcd4-481f-8816-9f3bfc2ae4f1-130087024510464","trial_id":205,"param_name":"patience","param_value_internal":5.0,"distribution":"{\"name\": \"IntDistribution\", \"attributes\": {\"log\": false, \"step\": 1, \"low\": 2, \"high\": 5}}"}
{"op_code":7,"worker_id":"86638fb0-284c-4fe6-bb33-ee29d2adb3be-137621019616768","trial_id":185,"step":2,"intermediate_value":0.4018419000211376}
{"op_code":6,"worker_id":"86638fb0-284c-4fe6-bb33-ee29d2adb3be-137621019616768","trial_id":185,"state":1,"values":[0.4018419000211376],"datetime_complete":"2026-08-20T01:10:28.517676"}
{"op_code":4,"worker_id":"86638fb0-284c-4fe6-bb33-ee29d2adb3be-137621019616768","study_id":0,"datetime_start":"2026-08-20T01:10:28.522638"}
{"op_code":5,"worker_id":"86638fb0-284c-4fe6-bb33-ee29d2adb3be-137621019616768","trial_id":206,"param_name":"lr","param_value_internal":8.882196323050597e-05,"distribution":"{\"name\": \"FloatDistribution\", \"attributes\": {\"step\": null, \"low\": 5e-06, \"high\": 0.0003, \"log\": true}}"}
{"op_code":5,"worker_id":"86638fb0-284c-4fe6-bb33-ee29d2adb3be-137621019616768","trial_id":206,"param_name":"batch_size","param_value_internal":1,"distribution":"{\"name\": \"CategoricalDistribution\", \"attributes\": {\"choices\": [16, 32, 64]}}"}
{"op_code":5,"worker_id":"86638fb0-284c-4fe6-bb33-ee29d2adb3be-137621019616768","trial_id":206,"param_name":"weight_decay","param_value_internal":1.5520740497521988e-05,"distribution":"{\"name\": \"FloatDistribution\", \"attributes\": {\"step\": null, \"low\": 1e-06, \"high\": 0.01, \"log\": true}}"}
{"op_code":5,"worker_id":"86638fb0-284c-4fe6-bb33-ee29d2adb3be-137621019616768","trial_id":206,"param_name":"dropout","param_value_internal":0.12815193928172566,"distribution":"{\"name\": \"FloatDistribution\", \"attributes\": {\"step\": null, \"low\": 0.0, \"high\": 0.3, \"log\": false}}"}
{"op_code":5,"worker_id":"86638fb0-284c-4fe6-bb33-ee29d2adb3be-137621019616768","trial_id":206,"param_name":"patience","param_value_internal":5.0,"distribution":"{\"name\": \"IntDistribution\", \"attributes\": {\"log\": false, \"step\": 1, \"low\": 2, \"high\": 5}}"}
{"op_code":7,"worker_id":"9e97f2a5-d018-4804-af09-446e3f976f45-127331980781056","trial_id":196,"step":1,"intermediate_value":0.38592690329171453}
{"op_code":6,"worker_id":"9e97f2a5-d018-4804-af09-446e3f976f45-127331980781056","trial_id":196,"state":2,"values":[0.38592690329171453],"datetime_complete":"2026-08-20T01:10:52.889700"}
{"op_code":4,"worker_id":"9e97f2a5-d018-4804-af09-446e3f976f45-127331980781056","study_id":0,"datetime_start":"2026-08-20T01:10:52.894222"}
{"op_code":5,"worker_id":"9e97f2a5-d018-4804-af09-446e3f976f45-127331980781056","trial_id":207,"param_name":"lr","param_value_internal":7.730386880963941e-05,"distribution":"{\"name\": \"FloatDistribution\", \"attributes\": {\"step\": null, \"low\": 5e-06, \"high\": 0.0003, \"log\": true}}"}
{"op_code":5,"worker_id":"9e97f2a5-d018-4804-af09-446e3f976f45-127331980781056","trial_id":207,"param_name":"batch_size","param_value_internal":1,"distribution":"{\"name\": \"CategoricalDistribution\", \"attributes\": {\"choices\": [16, 32, 64]}}"}
{"op_code":5,"worker_id":"9e97f2a5-d018-4804-af09-446e3f976f45-127331980781056","trial_id":207,"param_name":"weight_decay","param_value_internal":1.4443539255907933e-05,"distribution":"{\"name\": \"FloatDistribution\", \"attributes\": {\"step\": null, \"low\": 1e-06, \"high\": 0.01, \"log\": true}}"}
{"op_code":5,"worker_id":"9e97f2a5-d018-4804-af09-446e3f976f45-127331980781056","trial_id":207,"param_name":"dropout","param_value_internal":0.09270521764237369,"distribution":"{\"name\": \"FloatDistribution\", \"attributes\": {\"step\": null, \"low\": 0.0, \"high\": 0.3, \"log\": false}}"}
{"op_code":5,"worker_id":"9e97f2a5-d018-4804-af09-446e3f976f45-127331980781056","trial_id":207,"param_name":"patience","param_value_internal":5.0,"distribution":"{\"name\": \"IntDistribution\", \"attributes\": {\"log\": false, \"step\": 1, \"low\": 2, \"high\": 5}}"}
{"op_code":7,"worker_id":"d8159b67-1598-4530-8185-0b4e2f627deb-130265049986560","trial_id":198,"step":1,"intermediate_value":0.3729599145359699}
{"op_code":7,"worker_id":"9a8b9994-b7f8-45c0-883b-c8a222f6c0d6-137116887188992","trial_id":197,"step":1,"intermediate_value":0.39403562437242007}
{"op_code":6,"worker_id":"9a8b9994-b7f8-45c0-883b-c8a222f6c0d6-137116887188992","trial_id":197,"state":2,"values":[0.39403562437242007],"datetime_complete":"2026-08-20T01:12:05.145639"}
{"op_code":4,"worker_id":"9a8b9994-b7f8-45c0-883b-c8a222f6c0d6-137116887188992","study_id":0,"datetime_start":"2026-08-20T01:12:05.150465"}
{"op_code":5,"worker_id":"9a8b9994-b7f8-45c0-883b-c8a222f6c0d6-137116887188992","trial_id":208,"param_name":"lr","param_value_internal":8.817760274276567e-05,"distribution":"{\"name\": \"FloatDistribution\", \"attributes\": {\"step\": null, \"low\": 5e-06, \"high\": 0.0003, \"log\": true}}"}
{"op_code":5,"worker_id":"9a8b9994-b7f8-45c0-883b-c8a222f6c0d6-137116887188992","trial_id":208,"param_name":"batch_size","param_value_internal":1,"distribution":"{\"name\": \"CategoricalDistribution\", \"attributes\": {\"choices\": [16, 32, 64]}}"}
{"op_code":5,"worker_id":"9a8b9994-b7f8-45c0-883b-c8a222f6c0d6-137116887188992","trial_id":208,"param_name":"weight_decay","param_value_internal":7.0296081920280805e-06,"distribution":"{\"name\": \"FloatDistribution\", \"attributes\": {\"step\": null, \"low\": 1e-06, \"high\": 0.01, \"log\": true}}"}
{"op_code":5,"worker_id":"9a8b9994-b7f8-45c0-883b-c8a222f6c0d6-137116887188992","trial_id":208,"param_name":"dropout","param_value_internal":0.13350118593855392,"distribution":"{\"name\": \"FloatDistribution\", \"attributes\": {\"step\": null, \"low\": 0.0, \"high\": 0.3, \"log\": false}}"}
{"op_code":5,"worker_id":"9a8b9994-b7f8-45c0-883b-c8a222f6c0d6-137116887188992","trial_id":208,"param_name":"patience","param_value_internal":5.0,"distribution":"{\"name\": \"IntDistribution\", \"attributes\": {\"log\": false, \"step\": 1, \"low\": 2, \"high\": 5}}"}
{"op_code":7,"worker_id":"8e121434-d455-47e7-a812-6463efa1c5b8-129601631901184","trial_id":201,"step":1,"intermediate_value":0.37278190556414315}
{"op_code":7,"worker_id":"40bc7db2-faeb-462c-8398-1aab030ed339-128154193819136","trial_id":202,"step":1,"intermediate_value":0.39814473730274025}
{"op_code":6,"worker_id":"40bc7db2-faeb-462c-8398-1aab030ed339-128154193819136","trial_id":202,"state":2,"values":[0.39814473730274025],"datetime_complete":"2026-08-20T01:12:43.095157"}
{"op_code":4,"worker_id":"40bc7db2-faeb-462c-8398-1aab030ed339-128154193819136","study_id":0,"datetime_start":"2026-08-20T01:12:43.099909"}
{"op_code":5,"worker_id":"40bc7db2-faeb-462c-8398-1aab030ed339-128154193819136","trial_id":209,"param_name":"lr","param_value_internal":8.986617463786035e-05,"distribution":"{\"name\": \"FloatDistribution\", \"attributes\": {\"step\": null, \"low\": 5e-06, \"high\": 0.0003, \"log\": true}}"}
{"op_code":5,"worker_id":"40bc7db2-faeb-462c-8398-1aab030ed339-128154193819136","trial_id":209,"param_name":"batch_size","param_value_internal":1,"distribution":"{\"name\": \"CategoricalDistribution\", \"attributes\": {\"choices\": [16, 32, 64]}}"}
{"op_code":5,"worker_id":"40bc7db2-faeb-462c-8398-1aab030ed339-128154193819136","trial_id":209,"param_name":"weight_decay","param_value_internal":2.693858343996301e-05,"distribution":"{\"name\": \"FloatDistribution\", \"attributes\": {\"step\": null, \"low\": 1e-06, \"high\": 0.01, \"log\": true}}"}
{"op_code":5,"worker_id":"40bc7db2-faeb-462c-8398-1aab030ed339-128154193819136","trial_id":209,"param_name":"dropout","param_value_internal":0.10050227188596622,"distribution":"{\"name\": \"FloatDistribution\", \"attributes\": {\"step\": null, \"low\": 0.0, \"high\": 0.3, \"log\": false}}"}
{"op_code":5,"worker_id":"40bc7db2-faeb-462c-8398-1aab030ed339-128154193819136","trial_id":209,"param_name":"patience","param_value_internal":5.0,"distribution":"{\"name\": \"IntDistribution\", \"attributes\": {\"log\": false, \"step\": 1, \"low\": 2, \"high\": 5}}"}
{"op_code":7,"worker_id":"fc071723-94a2-4a86-9e7d-bdfde0c69d2a-140268501722624","trial_id":200,"step":1,"intermediate_value":0.37556530753071754}
{"op_code":7,"worker_id":"c2ed5631-5232-4419-9221-7c75593489a3-135269821588992","trial_id":199,"step":1,"intermediate_value":0.3961543232056589}
{"op_code":6,"worker_id":"c2ed5631-5232-4419-9221-7c75593489a3-135269821588992","trial_id":199,"state":2,"values":[0.3961543232056589],"datetime_complete":"2026-08-20T01:13:21.462322"}
{"op_code":4,"worker_id":"c2ed5631-5232-4419-9221-7c75593489a3-135269821588992","study_id":0,"datetime_start":"2026-08-20T01:13:21.466998"}
{"op_code":5,"worker_id":"c2ed5631-5232-4419-9221-7c75593489a3-135269821588992","trial_id":210,"param_name":"lr","param_value_internal":8.863235182729341e-05,"distribution":"{\"name\": \"FloatDistribution\", \"attributes\": {\"step\": null, \"low\": 5e-06, \"high\": 0.0003, \"log\": true}}"}
{"op_code":5,"worker_id":"c2ed5631-5232-4419-9221-7c75593489a3-135269821588992","trial_id":210,"param_name":"batch_size","param_value_internal":1,"distribution":"{\"name\": \"CategoricalDistribution\", \"attributes\": {\"choices\": [16, 32, 64]}}"}
{"op_code":5,"worker_id":"c2ed5631-5232-4419-9221-7c75593489a3-135269821588992","trial_id":210,"param_name":"weight_decay","param_value_internal":2.6692751528024126e-05,"distribution":"{\"name\": \"FloatDistribution\", \"attributes\": {\"step\": null, \"low\": 1e-06, \"high\": 0.01, \"log\": true}}"}
{"op_code":5,"worker_id":"c2ed5631-5232-4419-9221-7c75593489a3-135269821588992","trial_id":210,"param_name":"dropout","param_value_internal":0.11504099798984786,"distribution":"{\"name\": \"FloatDistribution\", \"attributes\": {\"step\": null, \"low\": 0.0, \"high\": 0.3, \"log\": false}}"}
{"op_code":5,"worker_id":"c2ed5631-5232-4419-9221-7c75593489a3-135269821588992","trial_id":210,"param_name":"patience","param_value_internal":5.0,"distribution":"{\"name\": \"IntDistribution\", \"attributes\": {\"log\": false, \"step\": 1, \"low\": 2, \"high\": 5}}"}
{"op_code":7,"worker_id":"03390d1d-9dbe-44ea-b50c-8910413720e7-127115480471040","trial_id":203,"step":1,"intermediate_value":0.39179528438506755}
{"op_code":6,"worker_id":"03390d1d-9dbe-44ea-b50c-8910413720e7-127115480471040","trial_id":203,"state":2,"values":[0.39179528438506755],"datetime_complete":"2026-08-20T01:14:01.709481"}
{"op_code":4,"worker_id":"03390d1d-9dbe-44ea-b50c-8910413720e7-127115480471040","study_id":0,"datetime_start":"2026-08-20T01:14:01.714342"}
{"op_code":5,"worker_id":"03390d1d-9dbe-44ea-b50c-8910413720e7-127115480471040","trial_id":211,"param_name":"lr","param_value_internal":9.080862659883405e-05,"distribution":"{\"name\": \"FloatDistribution\", \"attributes\": {\"step\": null, \"low\": 5e-06, \"high\": 0.0003, \"log\": true}}"}
{"op_code":5,"worker_id":"03390d1d-9dbe-44ea-b50c-8910413720e7-127115480471040","trial_id":211,"param_name":"batch_size","param_value_internal":1,"distribution":"{\"name\": \"CategoricalDistribution\", \"attributes\": {\"choices\": [16, 32, 64]}}"}
{"op_code":5,"worker_id":"03390d1d-9dbe-44ea-b50c-8910413720e7-127115480471040","trial_id":211,"param_name":"weight_decay","param_value_internal":7.21307853616786e-06,"distribution":"{\"name\": \"FloatDistribution\", \"attributes\": {\"step\": null, \"low\": 1e-06, \"high\": 0.01, \"log\": true}}"}
{"op_code":5,"worker_id":"03390d1d-9dbe-44ea-b50c-8910413720e7-127115480471040","trial_id":211,"param_name":"dropout","param_value_internal":0.007542178691133326,"distribution":"{\"name\": \"FloatDistribution\", \"attributes\": {\"step\": null, \"low\": 0.0, \"high\": 0.3, \"log\": false}}"}
{"op_code":5,"worker_id":"03390d1d-9dbe-44ea-b50c-8910413720e7-127115480471040","trial_id":211,"param_name":"patience","param_value_internal":5.0,"distribution":"{\"name\": \"IntDistribution\", \"attributes\": {\"log\": false, \"step\": 1, \"low\": 2, \"high\": 5}}"}
{"op_code":7,"worker_id":"679cf347-18f2-4a2e-a430-e12538a555a3-126265109607936","trial_id":204,"step":1,"intermediate_value":0.37593450134824685}
{"op_code":7,"worker_id":"7d95b9da-d28a-4a61-9539-a7cadc394c27-137194481391104","trial_id":193,"step":2,"intermediate_value":0.35700389527137527}
{"op_code":6,"worker_id":"7d95b9da-d28a-4a61-9539-a7cadc394c27-137194481391104","trial_id":193,"state":1,"values":[0.35700389527137527],"datetime_complete":"2026-08-20T01:15:19.474104"}
{"op_code":4,"worker_id":"7d95b9da-d28a-4a61-9539-a7cadc394c27-137194481391104","study_id":0,"datetime_start":"2026-08-20T01:15:19.478855"}
{"op_code":5,"worker_id":"7d95b9da-d28a-4a61-9539-a7cadc394c27-137194481391104","trial_id":212,"param_name":"lr","param_value_internal":8.950571133412163e-05,"distribution":"{\"name\": \"FloatDistribution\", \"attributes\": {\"step\": null, \"low\": 5e-06, \"high\": 0.0003, \"log\": true}}"}
{"op_code":5,"worker_id":"7d95b9da-d28a-4a61-9539-a7cadc394c27-137194481391104","trial_id":212,"param_name":"batch_size","param_value_internal":1,"distribution":"{\"name\": \"CategoricalDistribution\", \"attributes\": {\"choices\": [16, 32, 64]}}"}
{"op_code":5,"worker_id":"7d95b9da-d28a-4a61-9539-a7cadc394c27-137194481391104","trial_id":212,"param_name":"weight_decay","param_value_internal":1.016157841107983e-05,"distribution":"{\"name\": \"FloatDistribution\", \"attributes\": {\"step\": null, \"low\": 1e-06, \"high\": 0.01, \"log\": true}}"}
{"op_code":5,"worker_id":"7d95b9da-d28a-4a61-9539-a7cadc394c27-137194481391104","trial_id":212,"param_name":"dropout","param_value_internal":0.053482622176763354,"distribution":"{\"name\": \"FloatDistribution\", \"attributes\": {\"step\": null, \"low\": 0.0, \"high\": 0.3, \"log\": false}}"}
{"op_code":5,"worker_id":"7d95b9da-d28a-4a61-9539-a7cadc394c27-137194481391104","trial_id":212,"param_name":"patience","param_value_internal":5.0,"distribution":"{\"name\": \"IntDistribution\", \"attributes\": {\"log\": false, \"step\": 1, \"low\": 2, \"high\": 5}}"}
{"op_code":7,"worker_id":"9e97f2a5-d018-4804-af09-446e3f976f45-127331980781056","trial_id":207,"step":1,"intermediate_value":0.38737490720872764}
{"op_code":6,"worker_id":"9e97f2a5-d018-4804-af09-446e3f976f45-127331980781056","trial_id":207,"state":2,"values":[0.38737490720872764],"datetime_complete":"2026-08-20T01:15:55.275248"}
{"op_code":4,"worker_id":"9e97f2a5-d018-4804-af09-446e3f976f45-127331980781056","study_id":0,"datetime_start":"2026-08-20T01:15:55.280041"}
{"op_code":5,"worker_id":"9e97f2a5-d018-4804-af09-446e3f976f45-127331980781056","trial_id":213,"param_name":"lr","param_value_internal":8.674613684820578e-05,"distribution":"{\"name\": \"FloatDistribution\", \"attributes\": {\"step\": null, \"low\": 5e-06, \"high\": 0.0003, \"log\": true}}"}
{"op_code":5,"worker_id":"9e97f2a5-d018-4804-af09-446e3f976f45-127331980781056","trial_id":213,"param_name":"batch_size","param_value_internal":1,"distribution":"{\"name\": \"CategoricalDistribution\", \"attributes\": {\"choices\": [16, 32, 64]}}"}
{"op_code":5,"worker_id":"9e97f2a5-d018-4804-af09-446e3f976f45-127331980781056","trial_id":213,"param_name":"weight_decay","param_value_internal":9.841305373131517e-06,"distribution":"{\"name\": \"FloatDistribution\", \"attributes\": {\"step\": null, \"low\": 1e-06, \"high\": 0.01, \"log\": true}}"}
{"op_code":5,"worker_id":"9e97f2a5-d018-4804-af09-446e3f976f45-127331980781056","trial_id":213,"param_name":"dropout","param_value_internal":0.053876902021420474,"distribution":"{\"name\": \"FloatDistribution\", \"attributes\": {\"step\": null, \"low\": 0.0, \"high\": 0.3, \"log\": false}}"}
{"op_code":5,"worker_id":"9e97f2a5-d018-4804-af09-446e3f976f45-127331980781056","trial_id":213,"param_name":"patience","param_value_internal":5.0,"distribution":"{\"name\": \"IntDistribution\", \"attributes\": {\"log\": false, \"step\": 1, \"low\": 2, \"high\": 5}}"}
{"op_code":7,"worker_id":"d5d9ede1-bcd4-481f-8816-9f3bfc2ae4f1-130087024510464","trial_id":205,"step":1,"intermediate_value":0.3776291825986123}
{"op_code":6,"worker_id":"d5d9ede1-bcd4-481f-8816-9f3bfc2ae4f1-130087024510464","trial_id":205,"state":2,"values":[0.3776291825986123],"datetime_complete":"2026-08-20T01:16:14.677636"}
{"op_code":4,"worker_id":"d5d9ede1-bcd4-481f-8816-9f3bfc2ae4f1-130087024510464","study_id":0,"datetime_start":"2026-08-20T01:16:14.682666"}
{"op_code":5,"worker_id":"d5d9ede1-bcd4-481f-8816-9f3bfc2ae4f1-130087024510464","trial_id":214,"param_name":"lr","param_value_internal":8.644357838365359e-05,"distribution":"{\"name\": \"FloatDistribution\", \"attributes\": {\"step\": null, \"low\": 5e-06, \"high\": 0.0003, \"log\": true}}"}
{"op_code":5,"worker_id":"d5d9ede1-bcd4-481f-8816-9f3bfc2ae4f1-130087024510464","trial_id":214,"param_name":"batch_size","param_value_internal":1,"distribution":"{\"name\": \"CategoricalDistribution\", \"attributes\": {\"choices\": [16, 32, 64]}}"}
{"op_code":5,"worker_id":"d5d9ede1-bcd4-481f-8816-9f3bfc2ae4f1-130087024510464","trial_id":214,"param_name":"weight_decay","param_value_internal":9.878437325167203e-06,"distribution":"{\"name\": \"FloatDistribution\", \"attributes\": {\"step\": null, \"low\": 1e-06, \"high\": 0.01, \"log\": true}}"}
{"op_code":5,"worker_id":"d5d9ede1-bcd4-481f-8816-9f3bfc2ae4f1-130087024510464","trial_id":214,"param_name":"dropout","param_value_internal":0.11370109777189788,"distribution":"{\"name\": \"FloatDistribution\", \"attributes\": {\"step\": null, \"low\": 0.0, \"high\": 0.3, \"log\": false}}"}
{"op_code":5,"worker_id":"d5d9ede1-bcd4-481f-8816-9f3bfc2ae4f1-130087024510464","trial_id":214,"param_name":"patience","param_value_internal":5.0,"distribution":"{\"name\": \"IntDistribution\", \"attributes\": {\"log\": false, \"step\": 1, \"low\": 2, \"high\": 5}}"}
{"op_code":7,"worker_id":"86638fb0-284c-4fe6-bb33-ee29d2adb3be-137621019616768","trial_id":206,"step":1,"intermediate_value":0.37968604635667663}
{"op_code":6,"worker_id":"86638fb0-284c-4fe6-bb33-ee29d2adb3be-137621019616768","trial_id":206,"state":2,"values":[0.37968604635667663],"datetime_complete":"2026-08-20T01:16:57.988702"}
{"op_code":4,"worker_id":"86638fb0-284c-4fe6-bb33-ee29d2adb3be-137621019616768","study_id":0,"datetime_start":"2026-08-20T01:16:57.993345"}
{"op_code":5,"worker_id":"86638fb0-284c-4fe6-bb33-ee29d2adb3be-137621019616768","trial_id":215,"param_name":"lr","param_value_internal":8.129410962110223e-05,"distribution":"{\"name\": \"FloatDistribution\", \"attributes\": {\"step\": null, \"low\": 5e-06, \"high\": 0.0003, \"log\": true}}"}
{"op_code":5,"worker_id":"86638fb0-284c-4fe6-bb33-ee29d2adb3be-137621019616768","trial_id":215,"param_name":"batch_size","param_value_internal":1,"distribution":"{\"name\": \"CategoricalDistribution\", \"attributes\": {\"choices\": [16, 32, 64]}}"}
{"op_code":5,"worker_id":"86638fb0-284c-4fe6-bb33-ee29d2adb3be-137621019616768","trial_id":215,"param_name":"weight_decay","param_value_internal":7.116815929793986e-06,"distribution":"{\"name\": \"FloatDistribution\", \"attributes\": {\"step\": null, \"low\": 1e-06, \"high\": 0.01, \"log\": true}}"}
{"op_code":5,"worker_id":"86638fb0-284c-4fe6-bb33-ee29d2adb3be-137621019616768","trial_id":215,"param_name":"dropout","param_value_internal":0.11258364809722005,"distribution":"{\"name\": \"FloatDistribution\", \"attributes\": {\"step\": null, \"low\": 0.0, \"high\": 0.3, \"log\": false}}"}
{"op_code":5,"worker_id":"86638fb0-284c-4fe6-bb33-ee29d2adb3be-137621019616768","trial_id":215,"param_name":"patience","param_value_internal":5.0,"distribution":"{\"name\": \"IntDistribution\", \"attributes\": {\"log\": false, \"step\": 1, \"low\": 2, \"high\": 5}}"}
{"op_code":7,"worker_id":"d8159b67-1598-4530-8185-0b4e2f627deb-130265049986560","trial_id":198,"step":2,"intermediate_value":0.35829871127323465}
{"op_code":6,"worker_id":"d8159b67-1598-4530-8185-0b4e2f627deb-130265049986560","trial_id":198,"state":1,"values":[0.35829871127323465],"datetime_complete":"2026-08-20T01:17:21.268756"}
{"op_code":4,"worker_id":"d8159b67-1598-4530-8185-0b4e2f627deb-130265049986560","study_id":0,"datetime_start":"2026-08-20T01:17:21.273483"}
{"op_code":5,"worker_id":"d8159b67-1598-4530-8185-0b4e2f627deb-130265049986560","trial_id":216,"param_name":"lr","param_value_internal":8.271937010062867e-05,"distribution":"{\"name\": \"FloatDistribution\", \"attributes\": {\"step\": null, \"low\": 5e-06, \"high\": 0.0003, \"log\": true}}"}
{"op_code":5,"worker_id":"d8159b67-1598-4530-8185-0b4e2f627deb-130265049986560","trial_id":216,"param_name":"batch_size","param_value_internal":1,"distribution":"{\"name\": \"CategoricalDistribution\", \"attributes\": {\"choices\": [16, 32, 64]}}"}
{"op_code":5,"worker_id":"d8159b67-1598-4530-8185-0b4e2f627deb-130265049986560","trial_id":216,"param_name":"weight_decay","param_value_internal":9.795895308697222e-06,"distribution":"{\"name\": \"FloatDistribution\", \"attributes\": {\"step\": null, \"low\": 1e-06, \"high\": 0.01, \"log\": true}}"}
{"op_code":5,"worker_id":"d8159b67-1598-4530-8185-0b4e2f627deb-130265049986560","trial_id":216,"param_name":"dropout","param_value_internal":0.0567036777555045,"distribution":"{\"name\": \"FloatDistribution\", \"attributes\": {\"step\": null, \"low\": 0.0, \"high\": 0.3, \"log\": false}}"}
{"op_code":5,"worker_id":"d8159b67-1598-4530-8185-0b4e2f627deb-130265049986560","trial_id":216,"param_name":"patience","param_value_internal":5.0,"distribution":"{\"name\": \"IntDistribution\", \"attributes\": {\"log\": false, \"step\": 1, \"low\": 2, \"high\": 5}}"}
{"op_code":7,"worker_id":"9a8b9994-b7f8-45c0-883b-c8a222f6c0d6-137116887188992","trial_id":208,"step":1,"intermediate_value":0.3936632786382938}
{"op_code":6,"worker_id":"9a8b9994-b7f8-45c0-883b-c8a222f6c0d6-137116887188992","trial_id":208,"state":2,"values":[0.3936632786382938],"datetime_complete":"2026-08-20T01:17:43.688990"}
{"op_code":4,"worker_id":"9a8b9994-b7f8-45c0-883b-c8a222f6c0d6-137116887188992","study_id":0,"datetime_start":"2026-08-20T01:17:43.693683"}
{"op_code":5,"worker_id":"9a8b9994-b7f8-45c0-883b-c8a222f6c0d6-137116887188992","trial_id":217,"param_name":"lr","param_value_internal":8.140653516096341e-05,"distribution":"{\"name\": \"FloatDistribution\", \"attributes\": {\"step\": null, \"low\": 5e-06, \"high\": 0.0003, \"log\": true}}"}
{"op_code":5,"worker_id":"9a8b9994-b7f8-45c0-883b-c8a222f6c0d6-137116887188992","trial_id":217,"param_name":"batch_size","param_value_internal":1,"distribution":"{\"name\": \"CategoricalDistribution\", \"attributes\": {\"choices\": [16, 32, 64]}}"}
{"op_code":5,"worker_id":"9a8b9994-b7f8-45c0-883b-c8a222f6c0d6-137116887188992","trial_id":217,"param_name":"weight_decay","param_value_internal":9.921080994782086e-06,"distribution":"{\"name\": \"FloatDistribution\", \"attributes\": {\"step\": null, \"low\": 1e-06, \"high\": 0.01, \"log\": true}}"}
{"op_code":5,"worker_id":"9a8b9994-b7f8-45c0-883b-c8a222f6c0d6-137116887188992","trial_id":217,"param_name":"dropout","param_value_internal":0.05332908095856864,"distribution":"{\"name\": \"FloatDistribution\", \"attributes\": {\"step\": null, \"low\": 0.0, \"high\": 0.3, \"log\": false}}"}
{"op_code":5,"worker_id":"9a8b9994-b7f8-45c0-883b-c8a222f6c0d6-137116887188992","trial_id":217,"param_name":"patience","param_value_internal":5.0,"distribution":"{\"name\": \"IntDistribution\", \"attributes\": {\"log\": false, \"step\": 1, \"low\": 2, \"high\": 5}}"}
{"op_code":7,"worker_id":"40bc7db2-faeb-462c-8398-1aab030ed339-128154193819136","trial_id":209,"step":1,"intermediate_value":0.36644246967802335}
{"op_code":7,"worker_id":"8e121434-d455-47e7-a812-6463efa1c5b8-129601631901184","trial_id":201,"step":2,"intermediate_value":0.369281130441781}
{"op_code":6,"worker_id":"8e121434-d455-47e7-a812-6463efa1c5b8-129601631901184","trial_id":201,"state":1,"values":[0.369281130441781],"datetime_complete":"2026-08-20T01:18:34.289406"}
{"op_code":4,"worker_id":"8e121434-d455-47e7-a812-6463efa1c5b8-129601631901184","study_id":0,"datetime_start":"2026-08-20T01:18:34.294144"}
{"op_code":5,"worker_id":"8e121434-d455-47e7-a812-6463efa1c5b8-129601631901184","trial_id":218,"param_name":"lr","param_value_internal":7.67924760151707e-05,"distribution":"{\"name\": \"FloatDistribution\", \"attributes\": {\"step\": null, \"low\": 5e-06, \"high\": 0.0003, \"log\": true}}"}
{"op_code":5,"worker_id":"8e121434-d455-47e7-a812-6463efa1c5b8-129601631901184","trial_id":218,"param_name":"batch_size","param_value_internal":1,"distribution":"{\"name\": \"CategoricalDistribution\", \"attributes\": {\"choices\": [16, 32, 64]}}"}
{"op_code":5,"worker_id":"8e121434-d455-47e7-a812-6463efa1c5b8-129601631901184","trial_id":218,"param_name":"weight_decay","param_value_internal":9.348028851937116e-06,"distribution":"{\"name\": \"FloatDistribution\", \"attributes\": {\"step\": null, \"low\": 1e-06, \"high\": 0.01, \"log\": true}}"}
{"op_code":5,"worker_id":"8e121434-d455-47e7-a812-6463efa1c5b8-129601631901184","trial_id":218,"param_name":"dropout","param_value_internal":0.11464456089301395,"distribution":"{\"name\": \"FloatDistribution\", \"attributes\": {\"step\": null, \"low\": 0.0, \"high\": 0.3, \"log\": false}}"}
{"op_code":5,"worker_id":"8e121434-d455-47e7-a812-6463efa1c5b8-129601631901184","trial_id":218,"param_name":"patience","param_value_internal":5.0,"distribution":"{\"name\": \"IntDistribution\", \"attributes\": {\"log\": false, \"step\": 1, \"low\": 2, \"high\": 5}}"}
{"op_code":7,"worker_id":"03390d1d-9dbe-44ea-b50c-8910413720e7-127115480471040","trial_id":211,"step":1,"intermediate_value":0.4186762481973453}
{"op_code":6,"worker_id":"03390d1d-9dbe-44ea-b50c-8910413720e7-127115480471040","trial_id":211,"state":2,"values":[0.4186762481973453],"datetime_complete":"2026-08-20T01:18:37.921473"}
{"op_code":4,"worker_id":"03390d1d-9dbe-44ea-b50c-8910413720e7-127115480471040","study_id":0,"datetime_start":"2026-08-20T01:18:37.926194"}
{"op_code":5,"worker_id":"03390d1d-9dbe-44ea-b50c-8910413720e7-127115480471040","trial_id":219,"param_name":"lr","param_value_internal":8.167953685718325e-05,"distribution":"{\"name\": \"FloatDistribution\", \"attributes\": {\"step\": null, \"low\": 5e-06, \"high\": 0.0003, \"log\": true}}"}
{"op_code":5,"worker_id":"03390d1d-9dbe-44ea-b50c-8910413720e7-127115480471040","trial_id":219,"param_name":"batch_size","param_value_internal":1,"distribution":"{\"name\": \"CategoricalDistribution\", \"attributes\": {\"choices\": [16, 32, 64]}}"}
{"op_code":5,"worker_id":"03390d1d-9dbe-44ea-b50c-8910413720e7-127115480471040","trial_id":219,"param_name":"weight_decay","param_value_internal":9.558574069016462e-06,"distribution":"{\"name\": \"FloatDistribution\", \"attributes\": {\"step\": null, \"low\": 1e-06, \"high\": 0.01, \"log\": true}}"}
{"op_code":5,"worker_id":"03390d1d-9dbe-44ea-b50c-8910413720e7-127115480471040","trial_id":219,"param_name":"dropout","param_value_internal":0.11563720130764177,"distribution":"{\"name\": \"FloatDistribution\", \"attributes\": {\"step\": null, \"low\": 0.0, \"high\": 0.3, \"log\": false}}"}
{"op_code":5,"worker_id":"03390d1d-9dbe-44ea-b50c-8910413720e7-127115480471040","trial_id":219,"param_name":"patience","param_value_internal":5.0,"distribution":"{\"name\": \"IntDistribution\", \"attributes\": {\"log\": false, \"step\": 1, \"low\": 2, \"high\": 5}}"}
{"op_code":7,"worker_id":"fc071723-94a2-4a86-9e7d-bdfde0c69d2a-140268501722624","trial_id":200,"step":2,"intermediate_value":0.3666234595930974}
{"op_code":6,"worker_id":"fc071723-94a2-4a86-9e7d-bdfde0c69d2a-140268501722624","trial_id":200,"state":1,"values":[0.3666234595930974],"datetime_complete":"2026-08-20T01:18:52.293834"}
{"op_code":4,"worker_id":"fc071723-94a2-4a86-9e7d-bdfde0c69d2a-140268501722624","study_id":0,"datetime_start":"2026-08-20T01:18:52.298404"}
{"op_code":5,"worker_id":"fc071723-94a2-4a86-9e7d-bdfde0c69d2a-140268501722624","trial_id":220,"param_name":"lr","param_value_internal":7.930528700668155e-05,"distribution":"{\"name\": \"FloatDistribution\", \"attributes\": {\"step\": null, \"low\": 5e-06, \"high\": 0.0003, \"log\": true}}"}
{"op_code":5,"worker_id":"fc071723-94a2-4a86-9e7d-bdfde0c69d2a-140268501722624","trial_id":220,"param_name":"batch_size","param_value_internal":1,"distribution":"{\"name\": \"CategoricalDistribution\", \"attributes\": {\"choices\": [16, 32, 64]}}"}
{"op_code":5,"worker_id":"fc071723-94a2-4a86-9e7d-bdfde0c69d2a-140268501722624","trial_id":220,"param_name":"weight_decay","param_value_internal":1.026976198785375e-05,"distribution":"{\"name\": \"FloatDistribution\", \"attributes\": {\"step\": null, \"low\": 1e-06, \"high\": 0.01, \"log\": true}}"}
{"op_code":5,"worker_id":"fc071723-94a2-4a86-9e7d-bdfde0c69d2a-140268501722624","trial_id":220,"param_name":"dropout","param_value_internal":0.1119608470433734,"distribution":"{\"name\": \"FloatDistribution\", \"attributes\": {\"step\": null, \"low\": 0.0, \"high\": 0.3, \"log\": false}}"}
{"op_code":5,"worker_id":"fc071723-94a2-4a86-9e7d-bdfde0c69d2a-140268501722624","trial_id":220,"param_name":"patience","param_value_internal":5.0,"distribution":"{\"name\": \"IntDistribution\", \"attributes\": {\"log\": false, \"step\": 1, \"low\": 2, \"high\": 5}}"}
{"op_code":7,"worker_id":"c2ed5631-5232-4419-9221-7c75593489a3-135269821588992","trial_id":210,"step":1,"intermediate_value":0.3697709375631504}
{"op_code":7,"worker_id":"679cf347-18f2-4a2e-a430-e12538a555a3-126265109607936","trial_id":204,"step":2,"intermediate_value":0.38052007543694993}
{"op_code":6,"worker_id":"679cf347-18f2-4a2e-a430-e12538a555a3-126265109607936","trial_id":204,"state":1,"values":[0.38052007543694993],"datetime_complete":"2026-08-20T01:19:11.855859"}
{"op_code":4,"worker_id":"679cf347-18f2-4a2e-a430-e12538a555a3-126265109607936","study_id":0,"datetime_start":"2026-08-20T01:19:11.860475"}
{"op_code":5,"worker_id":"679cf347-18f2-4a2e-a430-e12538a555a3-126265109607936","trial_id":221,"param_name":"lr","param_value_internal":7.970374404120525e-05,"distribution":"{\"name\": \"FloatDistribution\", \"attributes\": {\"step\": null, \"low\": 5e-06, \"high\": 0.0003, \"log\": true}}"}
{"op_code":5,"worker_id":"679cf347-18f2-4a2e-a430-e12538a555a3-126265109607936","trial_id":221,"param_name":"batch_size","param_value_internal":1,"distribution":"{\"name\": \"CategoricalDistribution\", \"attributes\": {\"choices\": [16, 32, 64]}}"}
{"op_code":5,"worker_id":"679cf347-18f2-4a2e-a430-e12538a555a3-126265109607936","trial_id":221,"param_name":"weight_decay","param_value_internal":9.753026860156499e-06,"distribution":"{\"name\": \"FloatDistribution\", \"attributes\": {\"step\": null, \"low\": 1e-06, \"high\": 0.01, \"log\": true}}"}
{"op_code":5,"worker_id":"679cf347-18f2-4a2e-a430-e12538a555a3-126265109607936","trial_id":221,"param_name":"dropout","param_value_internal":0.11458639883229244,"distribution":"{\"name\": \"FloatDistribution\", \"attributes\": {\"step\": null, \"low\": 0.0, \"high\": 0.3, \"log\": false}}"}
{"op_code":5,"worker_id":"679cf347-18f2-4a2e-a430-e12538a555a3-126265109607936","trial_id":221,"param_name":"patience","param_value_internal":5.0,"distribution":"{\"name\": \"IntDistribution\", \"attributes\": {\"log\": false, \"step\": 1, \"low\": 2, \"high\": 5}}"}
{"op_code":7,"worker_id":"9e97f2a5-d018-4804-af09-446e3f976f45-127331980781056","trial_id":213,"step":1,"intermediate_value":0.3775450517768299}
{"op_code":6,"worker_id":"9e97f2a5-d018-4804-af09-446e3f976f45-127331980781056","trial_id":213,"state":2,"values":[0.3775450517768299],"datetime_complete":"2026-08-20T01:20:57.728233"}
{"op_code":4,"worker_id":"9e97f2a5-d018-4804-af09-446e3f976f45-127331980781056","study_id":0,"datetime_start":"2026-08-20T01:20:57.732859"}
{"op_code":5,"worker_id":"9e97f2a5-d018-4804-af09-446e3f976f45-127331980781056","trial_id":222,"param_name":"lr","param_value_internal":7.919659704688037e-05,"distribution":"{\"name\": \"FloatDistribution\", \"attributes\": {\"step\": null, \"low\": 5e-06, \"high\": 0.0003, \"log\": true}}"}
{"op_code":5,"worker_id":"9e97f2a5-d018-4804-af09-446e3f976f45-127331980781056","trial_id":222,"param_name":"batch_size","param_value_internal":1,"distribution":"{\"name\": \"CategoricalDistribution\", \"attributes\": {\"choices\": [16, 32, 64]}}"}
{"op_code":5,"worker_id":"9e97f2a5-d018-4804-af09-446e3f976f45-127331980781056","trial_id":222,"param_name":"weight_decay","param_value_internal":9.390946965056156e-06,"distribution":"{\"name\": \"FloatDistribution\", \"attributes\": {\"step\": null, \"low\": 1e-06, \"high\": 0.01, \"log\": true}}"}
{"op_code":5,"worker_id":"9e97f2a5-d018-4804-af09-446e3f976f45-127331980781056","trial_id":222,"param_name":"dropout","param_value_internal":0.11407852175053568,"distribution":"{\"name\": \"FloatDistribution\", \"attributes\": {\"step\": null, \"low\": 0.0, \"high\": 0.3, \"log\": false}}"}
{"op_code":5,"worker_id":"9e97f2a5-d018-4804-af09-446e3f976f45-127331980781056","trial_id":222,"param_name":"patience","param_value_internal":5.0,"distribution":"{\"name\": \"IntDistribution\", \"attributes\": {\"log\": false, \"step\": 1, \"low\": 2, \"high\": 5}}"}
{"op_code":7,"worker_id":"7d95b9da-d28a-4a61-9539-a7cadc394c27-137194481391104","trial_id":212,"step":1,"intermediate_value":0.3795145791297394}
{"op_code":6,"worker_id":"7d95b9da-d28a-4a61-9539-a7cadc394c27-137194481391104","trial_id":212,"state":2,"values":[0.3795145791297394],"datetime_complete":"2026-08-20T01:21:06.056335"}
{"op_code":4,"worker_id":"7d95b9da-d28a-4a61-9539-a7cadc394c27-137194481391104","study_id":0,"datetime_start":"2026-08-20T01:21:06.060686"}
{"op_code":5,"worker_id":"7d95b9da-d28a-4a61-9539-a7cadc394c27-137194481391104","trial_id":223,"param_name":"lr","param_value_internal":7.894661470631057e-05,"distribution":"{\"name\": \"FloatDistribution\", \"attributes\": {\"step\": null, \"low\": 5e-06, \"high\": 0.0003, \"log\": true}}"}
{"op_code":5,"worker_id":"7d95b9da-d28a-4a61-9539-a7cadc394c27-137194481391104","trial_id":223,"param_name":"batch_size","param_value_internal":1,"distribution":"{\"name\": \"CategoricalDistribution\", \"attributes\": {\"choices\": [16, 32, 64]}}"}
{"op_code":5,"worker_id":"7d95b9da-d28a-4a61-9539-a7cadc394c27-137194481391104","trial_id":223,"param_name":"weight_decay","param_value_internal":9.247689358889016e-06,"distribution":"{\"name\": \"FloatDistribution\", \"attributes\": {\"step\": null, \"low\": 1e-06, \"high\": 0.01, \"log\": true}}"}
{"op_code":5,"worker_id":"7d95b9da-d28a-4a61-9539-a7cadc394c27-137194481391104","trial_id":223,"param_name":"dropout","param_value_internal":0.11211634433737233,"distribution":"{\"name\": \"FloatDistribution\", \"attributes\": {\"step\": null, \"low\": 0.0, \"high\": 0.3, \"log\": false}}"}
{"op_code":5,"worker_id":"7d95b9da-d28a-4a61-9539-a7cadc394c27-137194481391104","trial_id":223,"param_name":"patience","param_value_internal":5.0,"distribution":"{\"name\": \"IntDistribution\", \"attributes\": {\"log\": false, \"step\": 1, \"low\": 2, \"high\": 5}}"}
{"op_code":7,"worker_id":"d5d9ede1-bcd4-481f-8816-9f3bfc2ae4f1-130087024510464","trial_id":214,"step":1,"intermediate_value":0.37416334122416606}
{"op_code":7,"worker_id":"86638fb0-284c-4fe6-bb33-ee29d2adb3be-137621019616768","trial_id":215,"step":1,"intermediate_value":0.37587986701091736}
{"op_code":7,"worker_id":"d8159b67-1598-4530-8185-0b4e2f627deb-130265049986560","trial_id":216,"step":1,"intermediate_value":0.36546045152585693}
{"op_code":7,"worker_id":"03390d1d-9dbe-44ea-b50c-8910413720e7-127115480471040","trial_id":219,"step":1,"intermediate_value":0.3835680819040302}
{"op_code":6,"worker_id":"03390d1d-9dbe-44ea-b50c-8910413720e7-127115480471040","trial_id":219,"state":2,"values":[0.3835680819040302],"datetime_complete":"2026-08-20T01:23:14.226047"}
{"op_code":4,"worker_id":"03390d1d-9dbe-44ea-b50c-8910413720e7-127115480471040","study_id":0,"datetime_start":"2026-08-20T01:23:14.230823"}
{"op_code":5,"worker_id":"03390d1d-9dbe-44ea-b50c-8910413720e7-127115480471040","trial_id":224,"param_name":"lr","param_value_internal":7.533746163318422e-05,"distribution":"{\"name\": \"FloatDistribution\", \"attributes\": {\"step\": null, \"low\": 5e-06, \"high\": 0.0003, \"log\": true}}"}
{"op_code":5,"worker_id":"03390d1d-9dbe-44ea-b50c-8910413720e7-127115480471040","trial_id":224,"param_name":"batch_size","param_value_internal":1,"distribution":"{\"name\": \"CategoricalDistribution\", \"attributes\": {\"choices\": [16, 32, 64]}}"}
{"op_code":5,"worker_id":"03390d1d-9dbe-44ea-b50c-8910413720e7-127115480471040","trial_id":224,"param_name":"weight_decay","param_value_internal":4.039156257002562e-06,"distribution":"{\"name\": \"FloatDistribution\", \"attributes\": {\"step\": null, \"low\": 1e-06, \"high\": 0.01, \"log\": true}}"}
{"op_code":5,"worker_id":"03390d1d-9dbe-44ea-b50c-8910413720e7-127115480471040","trial_id":224,"param_name":"dropout","param_value_internal":0.10307742530474125,"distribution":"{\"name\": \"FloatDistribution\", \"attributes\": {\"step\": null, \"low\": 0.0, \"high\": 0.3, \"log\": false}}"}
{"op_code":5,"worker_id":"03390d1d-9dbe-44ea-b50c-8910413720e7-127115480471040","trial_id":224,"param_name":"patience","param_value_internal":5.0,"distribution":"{\"name\": \"IntDistribution\", \"attributes\": {\"log\": false, \"step\": 1, \"low\": 2, \"high\": 5}}"}
{"op_code":7,"worker_id":"fc071723-94a2-4a86-9e7d-bdfde0c69d2a-140268501722624","trial_id":220,"step":1,"intermediate_value":0.37791663405565845}
{"op_code":6,"worker_id":"fc071723-94a2-4a86-9e7d-bdfde0c69d2a-140268501722624","trial_id":220,"state":2,"values":[0.37791663405565845],"datetime_complete":"2026-08-20T01:23:51.918461"}
{"op_code":4,"worker_id":"fc071723-94a2-4a86-9e7d-bdfde0c69d2a-140268501722624","study_id":0,"datetime_start":"2026-08-20T01:23:51.923243"}
{"op_code":5,"worker_id":"fc071723-94a2-4a86-9e7d-bdfde0c69d2a-140268501722624","trial_id":225,"param_name":"lr","param_value_internal":7.538581720378532e-05,"distribution":"{\"name\": \"FloatDistribution\", \"attributes\": {\"step\": null, \"low\": 5e-06, \"high\": 0.0003, \"log\": true}}"}
{"op_code":5,"worker_id":"fc071723-94a2-4a86-9e7d-bdfde0c69d2a-140268501722624","trial_id":225,"param_name":"batch_size","param_value_internal":1,"distribution":"{\"name\": \"CategoricalDistribution\", \"attributes\": {\"choices\": [16, 32, 64]}}"}
{"op_code":5,"worker_id":"fc071723-94a2-4a86-9e7d-bdfde0c69d2a-140268501722624","trial_id":225,"param_name":"weight_decay","param_value_internal":2.6817684492412885e-05,"distribution":"{\"name\": \"FloatDistribution\", \"attributes\": {\"step\": null, \"low\": 1e-06, \"high\": 0.01, \"log\": true}}"}
{"op_code":5,"worker_id":"fc071723-94a2-4a86-9e7d-bdfde0c69d2a-140268501722624","trial_id":225,"param_name":"dropout","param_value_internal":0.14214581974366264,"distribution":"{\"name\": \"FloatDistribution\", \"attributes\": {\"step\": null, \"low\": 0.0, \"high\": 0.3, \"log\": false}}"}
{"op_code":5,"worker_id":"fc071723-94a2-4a86-9e7d-bdfde0c69d2a-140268501722624","trial_id":225,"param_name":"patience","param_value_internal":5.0,"distribution":"{\"name\": \"IntDistribution\", \"attributes\": {\"log\": false, \"step\": 1, \"low\": 2, \"high\": 5}}"}
{"op_code":7,"worker_id":"40bc7db2-faeb-462c-8398-1aab030ed339-128154193819136","trial_id":209,"step":2,"intermediate_value":0.3530528882766981}
{"op_code":6,"worker_id":"40bc7db2-faeb-462c-8398-1aab030ed339-128154193819136","trial_id":209,"state":1,"values":[0.3530528882766981],"datetime_complete":"2026-08-20T01:24:04.871785"}
{"op_code":4,"worker_id":"40bc7db2-faeb-462c-8398-1aab030ed339-128154193819136","study_id":0,"datetime_start":"2026-08-20T01:24:04.876317"}
{"op_code":5,"worker_id":"40bc7db2-faeb-462c-8398-1aab030ed339-128154193819136","trial_id":226,"param_name":"lr","param_value_internal":7.395876135148632e-05,"distribution":"{\"name\": \"FloatDistribution\", \"attributes\": {\"step\": null, \"low\": 5e-06, \"high\": 0.0003, \"log\": true}}"}
{"op_code":5,"worker_id":"40bc7db2-faeb-462c-8398-1aab030ed339-128154193819136","trial_id":226,"param_name":"batch_size","param_value_internal":1,"distribution":"{\"name\": \"CategoricalDistribution\", \"attributes\": {\"choices\": [16, 32, 64]}}"}
{"op_code":5,"worker_id":"40bc7db2-faeb-462c-8398-1aab030ed339-128154193819136","trial_id":226,"param_name":"weight_decay","param_value_internal":3.785754069864605e-05,"distribution":"{\"name\": \"FloatDistribution\", \"attributes\": {\"step\": null, \"low\": 1e-06, \"high\": 0.01, \"log\": true}}"}
{"op_code":5,"worker_id":"40bc7db2-faeb-462c-8398-1aab030ed339-128154193819136","trial_id":226,"param_name":"dropout","param_value_internal":0.14433440402387016,"distribution":"{\"name\": \"FloatDistribution\", \"attributes\": {\"step\": null, \"low\": 0.0, \"high\": 0.3, \"log\": false}}"}
{"op_code":5,"worker_id":"40bc7db2-faeb-462c-8398-1aab030ed339-128154193819136","trial_id":226,"param_name":"patience","param_value_internal":5.0,"distribution":"{\"name\": \"IntDistribution\", \"attributes\": {\"log\": false, \"step\": 1, \"low\": 2, \"high\": 5}}"}
{"op_code":7,"worker_id":"c2ed5631-5232-4419-9221-7c75593489a3-135269821588992","trial_id":210,"step":2,"intermediate_value":0.3686624131545062}
{"op_code":6,"worker_id":"c2ed5631-5232-4419-9221-7c75593489a3-135269821588992","trial_id":210,"state":1,"values":[0.3686624131545062],"datetime_complete":"2026-08-20T01:24:12.677091"}
{"op_code":4,"worker_id":"c2ed5631-5232-4419-9221-7c75593489a3-135269821588992","study_id":0,"datetime_start":"2026-08-20T01:24:12.681844"}
{"op_code":5,"worker_id":"c2ed5631-5232-4419-9221-7c75593489a3-135269821588992","trial_id":227,"param_name":"lr","param_value_internal":7.3603386680951e-05,"distribution":"{\"name\": \"FloatDistribution\", \"attributes\": {\"step\": null, \"low\": 5e-06, \"high\": 0.0003, \"log\": true}}"}
{"op_code":5,"worker_id":"c2ed5631-5232-4419-9221-7c75593489a3-135269821588992","trial_id":227,"param_name":"batch_size","param_value_internal":1,"distribution":"{\"name\": \"CategoricalDistribution\", \"attributes\": {\"choices\": [16, 32, 64]}}"}
{"op_code":5,"worker_id":"c2ed5631-5232-4419-9221-7c75593489a3-135269821588992","trial_id":227,"param_name":"weight_decay","param_value_internal":4.0347333756569835e-06,"distribution":"{\"name\": \"FloatDistribution\", \"attributes\": {\"step\": null, \"low\": 1e-06, \"high\": 0.01, \"log\": true}}"}
{"op_code":5,"worker_id":"c2ed5631-5232-4419-9221-7c75593489a3-135269821588992","trial_id":227,"param_name":"dropout","param_value_internal":0.10060301443253016,"distribution":"{\"name\": \"FloatDistribution\", \"attributes\": {\"step\": null, \"low\": 0.0, \"high\": 0.3, \"log\": false}}"}
{"op_code":5,"worker_id":"c2ed5631-5232-4419-9221-7c75593489a3-135269821588992","trial_id":227,"param_name":"patience","param_value_internal":5.0,"distribution":"{\"name\": \"IntDistribution\", \"attributes\": {\"log\": false, \"step\": 1, \"low\": 2, \"high\": 5}}"}
{"op_code":7,"worker_id":"679cf347-18f2-4a2e-a430-e12538a555a3-126265109607936","trial_id":221,"step":1,"intermediate_value":0.3815196313015019}
{"op_code":6,"worker_id":"679cf347-18f2-4a2e-a430-e12538a555a3-126265109607936","trial_id":221,"state":2,"values":[0.3815196313015019],"datetime_complete":"2026-08-20T01:24:13.753563"}
{"op_code":4,"worker_id":"679cf347-18f2-4a2e-a430-e12538a555a3-126265109607936","study_id":0,"datetime_start":"2026-08-20T01:24:13.758203"}
{"op_code":5,"worker_id":"679cf347-18f2-4a2e-a430-e12538a555a3-126265109607936","trial_id":228,"param_name":"lr","param_value_internal":7.367246468428513e-05,"distribution":"{\"name\": \"FloatDistribution\", \"attributes\": {\"step\": null, \"low\": 5e-06, \"high\": 0.0003, \"log\": true}}"}
{"op_code":5,"worker_id":"679cf347-18f2-4a2e-a430-e12538a555a3-126265109607936","trial_id":228,"param_name":"batch_size","param_value_internal":1,"distribution":"{\"name\": \"CategoricalDistribution\", \"attributes\": {\"choices\": [16, 32, 64]}}"}
{"op_code":5,"worker_id":"679cf347-18f2-4a2e-a430-e12538a555a3-126265109607936","trial_id":228,"param_name":"weight_decay","param_value_internal":7.94356354402387e-06,"distribution":"{\"name\": \"FloatDistribution\", \"attributes\": {\"step\": null, \"low\": 1e-06, \"high\": 0.01, \"log\": true}}"}
{"op_code":5,"worker_id":"679cf347-18f2-4a2e-a430-e12538a555a3-126265109607936","trial_id":228,"param_name":"dropout","param_value_internal":0.10539805668782273,"distribution":"{\"name\": \"FloatDistribution\", \"attributes\": {\"step\": null, \"low\": 0.0, \"high\": 0.3, \"log\": false}}"}
{"op_code":5,"worker_id":"679cf347-18f2-4a2e-a430-e12538a555a3-126265109607936","trial_id":228,"param_name":"patience","param_value_internal":5.0,"distribution":"{\"name\": \"IntDistribution\", \"attributes\": {\"log\": false, \"step\": 1, \"low\": 2, \"high\": 5}}"}
{"op_code":7,"worker_id":"9a8b9994-b7f8-45c0-883b-c8a222f6c0d6-137116887188992","trial_id":217,"step":1,"intermediate_value":0.3838646013737723}
{"op_code":6,"worker_id":"9a8b9994-b7f8-45c0-883b-c8a222f6c0d6-137116887188992","trial_id":217,"state":2,"values":[0.3838646013737723],"datetime_complete":"2026-08-20T01:24:14.054930"}
{"op_code":4,"worker_id":"9a8b9994-b7f8-45c0-883b-c8a222f6c0d6-137116887188992","study_id":0,"datetime_start":"2026-08-20T01:24:14.059331"}
{"op_code":5,"worker_id":"9a8b9994-b7f8-45c0-883b-c8a222f6c0d6-137116887188992","trial_id":229,"param_name":"lr","param_value_internal":7.225775390721854e-05,"distribution":"{\"name\": \"FloatDistribution\", \"attributes\": {\"step\": null, \"low\": 5e-06, \"high\": 0.0003, \"log\": true}}"}
{"op_code":5,"worker_id":"9a8b9994-b7f8-45c0-883b-c8a222f6c0d6-137116887188992","trial_id":229,"param_name":"batch_size","param_value_internal":1,"distribution":"{\"name\": \"CategoricalDistribution\", \"attributes\": {\"choices\": [16, 32, 64]}}"}
{"op_code":5,"worker_id":"9a8b9994-b7f8-45c0-883b-c8a222f6c0d6-137116887188992","trial_id":229,"param_name":"weight_decay","param_value_internal":3.0357545743632832e-05,"distribution":"{\"name\": \"FloatDistribution\", \"attributes\": {\"step\": null, \"low\": 1e-06, \"high\": 0.01, \"log\": true}}"}
{"op_code":5,"worker_id":"9a8b9994-b7f8-45c0-883b-c8a222f6c0d6-137116887188992","trial_id":229,"param_name":"dropout","param_value_internal":0.10578249219467833,"distribution":"{\"name\": \"FloatDistribution\", \"attributes\": {\"step\": null, \"low\": 0.0, \"high\": 0.3, \"log\": false}}"}
{"op_code":5,"worker_id":"9a8b9994-b7f8-45c0-883b-c8a222f6c0d6-137116887188992","trial_id":229,"param_name":"patience","param_value_internal":5.0,"distribution":"{\"name\": \"IntDistribution\", \"attributes\": {\"log\": false, \"step\": 1, \"low\": 2, \"high\": 5}}"}
{"op_code":7,"worker_id":"8e121434-d455-47e7-a812-6463efa1c5b8-129601631901184","trial_id":218,"step":1,"intermediate_value":0.35914875406265173}
{"op_code":7,"worker_id":"7d95b9da-d28a-4a61-9539-a7cadc394c27-137194481391104","trial_id":223,"step":1,"intermediate_value":0.3767392538600098}
{"op_code":6,"worker_id":"7d95b9da-d28a-4a61-9539-a7cadc394c27-137194481391104","trial_id":223,"state":2,"values":[0.3767392538600098],"datetime_complete":"2026-08-20T01:26:06.368938"}
{"op_code":4,"worker_id":"7d95b9da-d28a-4a61-9539-a7cadc394c27-137194481391104","study_id":0,"datetime_start":"2026-08-20T01:26:06.373419"}
{"op_code":5,"worker_id":"7d95b9da-d28a-4a61-9539-a7cadc394c27-137194481391104","trial_id":230,"param_name":"lr","param_value_internal":7.103960721649944e-05,"distribution":"{\"name\": \"FloatDistribution\", \"attributes\": {\"step\": null, \"low\": 5e-06, \"high\": 0.0003, \"log\": true}}"}
{"op_code":5,"worker_id":"7d95b9da-d28a-4a61-9539-a7cadc394c27-137194481391104","trial_id":230,"param_name":"batch_size","param_value_internal":1,"distribution":"{\"name\": \"CategoricalDistribution\", \"attributes\": {\"choices\": [16, 32, 64]}}"}
{"op_code":5,"worker_id":"7d95b9da-d28a-4a61-9539-a7cadc394c27-137194481391104","trial_id":230,"param_name":"weight_decay","param_value_internal":3.7116390390405246e-05,"distribution":"{\"name\": \"FloatDistribution\", \"attributes\": {\"step\": null, \"low\": 1e-06, \"high\": 0.01, \"log\": true}}"}
{"op_code":5,"worker_id":"7d95b9da-d28a-4a61-9539-a7cadc394c27-137194481391104","trial_id":230,"param_name":"dropout","param_value_internal":0.10491500717619594,"distribution":"{\"name\": \"FloatDistribution\", \"attributes\": {\"step\": null, \"low\": 0.0, \"high\": 0.3, \"log\": false}}"}
{"op_code":5,"worker_id":"7d95b9da-d28a-4a61-9539-a7cadc394c27-137194481391104","trial_id":230,"param_name":"patience","param_value_internal":5.0,"distribution":"{\"name\": \"IntDistribution\", \"attributes\": {\"log\": false, \"step\": 1, \"low\": 2, \"high\": 5}}"}
{"op_code":7,"worker_id":"9e97f2a5-d018-4804-af09-446e3f976f45-127331980781056","trial_id":222,"step":1,"intermediate_value":0.3791480218929502}
{"op_code":6,"worker_id":"9e97f2a5-d018-4804-af09-446e3f976f45-127331980781056","trial_id":222,"state":2,"values":[0.3791480218929502],"datetime_complete":"2026-08-20T01:26:46.759362"}
{"op_code":4,"worker_id":"9e97f2a5-d018-4804-af09-446e3f976f45-127331980781056","study_id":0,"datetime_start":"2026-08-20T01:26:46.763956"}
{"op_code":5,"worker_id":"9e97f2a5-d018-4804-af09-446e3f976f45-127331980781056","trial_id":231,"param_name":"lr","param_value_internal":7.168545600188434e-05,"distribution":"{\"name\": \"FloatDistribution\", \"attributes\": {\"step\": null, \"low\": 5e-06, \"high\": 0.0003, \"log\": true}}"}
{"op_code":5,"worker_id":"9e97f2a5-d018-4804-af09-446e3f976f45-127331980781056","trial_id":231,"param_name":"batch_size","param_value_internal":1,"distribution":"{\"name\": \"CategoricalDistribution\", \"attributes\": {\"choices\": [16, 32, 64]}}"}
{"op_code":5,"worker_id":"9e97f2a5-d018-4804-af09-446e3f976f45-127331980781056","trial_id":231,"param_name":"weight_decay","param_value_internal":6.753529282046567e-06,"distribution":"{\"name\": \"FloatDistribution\", \"attributes\": {\"step\": null, \"low\": 1e-06, \"high\": 0.01, \"log\": true}}"}
{"op_code":5,"worker_id":"9e97f2a5-d018-4804-af09-446e3f976f45-127331980781056","trial_id":231,"param_name":"dropout","param_value_internal":0.08347521735061877,"distribution":"{\"name\": \"FloatDistribution\", \"attributes\": {\"step\": null, \"low\": 0.0, \"high\": 0.3, \"log\": false}}"}
{"op_code":5,"worker_id":"9e97f2a5-d018-4804-af09-446e3f976f45-127331980781056","trial_id":231,"param_name":"patience","param_value_internal":5.0,"distribution":"{\"name\": \"IntDistribution\", \"attributes\": {\"log\": false, \"step\": 1, \"low\": 2, \"high\": 5}}"}
{"op_code":7,"worker_id":"d5d9ede1-bcd4-481f-8816-9f3bfc2ae4f1-130087024510464","trial_id":214,"step":2,"intermediate_value":0.3706657621551773}
{"op_code":6,"worker_id":"d5d9ede1-bcd4-481f-8816-9f3bfc2ae4f1-130087024510464","trial_id":214,"state":1,"values":[0.3706657621551773],"datetime_complete":"2026-08-20T01:27:59.022406"}
{"op_code":4,"worker_id":"d5d9ede1-bcd4-481f-8816-9f3bfc2ae4f1-130087024510464","study_id":0,"datetime_start":"2026-08-20T01:27:59.027282"}
{"op_code":5,"worker_id":"d5d9ede1-bcd4-481f-8816-9f3bfc2ae4f1-130087024510464","trial_id":232,"param_name":"lr","param_value_internal":7.220461073013988e-05,"distribution":"{\"name\": \"FloatDistribution\", \"attributes\": {\"step\": null, \"low\": 5e-06, \"high\": 0.0003, \"log\": true}}"}
{"op_code":5,"worker_id":"d5d9ede1-bcd4-481f-8816-9f3bfc2ae4f1-130087024510464","trial_id":232,"param_name":"batch_size","param_value_internal":1,"distribution":"{\"name\": \"CategoricalDistribution\", \"attributes\": {\"choices\": [16, 32, 64]}}"}
{"op_code":5,"worker_id":"d5d9ede1-bcd4-481f-8816-9f3bfc2ae4f1-130087024510464","trial_id":232,"param_name":"weight_decay","param_value_internal":4.005429452846953e-06,"distribution":"{\"name\": \"FloatDistribution\", \"attributes\": {\"step\": null, \"low\": 1e-06, \"high\": 0.01, \"log\": true}}"}
{"op_code":5,"worker_id":"d5d9ede1-bcd4-481f-8816-9f3bfc2ae4f1-130087024510464","trial_id":232,"param_name":"dropout","param_value_internal":0.10249733150045148,"distribution":"{\"name\": \"FloatDistribution\", \"attributes\": {\"step\": null, \"low\": 0.0, \"high\": 0.3, \"log\": false}}"}
{"op_code":5,"worker_id":"d5d9ede1-bcd4-481f-8816-9f3bfc2ae4f1-130087024510464","trial_id":232,"param_name":"patience","param_value_internal":5.0,"distribution":"{\"name\": \"IntDistribution\", \"attributes\": {\"log\": false, \"step\": 1, \"low\": 2, \"high\": 5}}"}
{"op_code":7,"worker_id":"679cf347-18f2-4a2e-a430-e12538a555a3-126265109607936","trial_id":228,"step":1,"intermediate_value":0.3830719962236581}
{"op_code":6,"worker_id":"679cf347-18f2-4a2e-a430-e12538a555a3-126265109607936","trial_id":228,"state":2,"values":[0.3830719962236581],"datetime_complete":"2026-08-20T01:28:06.168772"}
{"op_code":4,"worker_id":"679cf347-18f2-4a2e-a430-e12538a555a3-126265109607936","study_id":0,"datetime_start":"2026-08-20T01:28:06.172937"}
{"op_code":5,"worker_id":"679cf347-18f2-4a2e-a430-e12538a555a3-126265109607936","trial_id":233,"param_name":"lr","param_value_internal":6.562201479275715e-05,"distribution":"{\"name\": \"FloatDistribution\", \"attributes\": {\"step\": null, \"low\": 5e-06, \"high\": 0.0003, \"log\": true}}"}
{"op_code":5,"worker_id":"679cf347-18f2-4a2e-a430-e12538a555a3-126265109607936","trial_id":233,"param_name":"batch_size","param_value_internal":1,"distribution":"{\"name\": \"CategoricalDistribution\", \"attributes\": {\"choices\": [16, 32, 64]}}"}
{"op_code":5,"worker_id":"679cf347-18f2-4a2e-a430-e12538a555a3-126265109607936","trial_id":233,"param_name":"weight_decay","param_value_internal":3.5992463153458555e-05,"distribution":"{\"name\": \"FloatDistribution\", \"attributes\": {\"step\": null, \"low\": 1e-06, \"high\": 0.01, \"log\": true}}"}
{"op_code":5,"worker_id":"679cf347-18f2-4a2e-a430-e12538a555a3-126265109607936","trial_id":233,"param_name":"dropout","param_value_internal":0.0978711042202762,"distribution":"{\"name\": \"FloatDistribution\", \"attributes\": {\"step\": null, \"low\": 0.0, \"high\": 0.3, \"log\": false}}"}
{"op_code":5,"worker_id":"679cf347-18f2-4a2e-a430-e12538a555a3-126265109607936","trial_id":233,"param_name":"patience","param_value_internal":5.0,"distribution":"{\"name\": \"IntDistribution\", \"attributes\": {\"log\": false, \"step\": 1, \"low\": 2, \"high\": 5}}"}
{"op_code":7,"worker_id":"03390d1d-9dbe-44ea-b50c-8910413720e7-127115480471040","trial_id":224,"step":1,"intermediate_value":0.3776360098738995}
{"op_code":6,"worker_id":"03390d1d-9dbe-44ea-b50c-8910413720e7-127115480471040","trial_id":224,"state":2,"values":[0.3776360098738995],"datetime_complete":"2026-08-20T01:28:13.293841"}
{"op_code":4,"worker_id":"03390d1d-9dbe-44ea-b50c-8910413720e7-127115480471040","study_id":0,"datetime_start":"2026-08-20T01:28:13.298592"}
{"op_code":5,"worker_id":"03390d1d-9dbe-44ea-b50c-8910413720e7-127115480471040","trial_id":234,"param_name":"lr","param_value_internal":9.703520490748953e-05,"distribution":"{\"name\": \"FloatDistribution\", \"attributes\": {\"step\": null, \"low\": 5e-06, \"high\": 0.0003, \"log\": true}}"}
{"op_code":5,"worker_id":"03390d1d-9dbe-44ea-b50c-8910413720e7-127115480471040","trial_id":234,"param_name":"batch_size","param_value_internal":1,"distribution":"{\"name\": \"CategoricalDistribution\", \"attributes\": {\"choices\": [16, 32, 64]}}"}
{"op_code":5,"worker_id":"03390d1d-9dbe-44ea-b50c-8910413720e7-127115480471040","trial_id":234,"param_name":"weight_decay","param_value_internal":5.098539091132221e-05,"distribution":"{\"name\": \"FloatDistribution\", \"attributes\": {\"step\": null, \"low\": 1e-06, \"high\": 0.01, \"log\": true}}"}
{"op_code":5,"worker_id":"03390d1d-9dbe-44ea-b50c-8910413720e7-127115480471040","trial_id":234,"param_name":"dropout","param_value_internal":0.08654025495290153,"distribution":"{\"name\": \"FloatDistribution\", \"attributes\": {\"step\": null, \"low\": 0.0, \"high\": 0.3, \"log\": false}}"}
{"op_code":5,"worker_id":"03390d1d-9dbe-44ea-b50c-8910413720e7-127115480471040","trial_id":234,"param_name":"patience","param_value_internal":5.0,"distribution":"{\"name\": \"IntDistribution\", \"attributes\": {\"log\": false, \"step\": 1, \"low\": 2, \"high\": 5}}"}
{"op_code":7,"worker_id":"d8159b67-1598-4530-8185-0b4e2f627deb-130265049986560","trial_id":216,"step":2,"intermediate_value":0.36134017337349134}
{"op_code":6,"worker_id":"d8159b67-1598-4530-8185-0b4e2f627deb-130265049986560","trial_id":216,"state":1,"values":[0.36134017337349134],"datetime_complete":"2026-08-20T01:28:50.936385"}
{"op_code":4,"worker_id":"d8159b67-1598-4530-8185-0b4e2f627deb-130265049986560","study_id":0,"datetime_start":"2026-08-20T01:28:50.941087"}
{"op_code":5,"worker_id":"d8159b67-1598-4530-8185-0b4e2f627deb-130265049986560","trial_id":235,"param_name":"lr","param_value_internal":9.719928892036862e-05,"distribution":"{\"name\": \"FloatDistribution\", \"attributes\": {\"step\": null, \"low\": 5e-06, \"high\": 0.0003, \"log\": true}}"}
{"op_code":5,"worker_id":"d8159b67-1598-4530-8185-0b4e2f627deb-130265049986560","trial_id":235,"param_name":"batch_size","param_value_internal":1,"distribution":"{\"name\": \"CategoricalDistribution\", \"attributes\": {\"choices\": [16, 32, 64]}}"}
{"op_code":5,"worker_id":"d8159b67-1598-4530-8185-0b4e2f627deb-130265049986560","trial_id":235,"param_name":"weight_decay","param_value_internal":7.251407784179512e-06,"distribution":"{\"name\": \"FloatDistribution\", \"attributes\": {\"step\": null, \"low\": 1e-06, \"high\": 0.01, \"log\": true}}"}
{"op_code":5,"worker_id":"d8159b67-1598-4530-8185-0b4e2f627deb-130265049986560","trial_id":235,"param_name":"dropout","param_value_internal":0.08731774891164706,"distribution":"{\"name\": \"FloatDistribution\", \"attributes\": {\"step\": null, \"low\": 0.0, \"high\": 0.3, \"log\": false}}"}
{"op_code":5,"worker_id":"d8159b67-1598-4530-8185-0b4e2f627deb-130265049986560","trial_id":235,"param_name":"patience","param_value_internal":5.0,"distribution":"{\"name\": \"IntDistribution\", \"attributes\": {\"log\": false, \"step\": 1, \"low\": 2, \"high\": 5}}"}
{"op_code":7,"worker_id":"40bc7db2-faeb-462c-8398-1aab030ed339-128154193819136","trial_id":226,"step":1,"intermediate_value":0.37744811211110163}
{"op_code":6,"worker_id":"40bc7db2-faeb-462c-8398-1aab030ed339-128154193819136","trial_id":226,"state":2,"values":[0.37744811211110163],"datetime_complete":"2026-08-20T01:29:00.238588"}
{"op_code":4,"worker_id":"40bc7db2-faeb-462c-8398-1aab030ed339-128154193819136","study_id":0,"datetime_start":"2026-08-20T01:29:00.243346"}
{"op_code":5,"worker_id":"40bc7db2-faeb-462c-8398-1aab030ed339-128154193819136","trial_id":236,"param_name":"lr","param_value_internal":9.68510672383636e-05,"distribution":"{\"name\": \"FloatDistribution\", \"attributes\": {\"step\": null, \"low\": 5e-06, \"high\": 0.0003, \"log\": true}}"}
{"op_code":5,"worker_id":"40bc7db2-faeb-462c-8398-1aab030ed339-128154193819136","trial_id":236,"param_name":"batch_size","param_value_internal":1,"distribution":"{\"name\": \"CategoricalDistribution\", \"attributes\": {\"choices\": [16, 32, 64]}}"}
{"op_code":5,"worker_id":"40bc7db2-faeb-462c-8398-1aab030ed339-128154193819136","trial_id":236,"param_name":"weight_decay","param_value_internal":6.325330982166065e-06,"distribution":"{\"name\": \"FloatDistribution\", \"attributes\": {\"step\": null, \"low\": 1e-06, \"high\": 0.01, \"log\": true}}"}
{"op_code":5,"worker_id":"40bc7db2-faeb-462c-8398-1aab030ed339-128154193819136","trial_id":236,"param_name":"dropout","param_value_internal":0.08942030215308339,"distribution":"{\"name\": \"FloatDistribution\", \"attributes\": {\"step\": null, \"low\": 0.0, \"high\": 0.3, \"log\": false}}"}
{"op_code":5,"worker_id":"40bc7db2-faeb-462c-8398-1aab030ed339-128154193819136","trial_id":236,"param_name":"patience","param_value_internal":5.0,"distribution":"{\"name\": \"IntDistribution\", \"attributes\": {\"log\": false, \"step\": 1, \"low\": 2, \"high\": 5}}"}
{"op_code":7,"worker_id":"86638fb0-284c-4fe6-bb33-ee29d2adb3be-137621019616768","trial_id":215,"step":2,"intermediate_value":0.3743682164988862}
{"op_code":6,"worker_id":"86638fb0-284c-4fe6-bb33-ee29d2adb3be-137621019616768","trial_id":215,"state":1,"values":[0.3743682164988862],"datetime_complete":"2026-08-20T01:29:05.074236"}
{"op_code":4,"worker_id":"86638fb0-284c-4fe6-bb33-ee29d2adb3be-137621019616768","study_id":0,"datetime_start":"2026-08-20T01:29:05.078953"}
{"op_code":5,"worker_id":"86638fb0-284c-4fe6-bb33-ee29d2adb3be-137621019616768","trial_id":237,"param_name":"lr","param_value_internal":9.463482761250192e-05,"distribution":"{\"name\": \"FloatDistribution\", \"attributes\": {\"step\": null, \"low\": 5e-06, \"high\": 0.0003, \"log\": true}}"}
{"op_code":5,"worker_id":"86638fb0-284c-4fe6-bb33-ee29d2adb3be-137621019616768","trial_id":237,"param_name":"batch_size","param_value_internal":1,"distribution":"{\"name\": \"CategoricalDistribution\", \"attributes\": {\"choices\": [16, 32, 64]}}"}
{"op_code":5,"worker_id":"86638fb0-284c-4fe6-bb33-ee29d2adb3be-137621019616768","trial_id":237,"param_name":"weight_decay","param_value_internal":6.3783036969394335e-06,"distribution":"{\"name\": \"FloatDistribution\", \"attributes\": {\"step\": null, \"low\": 1e-06, \"high\": 0.01, \"log\": true}}"}
{"op_code":5,"worker_id":"86638fb0-284c-4fe6-bb33-ee29d2adb3be-137621019616768","trial_id":237,"param_name":"dropout","param_value_internal":0.08818342271423146,"distribution":"{\"name\": \"FloatDistribution\", \"attributes\": {\"step\": null, \"low\": 0.0, \"high\": 0.3, \"log\": false}}"}
{"op_code":5,"worker_id":"86638fb0-284c-4fe6-bb33-ee29d2adb3be-137621019616768","trial_id":237,"param_name":"patience","param_value_internal":5.0,"distribution":"{\"name\": \"IntDistribution\", \"attributes\": {\"log\": false, \"step\": 1, \"low\": 2, \"high\": 5}}"}
{"op_code":7,"worker_id":"fc071723-94a2-4a86-9e7d-bdfde0c69d2a-140268501722624","trial_id":225,"step":1,"intermediate_value":0.3644495760538073}
{"op_code":7,"worker_id":"8e121434-d455-47e7-a812-6463efa1c5b8-129601631901184","trial_id":218,"step":2,"intermediate_value":0.3627657481680224}
{"op_code":6,"worker_id":"8e121434-d455-47e7-a812-6463efa1c5b8-129601631901184","trial_id":218,"state":1,"values":[0.3627657481680224],"datetime_complete":"2026-08-20T01:30:23.309868"}
{"op_code":4,"worker_id":"8e121434-d455-47e7-a812-6463efa1c5b8-129601631901184","study_id":0,"datetime_start":"2026-08-20T01:30:23.314496"}
{"op_code":5,"worker_id":"8e121434-d455-47e7-a812-6463efa1c5b8-129601631901184","trial_id":238,"param_name":"lr","param_value_internal":6.521551430650928e-05,"distribution":"{\"name\": \"FloatDistribution\", \"attributes\": {\"step\": null, \"low\": 5e-06, \"high\": 0.0003, \"log\": true}}"}
{"op_code":5,"worker_id":"8e121434-d455-47e7-a812-6463efa1c5b8-129601631901184","trial_id":238,"param_name":"batch_size","param_value_internal":1,"distribution":"{\"name\": \"CategoricalDistribution\", \"attributes\": {\"choices\": [16, 32, 64]}}"}
{"op_code":5,"worker_id":"8e121434-d455-47e7-a812-6463efa1c5b8-129601631901184","trial_id":238,"param_name":"weight_decay","param_value_internal":3.040643278030232e-05,"distribution":"{\"name\": \"FloatDistribution\", \"attributes\": {\"step\": null, \"low\": 1e-06, \"high\": 0.01, \"log\": true}}"}
{"op_code":5,"worker_id":"8e121434-d455-47e7-a812-6463efa1c5b8-129601631901184","trial_id":238,"param_name":"dropout","param_value_internal":0.08769545188799194,"distribution":"{\"name\": \"FloatDistribution\", \"attributes\": {\"step\": null, \"low\": 0.0, \"high\": 0.3, \"log\": false}}"}
{"op_code":5,"worker_id":"8e121434-d455-47e7-a812-6463efa1c5b8-129601631901184","trial_id":238,"param_name":"patience","param_value_internal":5.0,"distribution":"{\"name\": \"IntDistribution\", \"attributes\": {\"log\": false, \"step\": 1, \"low\": 2, \"high\": 5}}"}
{"op_code":7,"worker_id":"c2ed5631-5232-4419-9221-7c75593489a3-135269821588992","trial_id":227,"step":1,"intermediate_value":0.38128388773269495}
{"op_code":6,"worker_id":"c2ed5631-5232-4419-9221-7c75593489a3-135269821588992","trial_id":227,"state":2,"values":[0.38128388773269495],"datetime_complete":"2026-08-20T01:30:43.270476"}
{"op_code":4,"worker_id":"c2ed5631-5232-4419-9221-7c75593489a3-135269821588992","study_id":0,"datetime_start":"2026-08-20T01:30:43.275571"}
{"op_code":5,"worker_id":"c2ed5631-5232-4419-9221-7c75593489a3-135269821588992","trial_id":239,"param_name":"lr","param_value_internal":9.606267473531469e-05,"distribution":"{\"name\": \"FloatDistribution\", \"attributes\": {\"step\": null, \"low\": 5e-06, \"high\": 0.0003, \"log\": true}}"}
{"op_code":5,"worker_id":"c2ed5631-5232-4419-9221-7c75593489a3-135269821588992","trial_id":239,"param_name":"batch_size","param_value_internal":1,"distribution":"{\"name\": \"CategoricalDistribution\", \"attributes\": {\"choices\": [16, 32, 64]}}"}
{"op_code":5,"worker_id":"c2ed5631-5232-4419-9221-7c75593489a3-135269821588992","trial_id":239,"param_name":"weight_decay","param_value_internal":3.274455307505289e-05,"distribution":"{\"name\": \"FloatDistribution\", \"attributes\": {\"step\": null, \"low\": 1e-06, \"high\": 0.01, \"log\": true}}"}
{"op_code":5,"worker_id":"c2ed5631-5232-4419-9221-7c75593489a3-135269821588992","trial_id":239,"param_name":"dropout","param_value_internal":0.08779943052450993,"distribution":"{\"name\": \"FloatDistribution\", \"attributes\": {\"step\": null, \"low\": 0.0, \"high\": 0.3, \"log\": false}}"}
{"op_code":5,"worker_id":"c2ed5631-5232-4419-9221-7c75593489a3-135269821588992","trial_id":239,"param_name":"patience","param_value_internal":5.0,"distribution":"{\"name\": \"IntDistribution\", \"attributes\": {\"log\": false, \"step\": 1, \"low\": 2, \"high\": 5}}"}
{"op_code":7,"worker_id":"9a8b9994-b7f8-45c0-883b-c8a222f6c0d6-137116887188992","trial_id":229,"step":1,"intermediate_value":0.3696673273078868}
{"op_code":7,"worker_id":"7d95b9da-d28a-4a61-9539-a7cadc394c27-137194481391104","trial_id":230,"step":1,"intermediate_value":0.38334063941611046}
{"op_code":6,"worker_id":"7d95b9da-d28a-4a61-9539-a7cadc394c27-137194481391104","trial_id":230,"state":2,"values":[0.38334063941611046],"datetime_complete":"2026-08-20T01:31:52.885719"}
{"op_code":4,"worker_id":"7d95b9da-d28a-4a61-9539-a7cadc394c27-137194481391104","study_id":0,"datetime_start":"2026-08-20T01:31:52.890431"}
{"op_code":5,"worker_id":"7d95b9da-d28a-4a61-9539-a7cadc394c27-137194481391104","trial_id":240,"param_name":"lr","param_value_internal":6.546609283628011e-05,"distribution":"{\"name\": \"FloatDistribution\", \"attributes\": {\"step\": null, \"low\": 5e-06, \"high\": 0.0003, \"log\": true}}"}
{"op_code":5,"worker_id":"7d95b9da-d28a-4a61-9539-a7cadc394c27-137194481391104","trial_id":240,"param_name":"batch_size","param_value_internal":1,"distribution":"{\"name\": \"CategoricalDistribution\", \"attributes\": {\"choices\": [16, 32, 64]}}"}
{"op_code":5,"worker_id":"7d95b9da-d28a-4a61-9539-a7cadc394c27-137194481391104","trial_id":240,"param_name":"weight_decay","param_value_internal":6.446506061728447e-06,"distribution":"{\"name\": \"FloatDistribution\", \"attributes\": {\"step\": null, \"low\": 1e-06, \"high\": 0.01, \"log\": true}}"}
{"op_code":5,"worker_id":"7d95b9da-d28a-4a61-9539-a7cadc394c27-137194481391104","trial_id":240,"param_name":"dropout","param_value_internal":0.08594631196183988,"distribution":"{\"name\": \"FloatDistribution\", \"attributes\": {\"step\": null, \"low\": 0.0, \"high\": 0.3, \"log\": false}}"}
{"op_code":5,"worker_id":"7d95b9da-d28a-4a61-9539-a7cadc394c27-137194481391104","trial_id":240,"param_name":"patience","param_value_internal":5.0,"distribution":"{\"name\": \"IntDistribution\", \"attributes\": {\"log\": false, \"step\": 1, \"low\": 2, \"high\": 5}}"}
{"op_code":7,"worker_id":"9e97f2a5-d018-4804-af09-446e3f976f45-127331980781056","trial_id":231,"step":1,"intermediate_value":0.37286772358710796}
{"op_code":7,"worker_id":"d5d9ede1-bcd4-481f-8816-9f3bfc2ae4f1-130087024510464","trial_id":232,"step":1,"intermediate_value":0.38050192223120133}
{"op_code":6,"worker_id":"d5d9ede1-bcd4-481f-8816-9f3bfc2ae4f1-130087024510464","trial_id":232,"state":2,"values":[0.38050192223120133],"datetime_complete":"2026-08-20T01:33:51.124745"}
{"op_code":4,"worker_id":"d5d9ede1-bcd4-481f-8816-9f3bfc2ae4f1-130087024510464","study_id":0,"datetime_start":"2026-08-20T01:33:51.129449"}
{"op_code":5,"worker_id":"d5d9ede1-bcd4-481f-8816-9f3bfc2ae4f1-130087024510464","trial_id":241,"param_name":"lr","param_value_internal":9.23374396564038e-06,"distribution":"{\"name\": \"FloatDistribution\", \"attributes\": {\"step\": null, \"low\": 5e-06, \"high\": 0.0003, \"log\": true}}"}
{"op_code":5,"worker_id":"d5d9ede1-bcd4-481f-8816-9f3bfc2ae4f1-130087024510464","trial_id":241,"param_name":"batch_size","param_value_internal":1,"distribution":"{\"name\": \"CategoricalDistribution\", \"attributes\": {\"choices\": [16, 32, 64]}}"}
{"op_code":5,"worker_id":"d5d9ede1-bcd4-481f-8816-9f3bfc2ae4f1-130087024510464","trial_id":241,"param_name":"weight_decay","param_value_internal":2.4040874433517477e-05,"distribution":"{\"name\": \"FloatDistribution\", \"attributes\": {\"step\": null, \"low\": 1e-06, \"high\": 0.01, \"log\": true}}"}
{"op_code":5,"worker_id":"d5d9ede1-bcd4-481f-8816-9f3bfc2ae4f1-130087024510464","trial_id":241,"param_name":"dropout","param_value_internal":0.06024600314710964,"distribution":"{\"name\": \"FloatDistribution\", \"attributes\": {\"step\": null, \"low\": 0.0, \"high\": 0.3, \"log\": false}}"}
{"op_code":5,"worker_id":"d5d9ede1-bcd4-481f-8816-9f3bfc2ae4f1-130087024510464","trial_id":241,"param_name":"patience","param_value_internal":5.0,"distribution":"{\"name\": \"IntDistribution\", \"attributes\": {\"log\": false, \"step\": 1, \"low\": 2, \"high\": 5}}"}
{"op_code":7,"worker_id":"fc071723-94a2-4a86-9e7d-bdfde0c69d2a-140268501722624","trial_id":225,"step":2,"intermediate_value":0.37498750088637467}
{"op_code":6,"worker_id":"fc071723-94a2-4a86-9e7d-bdfde0c69d2a-140268501722624","trial_id":225,"state":1,"values":[0.37498750088637467],"datetime_complete":"2026-08-20T01:33:51.179358"}
{"op_code":4,"worker_id":"fc071723-94a2-4a86-9e7d-bdfde0c69d2a-140268501722624","study_id":0,"datetime_start":"2026-08-20T01:33:51.184075"}
{"op_code":5,"worker_id":"fc071723-94a2-4a86-9e7d-bdfde0c69d2a-140268501722624","trial_id":242,"param_name":"lr","param_value_internal":9.842599471218843e-05,"distribution":"{\"name\": \"FloatDistribution\", \"attributes\": {\"step\": null, \"low\": 5e-06, \"high\": 0.0003, \"log\": true}}"}
{"op_code":5,"worker_id":"fc071723-94a2-4a86-9e7d-bdfde0c69d2a-140268501722624","trial_id":242,"param_name":"batch_size","param_value_internal":1,"distribution":"{\"name\": \"CategoricalDistribution\", \"attributes\": {\"choices\": [16, 32, 64]}}"}
{"op_code":5,"worker_id":"fc071723-94a2-4a86-9e7d-bdfde0c69d2a-140268501722624","trial_id":242,"param_name":"weight_decay","param_value_internal":6.307751467202171e-06,"distribution":"{\"name\": \"FloatDistribution\", \"attributes\": {\"step\": null, \"low\": 1e-06, \"high\": 0.01, \"log\": true}}"}
{"op_code":5,"worker_id":"fc071723-94a2-4a86-9e7d-bdfde0c69d2a-140268501722624","trial_id":242,"param_name":"dropout","param_value_internal":0.08660052311942791,"distribution":"{\"name\": \"FloatDistribution\", \"attributes\": {\"step\": null, \"low\": 0.0, \"high\": 0.3, \"log\": false}}"}
{"op_code":5,"worker_id":"fc071723-94a2-4a86-9e7d-bdfde0c69d2a-140268501722624","trial_id":242,"param_name":"patience","param_value_internal":5.0,"distribution":"{\"name\": \"IntDistribution\", \"attributes\": {\"log\": false, \"step\": 1, \"low\": 2, \"high\": 5}}"}
{"op_code":7,"worker_id":"679cf347-18f2-4a2e-a430-e12538a555a3-126265109607936","trial_id":233,"step":1,"intermediate_value":0.38013779924715}
{"op_code":6,"worker_id":"679cf347-18f2-4a2e-a430-e12538a555a3-126265109607936","trial_id":233,"state":2,"values":[0.38013779924715],"datetime_complete":"2026-08-20T01:33:54.428877"}
{"op_code":4,"worker_id":"679cf347-18f2-4a2e-a430-e12538a555a3-126265109607936","study_id":0,"datetime_start":"2026-08-20T01:33:54.433596"}
{"op_code":5,"worker_id":"679cf347-18f2-4a2e-a430-e12538a555a3-126265109607936","trial_id":243,"param_name":"lr","param_value_internal":9.462948194907081e-05,"distribution":"{\"name\": \"FloatDistribution\", \"attributes\": {\"step\": null, \"low\": 5e-06, \"high\": 0.0003, \"log\": true}}"}
{"op_code":5,"worker_id":"679cf347-18f2-4a2e-a430-e12538a555a3-126265109607936","trial_id":243,"param_name":"batch_size","param_value_internal":1,"distribution":"{\"name\": \"CategoricalDistribution\", \"attributes\": {\"choices\": [16, 32, 64]}}"}
{"op_code":5,"worker_id":"679cf347-18f2-4a2e-a430-e12538a555a3-126265109607936","trial_id":243,"param_name":"weight_decay","param_value_internal":6.3808934289351265e-06,"distribution":"{\"name\": \"FloatDistribution\", \"attributes\": {\"step\": null, \"low\": 1e-06, \"high\": 0.01, \"log\": true}}"}
{"op_code":5,"worker_id":"679cf347-18f2-4a2e-a430-e12538a555a3-126265109607936","trial_id":243,"param_name":"dropout","param_value_internal":0.08642954147514967,"distribution":"{\"name\": \"FloatDistribution\", \"attributes\": {\"step\": null, \"low\": 0.0, \"high\": 0.3, \"log\": false}}"}
{"op_code":5,"worker_id":"679cf347-18f2-4a2e-a430-e12538a555a3-126265109607936","trial_id":243,"param_name":"patience","param_value_internal":5.0,"distribution":"{\"name\": \"IntDistribution\", \"attributes\": {\"log\": false, \"step\": 1, \"low\": 2, \"high\": 5}}"}
{"op_code":7,"worker_id":"40bc7db2-faeb-462c-8398-1aab030ed339-128154193819136","trial_id":236,"step":1,"intermediate_value":0.3760272672010904}
{"op_code":7,"worker_id":"03390d1d-9dbe-44ea-b50c-8910413720e7-127115480471040","trial_id":234,"step":1,"intermediate_value":0.3718987031982952}
{"op_code":7,"worker_id":"d8159b67-1598-4530-8185-0b4e2f627deb-130265049986560","trial_id":235,"step":1,"intermediate_value":0.37347700005342815}
{"op_code":7,"worker_id":"86638fb0-284c-4fe6-bb33-ee29d2adb3be-137621019616768","trial_id":237,"step":1,"intermediate_value":0.38904303248857275}
{"op_code":6,"worker_id":"86638fb0-284c-4fe6-bb33-ee29d2adb3be-137621019616768","trial_id":237,"state":2,"values":[0.38904303248857275],"datetime_complete":"2026-08-20T01:34:42.590397"}
{"op_code":4,"worker_id":"86638fb0-284c-4fe6-bb33-ee29d2adb3be-137621019616768","study_id":0,"datetime_start":"2026-08-20T01:34:42.595097"}
{"op_code":5,"worker_id":"86638fb0-284c-4fe6-bb33-ee29d2adb3be-137621019616768","trial_id":244,"param_name":"lr","param_value_internal":9.974395983625648e-05,"distribution":"{\"name\": \"FloatDistribution\", \"attributes\": {\"step\": null, \"low\": 5e-06, \"high\": 0.0003, \"log\": true}}"}
{"op_code":5,"worker_id":"86638fb0-284c-4fe6-bb33-ee29d2adb3be-137621019616768","trial_id":244,"param_name":"batch_size","param_value_internal":1,"distribution":"{\"name\": \"CategoricalDistribution\", \"attributes\": {\"choices\": [16, 32, 64]}}"}
{"op_code":5,"worker_id":"86638fb0-284c-4fe6-bb33-ee29d2adb3be-137621019616768","trial_id":244,"param_name":"weight_decay","param_value_internal":7.753324191931818e-06,"distribution":"{\"name\": \"FloatDistribution\", \"attributes\": {\"step\": null, \"low\": 1e-06, \"high\": 0.01, \"log\": true}}"}
{"op_code":5,"worker_id":"86638fb0-284c-4fe6-bb33-ee29d2adb3be-137621019616768","trial_id":244,"param_name":"dropout","param_value_internal":0.12489796877035962,"distribution":"{\"name\": \"FloatDistribution\", \"attributes\": {\"step\": null, \"low\": 0.0, \"high\": 0.3, \"log\": false}}"}
{"op_code":5,"worker_id":"86638fb0-284c-4fe6-bb33-ee29d2adb3be-137621019616768","trial_id":244,"param_name":"patience","param_value_internal":5.0,"distribution":"{\"name\": \"IntDistribution\", \"attributes\": {\"log\": false, \"step\": 1, \"low\": 2, \"high\": 5}}"}
{"op_code":7,"worker_id":"8e121434-d455-47e7-a812-6463efa1c5b8-129601631901184","trial_id":238,"step":1,"intermediate_value":0.37509001763545224}
{"op_code":7,"worker_id":"c2ed5631-5232-4419-9221-7c75593489a3-135269821588992","trial_id":239,"step":1,"intermediate_value":0.38195485714636856}
{"op_code":6,"worker_id":"c2ed5631-5232-4419-9221-7c75593489a3-135269821588992","trial_id":239,"state":2,"values":[0.38195485714636856],"datetime_complete":"2026-08-20T01:36:21.893885"}
{"op_code":4,"worker_id":"c2ed5631-5232-4419-9221-7c75593489a3-135269821588992","study_id":0,"datetime_start":"2026-08-20T01:36:21.898816"}
{"op_code":5,"worker_id":"c2ed5631-5232-4419-9221-7c75593489a3-135269821588992","trial_id":245,"param_name":"lr","param_value_internal":9.773427407819788e-05,"distribution":"{\"name\": \"FloatDistribution\", \"attributes\": {\"step\": null, \"low\": 5e-06, \"high\": 0.0003, \"log\": true}}"}
{"op_code":5,"worker_id":"c2ed5631-5232-4419-9221-7c75593489a3-135269821588992","trial_id":245,"param_name":"batch_size","param_value_internal":1,"distribution":"{\"name\": \"CategoricalDistribution\", \"attributes\": {\"choices\": [16, 32, 64]}}"}
{"op_code":5,"worker_id":"c2ed5631-5232-4419-9221-7c75593489a3-135269821588992","trial_id":245,"param_name":"weight_decay","param_value_internal":7.618692963629956e-06,"distribution":"{\"name\": \"FloatDistribution\", \"attributes\": {\"step\": null, \"low\": 1e-06, \"high\": 0.01, \"log\": true}}"}
{"op_code":5,"worker_id":"c2ed5631-5232-4419-9221-7c75593489a3-135269821588992","trial_id":245,"param_name":"dropout","param_value_internal":0.06106761449209366,"distribution":"{\"name\": \"FloatDistribution\", \"attributes\": {\"step\": null, \"low\": 0.0, \"high\": 0.3, \"log\": false}}"}
{"op_code":5,"worker_id":"c2ed5631-5232-4419-9221-7c75593489a3-135269821588992","trial_id":245,"param_name":"patience","param_value_internal":5.0,"distribution":"{\"name\": \"IntDistribution\", \"attributes\": {\"log\": false, \"step\": 1, \"low\": 2, \"high\": 5}}"}
{"op_code":7,"worker_id":"9a8b9994-b7f8-45c0-883b-c8a222f6c0d6-137116887188992","trial_id":229,"step":2,"intermediate_value":0.3691125332680926}
{"op_code":6,"worker_id":"9a8b9994-b7f8-45c0-883b-c8a222f6c0d6-137116887188992","trial_id":229,"state":1,"values":[0.3691125332680926],"datetime_complete":"2026-08-20T01:37:14.857338"}
{"op_code":4,"worker_id":"9a8b9994-b7f8-45c0-883b-c8a222f6c0d6-137116887188992","study_id":0,"datetime_start":"2026-08-20T01:37:14.862022"}
{"op_code":5,"worker_id":"9a8b9994-b7f8-45c0-883b-c8a222f6c0d6-137116887188992","trial_id":246,"param_name":"lr","param_value_internal":9.661849231157134e-05,"distribution":"{\"name\": \"FloatDistribution\", \"attributes\": {\"step\": null, \"low\": 5e-06, \"high\": 0.0003, \"log\": true}}"}
{"op_code":5,"worker_id":"9a8b9994-b7f8-45c0-883b-c8a222f6c0d6-137116887188992","trial_id":246,"param_name":"batch_size","param_value_internal":1,"distribution":"{\"name\": \"CategoricalDistribution\", \"attributes\": {\"choices\": [16, 32, 64]}}"}
{"op_code":5,"worker_id":"9a8b9994-b7f8-45c0-883b-c8a222f6c0d6-137116887188992","trial_id":246,"param_name":"weight_decay","param_value_internal":4.951309904821547e-05,"distribution":"{\"name\": \"FloatDistribution\", \"attributes\": {\"step\": null, \"low\": 1e-06, \"high\": 0.01, \"log\": true}}"}
{"op_code":5,"worker_id":"9a8b9994-b7f8-45c0-883b-c8a222f6c0d6-137116887188992","trial_id":246,"param_name":"dropout","param_value_internal":0.06067859596197656,"distribution":"{\"name\": \"FloatDistribution\", \"attributes\": {\"step\": null, \"low\": 0.0, \"high\": 0.3, \"log\": false}}"}
{"op_code":5,"worker_id":"9a8b9994-b7f8-45c0-883b-c8a222f6c0d6-137116887188992","trial_id":246,"param_name":"patience","param_value_internal":5.0,"distribution":"{\"name\": \"IntDistribution\", \"attributes\": {\"log\": false, \"step\": 1, \"low\": 2, \"high\": 5}}"}
{"op_code":7,"worker_id":"7d95b9da-d28a-4a61-9539-a7cadc394c27-137194481391104","trial_id":240,"step":1,"intermediate_value":0.38494402235397107}
{"op_code":6,"worker_id":"7d95b9da-d28a-4a61-9539-a7cadc394c27-137194481391104","trial_id":240,"state":2,"values":[0.38494402235397107],"datetime_complete":"2026-08-20T01:37:39.342754"}
{"op_code":4,"worker_id":"7d95b9da-d28a-4a61-9539-a7cadc394c27-137194481391104","study_id":0,"datetime_start":"2026-08-20T01:37:39.347104"}
{"op_code":5,"worker_id":"7d95b9da-d28a-4a61-9539-a7cadc394c27-137194481391104","trial_id":247,"param_name":"lr","param_value_internal":9.923894348843362e-05,"distribution":"{\"name\": \"FloatDistribution\", \"attributes\": {\"step\": null, \"low\": 5e-06, \"high\": 0.0003, \"log\": true}}"}
{"op_code":5,"worker_id":"7d95b9da-d28a-4a61-9539-a7cadc394c27-137194481391104","trial_id":247,"param_name":"batch_size","param_value_internal":1,"distribution":"{\"name\": \"CategoricalDistribution\", \"attributes\": {\"choices\": [16, 32, 64]}}"}
{"op_code":5,"worker_id":"7d95b9da-d28a-4a61-9539-a7cadc394c27-137194481391104","trial_id":247,"param_name":"weight_decay","param_value_internal":1.2717648118850479e-05,"distribution":"{\"name\": \"FloatDistribution\", \"attributes\": {\"step\": null, \"low\": 1e-06, \"high\": 0.01, \"log\": true}}"}
{"op_code":5,"worker_id":"7d95b9da-d28a-4a61-9539-a7cadc394c27-137194481391104","trial_id":247,"param_name":"dropout","param_value_internal":0.12566731963595407,"distribution":"{\"name\": \"FloatDistribution\", \"attributes\": {\"step\": null, \"low\": 0.0, \"high\": 0.3, \"log\": false}}"}
{"op_code":5,"worker_id":"7d95b9da-d28a-4a61-9539-a7cadc394c27-137194481391104","trial_id":247,"param_name":"patience","param_value_internal":5.0,"distribution":"{\"name\": \"IntDistribution\", \"attributes\": {\"log\": false, \"step\": 1, \"low\": 2, \"high\": 5}}"}
{"op_code":7,"worker_id":"03390d1d-9dbe-44ea-b50c-8910413720e7-127115480471040","trial_id":234,"step":2,"intermediate_value":0.3891006255765751}
{"op_code":6,"worker_id":"03390d1d-9dbe-44ea-b50c-8910413720e7-127115480471040","trial_id":234,"state":1,"values":[0.3891006255765751],"datetime_complete":"2026-08-20T01:38:11.237669"}
{"op_code":4,"worker_id":"03390d1d-9dbe-44ea-b50c-8910413720e7-127115480471040","study_id":0,"datetime_start":"2026-08-20T01:38:11.241709"}
{"op_code":5,"worker_id":"03390d1d-9dbe-44ea-b50c-8910413720e7-127115480471040","trial_id":248,"param_name":"lr","param_value_internal":9.752478259699872e-05,"distribution":"{\"name\": \"FloatDistribution\", \"attributes\": {\"step\": null, \"low\": 5e-06, \"high\": 0.0003, \"log\": true}}"}
{"op_code":5,"worker_id":"03390d1d-9dbe-44ea-b50c-8910413720e7-127115480471040","trial_id":248,"param_name":"batch_size","param_value_internal":1,"distribution":"{\"name\": \"CategoricalDistribution\", \"attributes\": {\"choices\": [16, 32, 64]}}"}
{"op_code":5,"worker_id":"03390d1d-9dbe-44ea-b50c-8910413720e7-127115480471040","trial_id":248,"param_name":"weight_decay","param_value_internal":1.3197034043880947e-05,"distribution":"{\"name\": \"FloatDistribution\", \"attributes\": {\"step\": null, \"low\": 1e-06, \"high\": 0.01, \"log\": true}}"}
{"op_code":5,"worker_id":"03390d1d-9dbe-44ea-b50c-8910413720e7-127115480471040","trial_id":248,"param_name":"dropout","param_value_internal":0.06155921057972902,"distribution":"{\"name\": \"FloatDistribution\", \"attributes\": {\"step\": null, \"low\": 0.0, \"high\": 0.3, \"log\": false}}"}
{"op_code":5,"worker_id":"03390d1d-9dbe-44ea-b50c-8910413720e7-127115480471040","trial_id":248,"param_name":"patience","param_value_internal":5.0,"distribution":"{\"name\": \"IntDistribution\", \"attributes\": {\"log\": false, \"step\": 1, \"low\": 2, \"high\": 5}}"}
{"op_code":7,"worker_id":"9e97f2a5-d018-4804-af09-446e3f976f45-127331980781056","trial_id":231,"step":2,"intermediate_value":0.3659254327902369}
{"op_code":6,"worker_id":"9e97f2a5-d018-4804-af09-446e3f976f45-127331980781056","trial_id":231,"state":1,"values":[0.3659254327902369],"datetime_complete":"2026-08-20T01:38:24.717474"}
{"op_code":4,"worker_id":"9e97f2a5-d018-4804-af09-446e3f976f45-127331980781056","study_id":0,"datetime_start":"2026-08-20T01:38:24.721911"}
{"op_code":5,"worker_id":"9e97f2a5-d018-4804-af09-446e3f976f45-127331980781056","trial_id":249,"param_name":"lr","param_value_internal":0.00010403951040322743,"distribution":"{\"name\": \"FloatDistribution\", \"attributes\": {\"step\": null, \"low\": 5e-06, \"high\": 0.0003, \"log\": true}}"}
{"op_code":5,"worker_id":"9e97f2a5-d018-4804-af09-446e3f976f45-127331980781056","trial_id":249,"param_name":"batch_size","param_value_internal":1,"distribution":"{\"name\": \"CategoricalDistribution\", \"attributes\": {\"choices\": [16, 32, 64]}}"}
{"op_code":5,"worker_id":"9e97f2a5-d018-4804-af09-446e3f976f45-127331980781056","trial_id":249,"param_name":"weight_decay","param_value_internal":1.3119876947020964e-05,"distribution":"{\"name\": \"FloatDistribution\", \"attributes\": {\"step\": null, \"low\": 1e-06, \"high\": 0.01, \"log\": true}}"}
{"op_code":5,"worker_id":"9e97f2a5-d018-4804-af09-446e3f976f45-127331980781056","trial_id":249,"param_name":"dropout","param_value_internal":0.0609508798190823,"distribution":"{\"name\": \"FloatDistribution\", \"attributes\": {\"step\": null, \"low\": 0.0, \"high\": 0.3, \"log\": false}}"}
{"op_code":5,"worker_id":"9e97f2a5-d018-4804-af09-446e3f976f45-127331980781056","trial_id":249,"param_name":"patience","param_value_internal":5.0,"distribution":"{\"name\": \"IntDistribution\", \"attributes\": {\"log\": false, \"step\": 1, \"low\": 2, \"high\": 5}}"}
{"op_code":7,"worker_id":"fc071723-94a2-4a86-9e7d-bdfde0c69d2a-140268501722624","trial_id":242,"step":1,"intermediate_value":0.3784742766890458}
{"op_code":6,"worker_id":"fc071723-94a2-4a86-9e7d-bdfde0c69d2a-140268501722624","trial_id":242,"state":2,"values":[0.3784742766890458],"datetime_complete":"2026-08-20T01:38:50.758598"}
{"op_code":4,"worker_id":"fc071723-94a2-4a86-9e7d-bdfde0c69d2a-140268501722624","study_id":0,"datetime_start":"2026-08-20T01:38:50.761857"}
{"op_code":5,"worker_id":"fc071723-94a2-4a86-9e7d-bdfde0c69d2a-140268501722624","trial_id":250,"param_name":"lr","param_value_internal":6.647416719209863e-05,"distribution":"{\"name\": \"FloatDistribution\", \"attributes\": {\"step\": null, \"low\": 5e-06, \"high\": 0.0003, \"log\": true}}"}
{"op_code":5,"worker_id":"fc071723-94a2-4a86-9e7d-bdfde0c69d2a-140268501722624","trial_id":250,"param_name":"batch_size","param_value_internal":1,"distribution":"{\"name\": \"CategoricalDistribution\", \"attributes\": {\"choices\": [16, 32, 64]}}"}
{"op_code":5,"worker_id":"fc071723-94a2-4a86-9e7d-bdfde0c69d2a-140268501722624","trial_id":250,"param_name":"weight_decay","param_value_internal":7.551344559603596e-06,"distribution":"{\"name\": \"FloatDistribution\", \"attributes\": {\"step\": null, \"low\": 1e-06, \"high\": 0.01, \"log\": true}}"}
{"op_code":5,"worker_id":"fc071723-94a2-4a86-9e7d-bdfde0c69d2a-140268501722624","trial_id":250,"param_name":"dropout","param_value_internal":0.06321981184140353,"distribution":"{\"name\": \"FloatDistribution\", \"attributes\": {\"step\": null, \"low\": 0.0, \"high\": 0.3, \"log\": false}}"}
{"op_code":5,"worker_id":"fc071723-94a2-4a86-9e7d-bdfde0c69d2a-140268501722624","trial_id":250,"param_name":"patience","param_value_internal":5.0,"distribution":"{\"name\": \"IntDistribution\", \"attributes\": {\"log\": false, \"step\": 1, \"low\": 2, \"high\": 5}}"}
{"op_code":7,"worker_id":"679cf347-18f2-4a2e-a430-e12538a555a3-126265109607936","trial_id":243,"step":1,"intermediate_value":0.3819223009893185}
{"op_code":6,"worker_id":"679cf347-18f2-4a2e-a430-e12538a555a3-126265109607936","trial_id":243,"state":2,"values":[0.3819223009893185],"datetime_complete":"2026-08-20T01:38:56.260863"}
{"op_code":4,"worker_id":"679cf347-18f2-4a2e-a430-e12538a555a3-126265109607936","study_id":0,"datetime_start":"2026-08-20T01:38:56.264994"}
{"op_code":5,"worker_id":"679cf347-18f2-4a2e-a430-e12538a555a3-126265109607936","trial_id":251,"param_name":"lr","param_value_internal":6.544009515460122e-05,"distribution":"{\"name\": \"FloatDistribution\", \"attributes\": {\"step\": null, \"low\": 5e-06, \"high\": 0.0003, \"log\": true}}"}
{"op_code":5,"worker_id":"679cf347-18f2-4a2e-a430-e12538a555a3-126265109607936","trial_id":251,"param_name":"batch_size","param_value_internal":1,"distribution":"{\"name\": \"CategoricalDistribution\", \"attributes\": {\"choices\": [16, 32, 64]}}"}
{"op_code":5,"worker_id":"679cf347-18f2-4a2e-a430-e12538a555a3-126265109607936","trial_id":251,"param_name":"weight_decay","param_value_internal":7.8543247373527e-06,"distribution":"{\"name\": \"FloatDistribution\", \"attributes\": {\"step\": null, \"low\": 1e-06, \"high\": 0.01, \"log\": true}}"}
{"op_code":5,"worker_id":"679cf347-18f2-4a2e-a430-e12538a555a3-126265109607936","trial_id":251,"param_name":"dropout","param_value_internal":0.06166444852687768,"distribution":"{\"name\": \"FloatDistribution\", \"attributes\": {\"step\": null, \"low\": 0.0, \"high\": 0.3, \"log\": false}}"}
{"op_code":5,"worker_id":"679cf347-18f2-4a2e-a430-e12538a555a3-126265109607936","trial_id":251,"param_name":"patience","param_value_internal":5.0,"distribution":"{\"name\": \"IntDistribution\", \"attributes\": {\"log\": false, \"step\": 1, \"low\": 2, \"high\": 5}}"}
{"op_code":7,"worker_id":"40bc7db2-faeb-462c-8398-1aab030ed339-128154193819136","trial_id":236,"step":2,"intermediate_value":0.3695248726839365}
{"op_code":6,"worker_id":"40bc7db2-faeb-462c-8398-1aab030ed339-128154193819136","trial_id":236,"state":1,"values":[0.3695248726839365],"datetime_complete":"2026-08-20T01:39:36.115737"}
{"op_code":4,"worker_id":"40bc7db2-faeb-462c-8398-1aab030ed339-128154193819136","study_id":0,"datetime_start":"2026-08-20T01:39:36.119840"}
{"op_code":5,"worker_id":"40bc7db2-faeb-462c-8398-1aab030ed339-128154193819136","trial_id":252,"param_name":"lr","param_value_internal":8.330113405560171e-05,"distribution":"{\"name\": \"FloatDistribution\", \"attributes\": {\"step\": null, \"low\": 5e-06, \"high\": 0.0003, \"log\": true}}"}
{"op_code":5,"worker_id":"40bc7db2-faeb-462c-8398-1aab030ed339-128154193819136","trial_id":252,"param_name":"batch_size","param_value_internal":1,"distribution":"{\"name\": \"CategoricalDistribution\", \"attributes\": {\"choices\": [16, 32, 64]}}"}
{"op_code":5,"worker_id":"40bc7db2-faeb-462c-8398-1aab030ed339-128154193819136","trial_id":252,"param_name":"weight_decay","param_value_internal":7.97971757513324e-06,"distribution":"{\"name\": \"FloatDistribution\", \"attributes\": {\"step\": null, \"low\": 1e-06, \"high\": 0.01, \"log\": true}}"}
{"op_code":5,"worker_id":"40bc7db2-faeb-462c-8398-1aab030ed339-128154193819136","trial_id":252,"param_name":"dropout","param_value_internal":0.06036424003851734,"distribution":"{\"name\": \"FloatDistribution\", \"attributes\": {\"step\": null, \"low\": 0.0, \"high\": 0.3, \"log\": false}}"}
{"op_code":5,"worker_id":"40bc7db2-faeb-462c-8398-1aab030ed339-128154193819136","trial_id":252,"param_name":"patience","param_value_internal":5.0,"distribution":"{\"name\": \"IntDistribution\", \"attributes\": {\"log\": false, \"step\": 1, \"low\": 2, \"high\": 5}}"}
{"op_code":7,"worker_id":"d5d9ede1-bcd4-481f-8816-9f3bfc2ae4f1-130087024510464","trial_id":241,"step":1,"intermediate_value":0.4404208291043746}
{"op_code":6,"worker_id":"d5d9ede1-bcd4-481f-8816-9f3bfc2ae4f1-130087024510464","trial_id":241,"state":2,"values":[0.4404208291043746],"datetime_complete":"2026-08-20T01:39:43.247285"}
{"op_code":4,"worker_id":"d5d9ede1-bcd4-481f-8816-9f3bfc2ae4f1-130087024510464","study_id":0,"datetime_start":"2026-08-20T01:39:43.251741"}
{"op_code":5,"worker_id":"d5d9ede1-bcd4-481f-8816-9f3bfc2ae4f1-130087024510464","trial_id":253,"param_name":"lr","param_value_internal":6.584157701364632e-05,"distribution":"{\"name\": \"FloatDistribution\", \"attributes\": {\"step\": null, \"low\": 5e-06, \"high\": 0.0003, \"log\": true}}"}
{"op_code":5,"worker_id":"d5d9ede1-bcd4-481f-8816-9f3bfc2ae4f1-130087024510464","trial_id":253,"param_name":"batch_size","param_value_internal":1,"distribution":"{\"name\": \"CategoricalDistribution\", \"attributes\": {\"choices\": [16, 32, 64]}}"}
{"op_code":5,"worker_id":"d5d9ede1-bcd4-481f-8816-9f3bfc2ae4f1-130087024510464","trial_id":253,"param_name":"weight_decay","param_value_internal":7.817285505092502e-06,"distribution":"{\"name\": \"FloatDistribution\", \"attributes\": {\"step\": null, \"low\": 1e-06, \"high\": 0.01, \"log\": true}}"}
{"op_code":5,"worker_id":"d5d9ede1-bcd4-481f-8816-9f3bfc2ae4f1-130087024510464","trial_id":253,"param_name":"dropout","param_value_internal":0.06551310359501446,"distribution":"{\"name\": \"FloatDistribution\", \"attributes\": {\"step\": null, \"low\": 0.0, \"high\": 0.3, \"log\": false}}"}
{"op_code":5,"worker_id":"d5d9ede1-bcd4-481f-8816-9f3bfc2ae4f1-130087024510464","trial_id":253,"param_name":"patience","param_value_internal":5.0,"distribution":"{\"name\": \"IntDistribution\", \"attributes\": {\"log\": false, \"step\": 1, \"low\": 2, \"high\": 5}}"}
{"op_code":7,"worker_id":"86638fb0-284c-4fe6-bb33-ee29d2adb3be-137621019616768","trial_id":244,"step":1,"intermediate_value":0.35392013109483866}
{"op_code":7,"worker_id":"d8159b67-1598-4530-8185-0b4e2f627deb-130265049986560","trial_id":235,"step":2,"intermediate_value":0.36260134211003503}
{"op_code":6,"worker_id":"d8159b67-1598-4530-8185-0b4e2f627deb-130265049986560","trial_id":235,"state":1,"values":[0.36260134211003503],"datetime_complete":"2026-08-20T01:40:20.320643"}
{"op_code":4,"worker_id":"d8159b67-1598-4530-8185-0b4e2f627deb-130265049986560","study_id":0,"datetime_start":"2026-08-20T01:40:20.325311"}
{"op_code":5,"worker_id":"d8159b67-1598-4530-8185-0b4e2f627deb-130265049986560","trial_id":254,"param_name":"lr","param_value_internal":0.00010653588154706025,"distribution":"{\"name\": \"FloatDistribution\", \"attributes\": {\"step\": null, \"low\": 5e-06, \"high\": 0.0003, \"log\": true}}"}
{"op_code":5,"worker_id":"d8159b67-1598-4530-8185-0b4e2f627deb-130265049986560","trial_id":254,"param_name":"batch_size","param_value_internal":1,"distribution":"{\"name\": \"CategoricalDistribution\", \"attributes\": {\"choices\": [16, 32, 64]}}"}
{"op_code":5,"worker_id":"d8159b67-1598-4530-8185-0b4e2f627deb-130265049986560","trial_id":254,"param_name":"weight_decay","param_value_internal":7.816930969700775e-06,"distribution":"{\"name\": \"FloatDistribution\", \"attributes\": {\"step\": null, \"low\": 1e-06, \"high\": 0.01, \"log\": true}}"}
{"op_code":5,"worker_id":"d8159b67-1598-4530-8185-0b4e2f627deb-130265049986560","trial_id":254,"param_name":"dropout","param_value_internal":0.12435617190266884,"distribution":"{\"name\": \"FloatDistribution\", \"attributes\": {\"step\": null, \"low\": 0.0, \"high\": 0.3, \"log\": false}}"}
{"op_code":5,"worker_id":"d8159b67-1598-4530-8185-0b4e2f627deb-130265049986560","trial_id":254,"param_name":"patience","param_value_internal":5.0,"distribution":"{\"name\": \"IntDistribution\", \"attributes\": {\"log\": false, \"step\": 1, \"low\": 2, \"high\": 5}}"}
{"op_code":7,"worker_id":"8e121434-d455-47e7-a812-6463efa1c5b8-129601631901184","trial_id":238,"step":2,"intermediate_value":0.3687802327290099}
{"op_code":6,"worker_id":"8e121434-d455-47e7-a812-6463efa1c5b8-129601631901184","trial_id":238,"state":1,"values":[0.3687802327290099],"datetime_complete":"2026-08-20T01:42:12.608937"}
{"op_code":4,"worker_id":"8e121434-d455-47e7-a812-6463efa1c5b8-129601631901184","study_id":0,"datetime_start":"2026-08-20T01:42:12.613799"}
{"op_code":5,"worker_id":"8e121434-d455-47e7-a812-6463efa1c5b8-129601631901184","trial_id":255,"param_name":"lr","param_value_internal":0.00010629906724928034,"distribution":"{\"name\": \"FloatDistribution\", \"attributes\": {\"step\": null, \"low\": 5e-06, \"high\": 0.0003, \"log\": true}}"}
{"op_code":5,"worker_id":"8e121434-d455-47e7-a812-6463efa1c5b8-129601631901184","trial_id":255,"param_name":"batch_size","param_value_internal":1,"distribution":"{\"name\": \"CategoricalDistribution\", \"attributes\": {\"choices\": [16, 32, 64]}}"}
{"op_code":5,"worker_id":"8e121434-d455-47e7-a812-6463efa1c5b8-129601631901184","trial_id":255,"param_name":"weight_decay","param_value_internal":1.2901425009055138e-05,"distribution":"{\"name\": \"FloatDistribution\", \"attributes\": {\"step\": null, \"low\": 1e-06, \"high\": 0.01, \"log\": true}}"}
{"op_code":5,"worker_id":"8e121434-d455-47e7-a812-6463efa1c5b8-129601631901184","trial_id":255,"param_name":"dropout","param_value_internal":0.07729597949158798,"distribution":"{\"name\": \"FloatDistribution\", \"attributes\": {\"step\": null, \"low\": 0.0, \"high\": 0.3, \"log\": false}}"}
{"op_code":5,"worker_id":"8e121434-d455-47e7-a812-6463efa1c5b8-129601631901184","trial_id":255,"param_name":"patience","param_value_internal":5.0,"distribution":"{\"name\": \"IntDistribution\", \"attributes\": {\"log\": false, \"step\": 1, \"low\": 2, \"high\": 5}}"}
{"op_code":7,"worker_id":"c2ed5631-5232-4419-9221-7c75593489a3-135269821588992","trial_id":245,"step":1,"intermediate_value":0.3876843150044644}
{"op_code":6,"worker_id":"c2ed5631-5232-4419-9221-7c75593489a3-135269821588992","trial_id":245,"state":2,"values":[0.3876843150044644],"datetime_complete":"2026-08-20T01:42:52.468788"}
{"op_code":4,"worker_id":"c2ed5631-5232-4419-9221-7c75593489a3-135269821588992","study_id":0,"datetime_start":"2026-08-20T01:42:52.473618"}
{"op_code":5,"worker_id":"c2ed5631-5232-4419-9221-7c75593489a3-135269821588992","trial_id":256,"param_name":"lr","param_value_internal":0.0001197944996248282,"distribution":"{\"name\": \"FloatDistribution\", \"attributes\": {\"step\": null, \"low\": 5e-06, \"high\": 0.0003, \"log\": true}}"}
{"op_code":5,"worker_id":"c2ed5631-5232-4419-9221-7c75593489a3-135269821588992","trial_id":256,"param_name":"batch_size","param_value_internal":1,"distribution":"{\"name\": \"CategoricalDistribution\", \"attributes\": {\"choices\": [16, 32, 64]}}"}
{"op_code":5,"worker_id":"c2ed5631-5232-4419-9221-7c75593489a3-135269821588992","trial_id":256,"param_name":"weight_decay","param_value_internal":1.291644057602229e-05,"distribution":"{\"name\": \"FloatDistribution\", \"attributes\": {\"step\": null, \"low\": 1e-06, \"high\": 0.01, \"log\": true}}"}
{"op_code":5,"worker_id":"c2ed5631-5232-4419-9221-7c75593489a3-135269821588992","trial_id":256,"param_name":"dropout","param_value_internal":0.09628718202083077,"distribution":"{\"name\": \"FloatDistribution\", \"attributes\": {\"step\": null, \"low\": 0.0, \"high\": 0.3, \"log\": false}}"}
{"op_code":5,"worker_id":"c2ed5631-5232-4419-9221-7c75593489a3-135269821588992","trial_id":256,"param_name":"patience","param_value_internal":5.0,"distribution":"{\"name\": \"IntDistribution\", \"attributes\": {\"log\": false, \"step\": 1, \"low\": 2, \"high\": 5}}"}
{"op_code":7,"worker_id":"03390d1d-9dbe-44ea-b50c-8910413720e7-127115480471040","trial_id":248,"step":1,"intermediate_value":0.3924581277711652}
{"op_code":6,"worker_id":"03390d1d-9dbe-44ea-b50c-8910413720e7-127115480471040","trial_id":248,"state":2,"values":[0.3924581277711652],"datetime_complete":"2026-08-20T01:43:10.145490"}
{"op_code":4,"worker_id":"03390d1d-9dbe-44ea-b50c-8910413720e7-127115480471040","study_id":0,"datetime_start":"2026-08-20T01:43:10.150197"}
{"op_code":5,"worker_id":"03390d1d-9dbe-44ea-b50c-8910413720e7-127115480471040","trial_id":257,"param_name":"lr","param_value_internal":8.393219991945283e-05,"distribution":"{\"name\": \"FloatDistribution\", \"attributes\": {\"step\": null, \"low\": 5e-06, \"high\": 0.0003, \"log\": true}}"}
{"op_code":5,"worker_id":"03390d1d-9dbe-44ea-b50c-8910413720e7-127115480471040","trial_id":257,"param_name":"batch_size","param_value_internal":1,"distribution":"{\"name\": \"CategoricalDistribution\", \"attributes\": {\"choices\": [16, 32, 64]}}"}
{"op_code":5,"worker_id":"03390d1d-9dbe-44ea-b50c-8910413720e7-127115480471040","trial_id":257,"param_name":"weight_decay","param_value_internal":7.86141781399992e-06,"distribution":"{\"name\": \"FloatDistribution\", \"attributes\": {\"step\": null, \"low\": 1e-06, \"high\": 0.01, \"log\": true}}"}
{"op_code":5,"worker_id":"03390d1d-9dbe-44ea-b50c-8910413720e7-127115480471040","trial_id":257,"param_name":"dropout","param_value_internal":0.08018167132157904,"distribution":"{\"name\": \"FloatDistribution\", \"attributes\": {\"step\": null, \"low\": 0.0, \"high\": 0.3, \"log\": false}}"}
{"op_code":5,"worker_id":"03390d1d-9dbe-44ea-b50c-8910413720e7-127115480471040","trial_id":257,"param_name":"patience","param_value_internal":5.0,"distribution":"{\"name\": \"IntDistribution\", \"attributes\": {\"log\": false, \"step\": 1, \"low\": 2, \"high\": 5}}"}
{"op_code":7,"worker_id":"7d95b9da-d28a-4a61-9539-a7cadc394c27-137194481391104","trial_id":247,"step":1,"intermediate_value":0.3835479650037581}
{"op_code":6,"worker_id":"7d95b9da-d28a-4a61-9539-a7cadc394c27-137194481391104","trial_id":247,"state":2,"values":[0.3835479650037581],"datetime_complete":"2026-08-20T01:43:25.584790"}
{"op_code":4,"worker_id":"7d95b9da-d28a-4a61-9539-a7cadc394c27-137194481391104","study_id":0,"datetime_start":"2026-08-20T01:43:25.589650"}
{"op_code":5,"worker_id":"7d95b9da-d28a-4a61-9539-a7cadc394c27-137194481391104","trial_id":258,"param_name":"lr","param_value_internal":0.00010912438112504204,"distribution":"{\"name\": \"FloatDistribution\", \"attributes\": {\"step\": null, \"low\": 5e-06, \"high\": 0.0003, \"log\": true}}"}
{"op_code":5,"worker_id":"7d95b9da-d28a-4a61-9539-a7cadc394c27-137194481391104","trial_id":258,"param_name":"batch_size","param_value_internal":1,"distribution":"{\"name\": \"CategoricalDistribution\", \"attributes\": {\"choices\": [16, 32, 64]}}"}
{"op_code":5,"worker_id":"7d95b9da-d28a-4a61-9539-a7cadc394c27-137194481391104","trial_id":258,"param_name":"weight_decay","param_value_internal":8.02873359198434e-06,"distribution":"{\"name\": \"FloatDistribution\", \"attributes\": {\"step\": null, \"low\": 1e-06, \"high\": 0.01, \"log\": true}}"}
{"op_code":5,"worker_id":"7d95b9da-d28a-4a61-9539-a7cadc394c27-137194481391104","trial_id":258,"param_name":"dropout","param_value_internal":0.09634573896707514,"distribution":"{\"name\": \"FloatDistribution\", \"attributes\": {\"step\": null, \"low\": 0.0, \"high\": 0.3, \"log\": false}}"}
{"op_code":5,"worker_id":"7d95b9da-d28a-4a61-9539-a7cadc394c27-137194481391104","trial_id":258,"param_name":"patience","param_value_internal":5.0,"distribution":"{\"name\": \"IntDistribution\", \"attributes\": {\"log\": false, \"step\": 1, \"low\": 2, \"high\": 5}}"}
{"op_code":7,"worker_id":"fc071723-94a2-4a86-9e7d-bdfde0c69d2a-140268501722624","trial_id":250,"step":1,"intermediate_value":0.3818909745613575}
{"op_code":6,"worker_id":"fc071723-94a2-4a86-9e7d-bdfde0c69d2a-140268501722624","trial_id":250,"state":2,"values":[0.3818909745613575],"datetime_complete":"2026-08-20T01:43:27.285094"}
{"op_code":4,"worker_id":"fc071723-94a2-4a86-9e7d-bdfde0c69d2a-140268501722624","study_id":0,"datetime_start":"2026-08-20T01:43:27.289866"}
{"op_code":5,"worker_id":"fc071723-94a2-4a86-9e7d-bdfde0c69d2a-140268501722624","trial_id":259,"param_name":"lr","param_value_internal":8.456851698532256e-05,"distribution":"{\"name\": \"FloatDistribution\", \"attributes\": {\"step\": null, \"low\": 5e-06, \"high\": 0.0003, \"log\": true}}"}
{"op_code":5,"worker_id":"fc071723-94a2-4a86-9e7d-bdfde0c69d2a-140268501722624","trial_id":259,"param_name":"batch_size","param_value_internal":1,"distribution":"{\"name\": \"CategoricalDistribution\", \"attributes\": {\"choices\": [16, 32, 64]}}"}
{"op_code":5,"worker_id":"fc071723-94a2-4a86-9e7d-bdfde0c69d2a-140268501722624","trial_id":259,"param_name":"weight_decay","param_value_internal":8.356438765780527e-06,"distribution":"{\"name\": \"FloatDistribution\", \"attributes\": {\"step\": null, \"low\": 1e-06, \"high\": 0.01, \"log\": true}}"}
{"op_code":5,"worker_id":"fc071723-94a2-4a86-9e7d-bdfde0c69d2a-140268501722624","trial_id":259,"param_name":"dropout","param_value_internal":0.09601719777264829,"distribution":"{\"name\": \"FloatDistribution\", \"attributes\": {\"step\": null, \"low\": 0.0, \"high\": 0.3, \"log\": false}}"}
{"op_code":5,"worker_id":"fc071723-94a2-4a86-9e7d-bdfde0c69d2a-140268501722624","trial_id":259,"param_name":"patience","param_value_internal":5.0,"distribution":"{\"name\": \"IntDistribution\", \"attributes\": {\"log\": false, \"step\": 1, \"low\": 2, \"high\": 5}}"}
{"op_code":7,"worker_id":"9a8b9994-b7f8-45c0-883b-c8a222f6c0d6-137116887188992","trial_id":246,"step":1,"intermediate_value":0.378239693804416}
{"op_code":6,"worker_id":"9a8b9994-b7f8-45c0-883b-c8a222f6c0d6-137116887188992","trial_id":246,"state":2,"values":[0.378239693804416],"datetime_complete":"2026-08-20T01:43:45.199489"}
{"op_code":4,"worker_id":"9a8b9994-b7f8-45c0-883b-c8a222f6c0d6-137116887188992","study_id":0,"datetime_start":"2026-08-20T01:43:45.204051"}
{"op_code":5,"worker_id":"9a8b9994-b7f8-45c0-883b-c8a222f6c0d6-137116887188992","trial_id":260,"param_name":"lr","param_value_internal":8.363560423401349e-05,"distribution":"{\"name\": \"FloatDistribution\", \"attributes\": {\"step\": null, \"low\": 5e-06, \"high\": 0.0003, \"log\": true}}"}
{"op_code":5,"worker_id":"9a8b9994-b7f8-45c0-883b-c8a222f6c0d6-137116887188992","trial_id":260,"param_name":"batch_size","param_value_internal":1,"distribution":"{\"name\": \"CategoricalDistribution\", \"attributes\": {\"choices\": [16, 32, 64]}}"}
{"op_code":5,"worker_id":"9a8b9994-b7f8-45c0-883b-c8a222f6c0d6-137116887188992","trial_id":260,"param_name":"weight_decay","param_value_internal":7.99255956421229e-06,"distribution":"{\"name\": \"FloatDistribution\", \"attributes\": {\"step\": null, \"low\": 1e-06, \"high\": 0.01, \"log\": true}}"}
{"op_code":5,"worker_id":"9a8b9994-b7f8-45c0-883b-c8a222f6c0d6-137116887188992","trial_id":260,"param_name":"dropout","param_value_internal":0.0782224820748496,"distribution":"{\"name\": \"FloatDistribution\", \"attributes\": {\"step\": null, \"low\": 0.0, \"high\": 0.3, \"log\": false}}"}
{"op_code":5,"worker_id":"9a8b9994-b7f8-45c0-883b-c8a222f6c0d6-137116887188992","trial_id":260,"param_name":"patience","param_value_internal":5.0,"distribution":"{\"name\": \"IntDistribution\", \"attributes\": {\"log\": false, \"step\": 1, \"low\": 2, \"high\": 5}}"}
{"op_code":7,"worker_id":"679cf347-18f2-4a2e-a430-e12538a555a3-126265109607936","trial_id":251,"step":1,"intermediate_value":0.38933437953188627}
{"op_code":6,"worker_id":"679cf347-18f2-4a2e-a430-e12538a555a3-126265109607936","trial_id":251,"state":2,"values":[0.38933437953188627],"datetime_complete":"2026-08-20T01:43:58.092529"}
{"op_code":4,"worker_id":"679cf347-18f2-4a2e-a430-e12538a555a3-126265109607936","study_id":0,"datetime_start":"2026-08-20T01:43:58.097343"}
{"op_code":5,"worker_id":"679cf347-18f2-4a2e-a430-e12538a555a3-126265109607936","trial_id":261,"param_name":"lr","param_value_internal":8.279403576929793e-05,"distribution":"{\"name\": \"FloatDistribution\", \"attributes\": {\"step\": null, \"low\": 5e-06, \"high\": 0.0003, \"log\": true}}"}
{"op_code":5,"worker_id":"679cf347-18f2-4a2e-a430-e12538a555a3-126265109607936","trial_id":261,"param_name":"batch_size","param_value_internal":1,"distribution":"{\"name\": \"CategoricalDistribution\", \"attributes\": {\"choices\": [16, 32, 64]}}"}
{"op_code":5,"worker_id":"679cf347-18f2-4a2e-a430-e12538a555a3-126265109607936","trial_id":261,"param_name":"weight_decay","param_value_internal":4.8161668353955794e-06,"distribution":"{\"name\": \"FloatDistribution\", \"attributes\": {\"step\": null, \"low\": 1e-06, \"high\": 0.01, \"log\": true}}"}
{"op_code":5,"worker_id":"679cf347-18f2-4a2e-a430-e12538a555a3-126265109607936","trial_id":261,"param_name":"dropout","param_value_internal":0.07970807427195047,"distribution":"{\"name\": \"FloatDistribution\", \"attributes\": {\"step\": null, \"low\": 0.0, \"high\": 0.3, \"log\": false}}"}
{"op_code":5,"worker_id":"679cf347-18f2-4a2e-a430-e12538a555a3-126265109607936","trial_id":261,"param_name":"patience","param_value_internal":5.0,"distribution":"{\"name\": \"IntDistribution\", \"attributes\": {\"log\": false, \"step\": 1, \"low\": 2, \"high\": 5}}"}
{"op_code":7,"worker_id":"9e97f2a5-d018-4804-af09-446e3f976f45-127331980781056","trial_id":249,"step":1,"intermediate_value":0.3846694174797752}
{"op_code":6,"worker_id":"9e97f2a5-d018-4804-af09-446e3f976f45-127331980781056","trial_id":249,"state":2,"values":[0.3846694174797752],"datetime_complete":"2026-08-20T01:44:13.509093"}
{"op_code":4,"worker_id":"9e97f2a5-d018-4804-af09-446e3f976f45-127331980781056","study_id":0,"datetime_start":"2026-08-20T01:44:13.513928"}
{"op_code":5,"worker_id":"9e97f2a5-d018-4804-af09-446e3f976f45-127331980781056","trial_id":262,"param_name":"lr","param_value_internal":8.218999830291041e-05,"distribution":"{\"name\": \"FloatDistribution\", \"attributes\": {\"step\": null, \"low\": 5e-06, \"high\": 0.0003, \"log\": true}}"}
{"op_code":5,"worker_id":"9e97f2a5-d018-4804-af09-446e3f976f45-127331980781056","trial_id":262,"param_name":"batch_size","param_value_internal":1,"distribution":"{\"name\": \"CategoricalDistribution\", \"attributes\": {\"choices\": [16, 32, 64]}}"}
{"op_code":5,"worker_id":"9e97f2a5-d018-4804-af09-446e3f976f45-127331980781056","trial_id":262,"param_name":"weight_decay","param_value_internal":4.722282140183579e-06,"distribution":"{\"name\": \"FloatDistribution\", \"attributes\": {\"step\": null, \"low\": 1e-06, \"high\": 0.01, \"log\": true}}"}
{"op_code":5,"worker_id":"9e97f2a5-d018-4804-af09-446e3f976f45-127331980781056","trial_id":262,"param_name":"dropout","param_value_internal":0.07900111130977289,"distribution":"{\"name\": \"FloatDistribution\", \"attributes\": {\"step\": null, \"low\": 0.0, \"high\": 0.3, \"log\": false}}"}
{"op_code":5,"worker_id":"9e97f2a5-d018-4804-af09-446e3f976f45-127331980781056","trial_id":262,"param_name":"patience","param_value_internal":5.0,"distribution":"{\"name\": \"IntDistribution\", \"attributes\": {\"log\": false, \"step\": 1, \"low\": 2, \"high\": 5}}"}
{"op_code":7,"worker_id":"40bc7db2-faeb-462c-8398-1aab030ed339-128154193819136","trial_id":252,"step":1,"intermediate_value":0.3656671605720198}
{"op_code":7,"worker_id":"d8159b67-1598-4530-8185-0b4e2f627deb-130265049986560","trial_id":254,"step":1,"intermediate_value":0.3886231438759552}
{"op_code":6,"worker_id":"d8159b67-1598-4530-8185-0b4e2f627deb-130265049986560","trial_id":254,"state":2,"values":[0.3886231438759552],"datetime_complete":"2026-08-20T01:45:19.115164"}
{"op_code":4,"worker_id":"d8159b67-1598-4530-8185-0b4e2f627deb-130265049986560","study_id":0,"datetime_start":"2026-08-20T01:45:19.120102"}
{"op_code":5,"worker_id":"d8159b67-1598-4530-8185-0b4e2f627deb-130265049986560","trial_id":263,"param_name":"lr","param_value_internal":8.403095037857816e-05,"distribution":"{\"name\": \"FloatDistribution\", \"attributes\": {\"step\": null, \"low\": 5e-06, \"high\": 0.0003, \"log\": true}}"}
{"op_code":5,"worker_id":"d8159b67-1598-4530-8185-0b4e2f627deb-130265049986560","trial_id":263,"param_name":"batch_size","param_value_internal":1,"distribution":"{\"name\": \"CategoricalDistribution\", \"attributes\": {\"choices\": [16, 32, 64]}}"}
{"op_code":5,"worker_id":"d8159b67-1598-4530-8185-0b4e2f627deb-130265049986560","trial_id":263,"param_name":"weight_decay","param_value_internal":5.29495647179106e-06,"distribution":"{\"name\": \"FloatDistribution\", \"attributes\": {\"step\": null, \"low\": 1e-06, \"high\": 0.01, \"log\": true}}"}
{"op_code":5,"worker_id":"d8159b67-1598-4530-8185-0b4e2f627deb-130265049986560","trial_id":263,"param_name":"dropout","param_value_internal":0.07787276361574252,"distribution":"{\"name\": \"FloatDistribution\", \"attributes\": {\"step\": null, \"low\": 0.0, \"high\": 0.3, \"log\": false}}"}
{"op_code":5,"worker_id":"d8159b67-1598-4530-8185-0b4e2f627deb-130265049986560","trial_id":263,"param_name":"patience","param_value_internal":5.0,"distribution":"{\"name\": \"IntDistribution\", \"attributes\": {\"log\": false, \"step\": 1, \"low\": 2, \"high\": 5}}"}
{"op_code":7,"worker_id":"d5d9ede1-bcd4-481f-8816-9f3bfc2ae4f1-130087024510464","trial_id":253,"step":1,"intermediate_value":0.37558290695575597}
{"op_code":7,"worker_id":"86638fb0-284c-4fe6-bb33-ee29d2adb3be-137621019616768","trial_id":244,"step":2,"intermediate_value":0.3676886674031929}
{"op_code":6,"worker_id":"86638fb0-284c-4fe6-bb33-ee29d2adb3be-137621019616768","trial_id":244,"state":1,"values":[0.3676886674031929],"datetime_complete":"2026-08-20T01:46:23.706816"}
{"op_code":4,"worker_id":"86638fb0-284c-4fe6-bb33-ee29d2adb3be-137621019616768","study_id":0,"datetime_start":"2026-08-20T01:46:23.711470"}
{"op_code":5,"worker_id":"86638fb0-284c-4fe6-bb33-ee29d2adb3be-137621019616768","trial_id":264,"param_name":"lr","param_value_internal":8.460469804486436e-05,"distribution":"{\"name\": \"FloatDistribution\", \"attributes\": {\"step\": null, \"low\": 5e-06, \"high\": 0.0003, \"log\": true}}"}
{"op_code":5,"worker_id":"86638fb0-284c-4fe6-bb33-ee29d2adb3be-137621019616768","trial_id":264,"param_name":"batch_size","param_value_internal":1,"distribution":"{\"name\": \"CategoricalDistribution\", \"attributes\": {\"choices\": [16, 32, 64]}}"}
{"op_code":5,"worker_id":"86638fb0-284c-4fe6-bb33-ee29d2adb3be-137621019616768","trial_id":264,"param_name":"weight_decay","param_value_internal":4.9714156632264866e-06,"distribution":"{\"name\": \"FloatDistribution\", \"attributes\": {\"step\": null, \"low\": 1e-06, \"high\": 0.01, \"log\": true}}"}
{"op_code":5,"worker_id":"86638fb0-284c-4fe6-bb33-ee29d2adb3be-137621019616768","trial_id":264,"param_name":"dropout","param_value_internal":0.07619839796509628,"distribution":"{\"name\": \"FloatDistribution\", \"attributes\": {\"step\": null, \"low\": 0.0, \"high\": 0.3, \"log\": false}}"}
{"op_code":5,"worker_id":"86638fb0-284c-4fe6-bb33-ee29d2adb3be-137621019616768","trial_id":264,"param_name":"patience","param_value_internal":5.0,"distribution":"{\"name\": \"IntDistribution\", \"attributes\": {\"log\": false, \"step\": 1, \"low\": 2, \"high\": 5}}"}
{"op_code":7,"worker_id":"8e121434-d455-47e7-a812-6463efa1c5b8-129601631901184","trial_id":255,"step":1,"intermediate_value":0.4007558460490733}
{"op_code":6,"worker_id":"8e121434-d455-47e7-a812-6463efa1c5b8-129601631901184","trial_id":255,"state":2,"values":[0.4007558460490733],"datetime_complete":"2026-08-20T01:47:19.875889"}
{"op_code":4,"worker_id":"8e121434-d455-47e7-a812-6463efa1c5b8-129601631901184","study_id":0,"datetime_start":"2026-08-20T01:47:19.880619"}
{"op_code":5,"worker_id":"8e121434-d455-47e7-a812-6463efa1c5b8-129601631901184","trial_id":265,"param_name":"lr","param_value_internal":8.445763740135119e-05,"distribution":"{\"name\": \"FloatDistribution\", \"attributes\": {\"step\": null, \"low\": 5e-06, \"high\": 0.0003, \"log\": true}}"}
{"op_code":5,"worker_id":"8e121434-d455-47e7-a812-6463efa1c5b8-129601631901184","trial_id":265,"param_name":"batch_size","param_value_internal":1,"distribution":"{\"name\": \"CategoricalDistribution\", \"attributes\": {\"choices\": [16, 32, 64]}}"}
{"op_code":5,"worker_id":"8e121434-d455-47e7-a812-6463efa1c5b8-129601631901184","trial_id":265,"param_name":"weight_decay","param_value_internal":8.914931577256948e-06,"distribution":"{\"name\": \"FloatDistribution\", \"attributes\": {\"step\": null, \"low\": 1e-06, \"high\": 0.01, \"log\": true}}"}
{"op_code":5,"worker_id":"8e121434-d455-47e7-a812-6463efa1c5b8-129601631901184","trial_id":265,"param_name":"dropout","param_value_internal":0.09544664266881787,"distribution":"{\"name\": \"FloatDistribution\", \"attributes\": {\"step\": null, \"low\": 0.0, \"high\": 0.3, \"log\": false}}"}
{"op_code":5,"worker_id":"8e121434-d455-47e7-a812-6463efa1c5b8-129601631901184","trial_id":265,"param_name":"patience","param_value_internal":5.0,"distribution":"{\"name\": \"IntDistribution\", \"attributes\": {\"log\": false, \"step\": 1, \"low\": 2, \"high\": 5}}"}
{"op_code":7,"worker_id":"03390d1d-9dbe-44ea-b50c-8910413720e7-127115480471040","trial_id":257,"step":1,"intermediate_value":0.3711120999278604}
{"op_code":7,"worker_id":"679cf347-18f2-4a2e-a430-e12538a555a3-126265109607936","trial_id":261,"step":1,"intermediate_value":0.38941920266672925}
{"op_code":6,"worker_id":"679cf347-18f2-4a2e-a430-e12538a555a3-126265109607936","trial_id":261,"state":2,"values":[0.38941920266672925],"datetime_complete":"2026-08-20T01:48:36.536061"}
{"op_code":4,"worker_id":"679cf347-18f2-4a2e-a430-e12538a555a3-126265109607936","study_id":0,"datetime_start":"2026-08-20T01:48:36.540721"}
{"op_code":5,"worker_id":"679cf347-18f2-4a2e-a430-e12538a555a3-126265109607936","trial_id":266,"param_name":"lr","param_value_internal":0.00011781630443986204,"distribution":"{\"name\": \"FloatDistribution\", \"attributes\": {\"step\": null, \"low\": 5e-06, \"high\": 0.0003, \"log\": true}}"}
{"op_code":5,"worker_id":"679cf347-18f2-4a2e-a430-e12538a555a3-126265109607936","trial_id":266,"param_name":"batch_size","param_value_internal":1,"distribution":"{\"name\": \"CategoricalDistribution\", \"attributes\": {\"choices\": [16, 32, 64]}}"}
{"op_code":5,"worker_id":"679cf347-18f2-4a2e-a430-e12538a555a3-126265109607936","trial_id":266,"param_name":"weight_decay","param_value_internal":5.235427451345085e-06,"distribution":"{\"name\": \"FloatDistribution\", \"attributes\": {\"step\": null, \"low\": 1e-06, \"high\": 0.01, \"log\": true}}"}
{"op_code":5,"worker_id":"679cf347-18f2-4a2e-a430-e12538a555a3-126265109607936","trial_id":266,"param_name":"dropout","param_value_internal":0.09610950607143741,"distribution":"{\"name\": \"FloatDistribution\", \"attributes\": {\"step\": null, \"low\": 0.0, \"high\": 0.3, \"log\": false}}"}
{"op_code":5,"worker_id":"679cf347-18f2-4a2e-a430-e12538a555a3-126265109607936","trial_id":266,"param_name":"patience","param_value_internal":5.0,"distribution":"{\"name\": \"IntDistribution\", \"attributes\": {\"log\": false, \"step\": 1, \"low\": 2, \"high\": 5}}"}
{"op_code":7,"worker_id":"c2ed5631-5232-4419-9221-7c75593489a3-135269821588992","trial_id":256,"step":1,"intermediate_value":0.38728682602546516}
{"op_code":6,"worker_id":"c2ed5631-5232-4419-9221-7c75593489a3-135269821588992","trial_id":256,"state":2,"values":[0.38728682602546516],"datetime_complete":"2026-08-20T01:48:57.044771"}
{"op_code":4,"worker_id":"c2ed5631-5232-4419-9221-7c75593489a3-135269821588992","study_id":0,"datetime_start":"2026-08-20T01:48:57.049620"}
{"op_code":5,"worker_id":"c2ed5631-5232-4419-9221-7c75593489a3-135269821588992","trial_id":267,"param_name":"lr","param_value_internal":8.625908020165553e-05,"distribution":"{\"name\": \"FloatDistribution\", \"attributes\": {\"step\": null, \"low\": 5e-06, \"high\": 0.0003, \"log\": true}}"}
{"op_code":5,"worker_id":"c2ed5631-5232-4419-9221-7c75593489a3-135269821588992","trial_id":267,"param_name":"batch_size","param_value_internal":1,"distribution":"{\"name\": \"CategoricalDistribution\", \"attributes\": {\"choices\": [16, 32, 64]}}"}
{"op_code":5,"worker_id":"c2ed5631-5232-4419-9221-7c75593489a3-135269821588992","trial_id":267,"param_name":"weight_decay","param_value_internal":4.897041098213974e-06,"distribution":"{\"name\": \"FloatDistribution\", \"attributes\": {\"step\": null, \"low\": 1e-06, \"high\": 0.01, \"log\": true}}"}
{"op_code":5,"worker_id":"c2ed5631-5232-4419-9221-7c75593489a3-135269821588992","trial_id":267,"param_name":"dropout","param_value_internal":0.09541878071235756,"distribution":"{\"name\": \"FloatDistribution\", \"attributes\": {\"step\": null, \"low\": 0.0, \"high\": 0.3, \"log\": false}}"}
{"op_code":5,"worker_id":"c2ed5631-5232-4419-9221-7c75593489a3-135269821588992","trial_id":267,"param_name":"patience","param_value_internal":5.0,"distribution":"{\"name\": \"IntDistribution\", \"attributes\": {\"log\": false, \"step\": 1, \"low\": 2, \"high\": 5}}"}
{"op_code":7,"worker_id":"7d95b9da-d28a-4a61-9539-a7cadc394c27-137194481391104","trial_id":258,"step":1,"intermediate_value":0.3870857863435126}
{"op_code":6,"worker_id":"7d95b9da-d28a-4a61-9539-a7cadc394c27-137194481391104","trial_id":258,"state":2,"values":[0.3870857863435126],"datetime_complete":"2026-08-20T01:49:11.641686"}
{"op_code":4,"worker_id":"7d95b9da-d28a-4a61-9539-a7cadc394c27-137194481391104","study_id":0,"datetime_start":"2026-08-20T01:49:11.646588"}
{"op_code":5,"worker_id":"7d95b9da-d28a-4a61-9539-a7cadc394c27-137194481391104","trial_id":268,"param_name":"lr","param_value_internal":8.667539119499962e-05,"distribution":"{\"name\": \"FloatDistribution\", \"attributes\": {\"step\": null, \"low\": 5e-06, \"high\": 0.0003, \"log\": true}}"}
{"op_code":5,"worker_id":"7d95b9da-d28a-4a61-9539-a7cadc394c27-137194481391104","trial_id":268,"param_name":"batch_size","param_value_internal":1,"distribution":"{\"name\": \"CategoricalDistribution\", \"attributes\": {\"choices\": [16, 32, 64]}}"}
{"op_code":5,"worker_id":"7d95b9da-d28a-4a61-9539-a7cadc394c27-137194481391104","trial_id":268,"param_name":"weight_decay","param_value_internal":5.274006814361835e-06,"distribution":"{\"name\": \"FloatDistribution\", \"attributes\": {\"step\": null, \"low\": 1e-06, \"high\": 0.01, \"log\": true}}"}
{"op_code":5,"worker_id":"7d95b9da-d28a-4a61-9539-a7cadc394c27-137194481391104","trial_id":268,"param_name":"dropout","param_value_internal":0.06952807807012353,"distribution":"{\"name\": \"FloatDistribution\", \"attributes\": {\"step\": null, \"low\": 0.0, \"high\": 0.3, \"log\": false}}"}
{"op_code":5,"worker_id":"7d95b9da-d28a-4a61-9539-a7cadc394c27-137194481391104","trial_id":268,"param_name":"patience","param_value_internal":5.0,"distribution":"{\"name\": \"IntDistribution\", \"attributes\": {\"log\": false, \"step\": 1, \"low\": 2, \"high\": 5}}"}
{"op_code":7,"worker_id":"fc071723-94a2-4a86-9e7d-bdfde0c69d2a-140268501722624","trial_id":259,"step":1,"intermediate_value":0.37680159428982174}
{"op_code":6,"worker_id":"fc071723-94a2-4a86-9e7d-bdfde0c69d2a-140268501722624","trial_id":259,"state":2,"values":[0.37680159428982174],"datetime_complete":"2026-08-20T01:49:12.649988"}
{"op_code":4,"worker_id":"fc071723-94a2-4a86-9e7d-bdfde0c69d2a-140268501722624","study_id":0,"datetime_start":"2026-08-20T01:49:12.655071"}
{"op_code":5,"worker_id":"fc071723-94a2-4a86-9e7d-bdfde0c69d2a-140268501722624","trial_id":269,"param_name":"lr","param_value_internal":8.561434261545427e-05,"distribution":"{\"name\": \"FloatDistribution\", \"attributes\": {\"step\": null, \"low\": 5e-06, \"high\": 0.0003, \"log\": true}}"}
{"op_code":5,"worker_id":"fc071723-94a2-4a86-9e7d-bdfde0c69d2a-140268501722624","trial_id":269,"param_name":"batch_size","param_value_internal":1,"distribution":"{\"name\": \"CategoricalDistribution\", \"attributes\": {\"choices\": [16, 32, 64]}}"}
{"op_code":5,"worker_id":"fc071723-94a2-4a86-9e7d-bdfde0c69d2a-140268501722624","trial_id":269,"param_name":"weight_decay","param_value_internal":5.250068133676509e-06,"distribution":"{\"name\": \"FloatDistribution\", \"attributes\": {\"step\": null, \"low\": 1e-06, \"high\": 0.01, \"log\": true}}"}
{"op_code":5,"worker_id":"fc071723-94a2-4a86-9e7d-bdfde0c69d2a-140268501722624","trial_id":269,"param_name":"dropout","param_value_internal":0.07985274938578031,"distribution":"{\"name\": \"FloatDistribution\", \"attributes\": {\"step\": null, \"low\": 0.0, \"high\": 0.3, \"log\": false}}"}
{"op_code":5,"worker_id":"fc071723-94a2-4a86-9e7d-bdfde0c69d2a-140268501722624","trial_id":269,"param_name":"patience","param_value_internal":5.0,"distribution":"{\"name\": \"IntDistribution\", \"attributes\": {\"log\": false, \"step\": 1, \"low\": 2, \"high\": 5}}"}
{"op_code":7,"worker_id":"9a8b9994-b7f8-45c0-883b-c8a222f6c0d6-137116887188992","trial_id":260,"step":1,"intermediate_value":0.3897190207014468}
{"op_code":6,"worker_id":"9a8b9994-b7f8-45c0-883b-c8a222f6c0d6-137116887188992","trial_id":260,"state":2,"values":[0.3897190207014468],"datetime_complete":"2026-08-20T01:49:23.544936"}
{"op_code":4,"worker_id":"9a8b9994-b7f8-45c0-883b-c8a222f6c0d6-137116887188992","study_id":0,"datetime_start":"2026-08-20T01:49:23.549482"}
{"op_code":5,"worker_id":"9a8b9994-b7f8-45c0-883b-c8a222f6c0d6-137116887188992","trial_id":270,"param_name":"lr","param_value_internal":8.684835162893402e-05,"distribution":"{\"name\": \"FloatDistribution\", \"attributes\": {\"step\": null, \"low\": 5e-06, \"high\": 0.0003, \"log\": true}}"}
{"op_code":5,"worker_id":"9a8b9994-b7f8-45c0-883b-c8a222f6c0d6-137116887188992","trial_id":270,"param_name":"batch_size","param_value_internal":1,"distribution":"{\"name\": \"CategoricalDistribution\", \"attributes\": {\"choices\": [16, 32, 64]}}"}
{"op_code":5,"worker_id":"9a8b9994-b7f8-45c0-883b-c8a222f6c0d6-137116887188992","trial_id":270,"param_name":"weight_decay","param_value_internal":5.2415565600336415e-06,"distribution":"{\"name\": \"FloatDistribution\", \"attributes\": {\"step\": null, \"low\": 1e-06, \"high\": 0.01, \"log\": true}}"}
{"op_code":5,"worker_id":"9a8b9994-b7f8-45c0-883b-c8a222f6c0d6-137116887188992","trial_id":270,"param_name":"dropout","param_value_internal":0.06856496563306455,"distribution":"{\"name\": \"FloatDistribution\", \"attributes\": {\"step\": null, \"low\": 0.0, \"high\": 0.3, \"log\": false}}"}
{"op_code":5,"worker_id":"9a8b9994-b7f8-45c0-883b-c8a222f6c0d6-137116887188992","trial_id":270,"param_name":"patience","param_value_internal":5.0,"distribution":"{\"name\": \"IntDistribution\", \"attributes\": {\"log\": false, \"step\": 1, \"low\": 2, \"high\": 5}}"}
{"op_code":7,"worker_id":"9e97f2a5-d018-4804-af09-446e3f976f45-127331980781056","trial_id":262,"step":1,"intermediate_value":0.3756256274557586}
{"op_code":7,"worker_id":"40bc7db2-faeb-462c-8398-1aab030ed339-128154193819136","trial_id":252,"step":2,"intermediate_value":0.358370304006805}
{"op_code":6,"worker_id":"40bc7db2-faeb-462c-8398-1aab030ed339-128154193819136","trial_id":252,"state":1,"values":[0.358370304006805],"datetime_complete":"2026-08-20T01:50:56.796408"}
{"op_code":4,"worker_id":"40bc7db2-faeb-462c-8398-1aab030ed339-128154193819136","study_id":0,"datetime_start":"2026-08-20T01:50:56.801211"}
{"op_code":5,"worker_id":"40bc7db2-faeb-462c-8398-1aab030ed339-128154193819136","trial_id":271,"param_name":"lr","param_value_internal":8.67055280958531e-05,"distribution":"{\"name\": \"FloatDistribution\", \"attributes\": {\"step\": null, \"low\": 5e-06, \"high\": 0.0003, \"log\": true}}"}
{"op_code":5,"worker_id":"40bc7db2-faeb-462c-8398-1aab030ed339-128154193819136","trial_id":271,"param_name":"batch_size","param_value_internal":1,"distribution":"{\"name\": \"CategoricalDistribution\", \"attributes\": {\"choices\": [16, 32, 64]}}"}
{"op_code":5,"worker_id":"40bc7db2-faeb-462c-8398-1aab030ed339-128154193819136","trial_id":271,"param_name":"weight_decay","param_value_internal":0.0013589219855192113,"distribution":"{\"name\": \"FloatDistribution\", \"attributes\": {\"step\": null, \"low\": 1e-06, \"high\": 0.01, \"log\": true}}"}
{"op_code":5,"worker_id":"40bc7db2-faeb-462c-8398-1aab030ed339-128154193819136","trial_id":271,"param_name":"dropout","param_value_internal":0.06864964102271116,"distribution":"{\"name\": \"FloatDistribution\", \"attributes\": {\"step\": null, \"low\": 0.0, \"high\": 0.3, \"log\": false}}"}
{"op_code":5,"worker_id":"40bc7db2-faeb-462c-8398-1aab030ed339-128154193819136","trial_id":271,"param_name":"patience","param_value_internal":5.0,"distribution":"{\"name\": \"IntDistribution\", \"attributes\": {\"log\": false, \"step\": 1, \"low\": 2, \"high\": 5}}"}
{"op_code":7,"worker_id":"d8159b67-1598-4530-8185-0b4e2f627deb-130265049986560","trial_id":263,"step":1,"intermediate_value":0.3776635229076171}
{"op_code":6,"worker_id":"d8159b67-1598-4530-8185-0b4e2f627deb-130265049986560","trial_id":263,"state":2,"values":[0.3776635229076171],"datetime_complete":"2026-08-20T01:51:03.805952"}
{"op_code":4,"worker_id":"d8159b67-1598-4530-8185-0b4e2f627deb-130265049986560","study_id":0,"datetime_start":"2026-08-20T01:51:03.810807"}
{"op_code":5,"worker_id":"d8159b67-1598-4530-8185-0b4e2f627deb-130265049986560","trial_id":272,"param_name":"lr","param_value_internal":7.6920951951663e-05,"distribution":"{\"name\": \"FloatDistribution\", \"attributes\": {\"step\": null, \"low\": 5e-06, \"high\": 0.0003, \"log\": true}}"}
{"op_code":5,"worker_id":"d8159b67-1598-4530-8185-0b4e2f627deb-130265049986560","trial_id":272,"param_name":"batch_size","param_value_internal":1,"distribution":"{\"name\": \"CategoricalDistribution\", \"attributes\": {\"choices\": [16, 32, 64]}}"}
{"op_code":5,"worker_id":"d8159b67-1598-4530-8185-0b4e2f627deb-130265049986560","trial_id":272,"param_name":"weight_decay","param_value_internal":9.80479281244487e-06,"distribution":"{\"name\": \"FloatDistribution\", \"attributes\": {\"step\": null, \"low\": 1e-06, \"high\": 0.01, \"log\": true}}"}
{"op_code":5,"worker_id":"d8159b67-1598-4530-8185-0b4e2f627deb-130265049986560","trial_id":272,"param_name":"dropout","param_value_internal":0.0686971563920948,"distribution":"{\"name\": \"FloatDistribution\", \"attributes\": {\"step\": null, \"low\": 0.0, \"high\": 0.3, \"log\": false}}"}
{"op_code":5,"worker_id":"d8159b67-1598-4530-8185-0b4e2f627deb-130265049986560","trial_id":272,"param_name":"patience","param_value_internal":5.0,"distribution":"{\"name\": \"IntDistribution\", \"attributes\": {\"log\": false, \"step\": 1, \"low\": 2, \"high\": 5}}"}
{"op_code":7,"worker_id":"679cf347-18f2-4a2e-a430-e12538a555a3-126265109607936","trial_id":266,"step":1,"intermediate_value":0.4737833018214525}
{"op_code":6,"worker_id":"679cf347-18f2-4a2e-a430-e12538a555a3-126265109607936","trial_id":266,"state":2,"values":[0.4737833018214525],"datetime_complete":"2026-08-20T01:51:19.094825"}
{"op_code":4,"worker_id":"679cf347-18f2-4a2e-a430-e12538a555a3-126265109607936","study_id":0,"datetime_start":"2026-08-20T01:51:19.099429"}
{"op_code":5,"worker_id":"679cf347-18f2-4a2e-a430-e12538a555a3-126265109607936","trial_id":273,"param_name":"lr","param_value_internal":7.760489268295003e-05,"distribution":"{\"name\": \"FloatDistribution\", \"attributes\": {\"step\": null, \"low\": 5e-06, \"high\": 0.0003, \"log\": true}}"}
{"op_code":5,"worker_id":"679cf347-18f2-4a2e-a430-e12538a555a3-126265109607936","trial_id":273,"param_name":"batch_size","param_value_internal":1,"distribution":"{\"name\": \"CategoricalDistribution\", \"attributes\": {\"choices\": [16, 32, 64]}}"}
{"op_code":5,"worker_id":"679cf347-18f2-4a2e-a430-e12538a555a3-126265109607936","trial_id":273,"param_name":"weight_decay","param_value_internal":1.032803133654014e-05,"distribution":"{\"name\": \"FloatDistribution\", \"attributes\": {\"step\": null, \"low\": 1e-06, \"high\": 0.01, \"log\": true}}"}
{"op_code":5,"worker_id":"679cf347-18f2-4a2e-a430-e12538a555a3-126265109607936","trial_id":273,"param_name":"dropout","param_value_internal":0.07069732855785482,"distribution":"{\"name\": \"FloatDistribution\", \"attributes\": {\"step\": null, \"low\": 0.0, \"high\": 0.3, \"log\": false}}"}
{"op_code":5,"worker_id":"679cf347-18f2-4a2e-a430-e12538a555a3-126265109607936","trial_id":273,"param_name":"patience","param_value_internal":5.0,"distribution":"{\"name\": \"IntDistribution\", \"attributes\": {\"log\": false, \"step\": 1, \"low\": 2, \"high\": 5}}"}
{"op_code":7,"worker_id":"d5d9ede1-bcd4-481f-8816-9f3bfc2ae4f1-130087024510464","trial_id":253,"step":2,"intermediate_value":0.37590990017225634}
{"op_code":6,"worker_id":"d5d9ede1-bcd4-481f-8816-9f3bfc2ae4f1-130087024510464","trial_id":253,"state":2,"values":[0.37590990017225634],"datetime_complete":"2026-08-20T01:51:27.195272"}
{"op_code":4,"worker_id":"d5d9ede1-bcd4-481f-8816-9f3bfc2ae4f1-130087024510464","study_id":0,"datetime_start":"2026-08-20T01:51:27.200030"}
{"op_code":5,"worker_id":"d5d9ede1-bcd4-481f-8816-9f3bfc2ae4f1-130087024510464","trial_id":274,"param_name":"lr","param_value_internal":7.768029452775702e-05,"distribution":"{\"name\": \"FloatDistribution\", \"attributes\": {\"step\": null, \"low\": 5e-06, \"high\": 0.0003, \"log\": true}}"}
{"op_code":5,"worker_id":"d5d9ede1-bcd4-481f-8816-9f3bfc2ae4f1-130087024510464","trial_id":274,"param_name":"batch_size","param_value_internal":1,"distribution":"{\"name\": \"CategoricalDistribution\", \"attributes\": {\"choices\": [16, 32, 64]}}"}
{"op_code":5,"worker_id":"d5d9ede1-bcd4-481f-8816-9f3bfc2ae4f1-130087024510464","trial_id":274,"param_name":"weight_decay","param_value_internal":1.0454235737148101e-05,"distribution":"{\"name\": \"FloatDistribution\", \"attributes\": {\"step\": null, \"low\": 1e-06, \"high\": 0.01, \"log\": true}}"}
{"op_code":5,"worker_id":"d5d9ede1-bcd4-481f-8816-9f3bfc2ae4f1-130087024510464","trial_id":274,"param_name":"dropout","param_value_internal":0.06928005732762556,"distribution":"{\"name\": \"FloatDistribution\", \"attributes\": {\"step\": null, \"low\": 0.0, \"high\": 0.3, \"log\": false}}"}
{"op_code":5,"worker_id":"d5d9ede1-bcd4-481f-8816-9f3bfc2ae4f1-130087024510464","trial_id":274,"param_name":"patience","param_value_internal":5.0,"distribution":"{\"name\": \"IntDistribution\", \"attributes\": {\"log\": false, \"step\": 1, \"low\": 2, \"high\": 5}}"}
{"op_code":7,"worker_id":"86638fb0-284c-4fe6-bb33-ee29d2adb3be-137621019616768","trial_id":264,"step":1,"intermediate_value":0.3651973913041728}
{"op_code":7,"worker_id":"8e121434-d455-47e7-a812-6463efa1c5b8-129601631901184","trial_id":265,"step":1,"intermediate_value":0.38433856424692836}
{"op_code":6,"worker_id":"8e121434-d455-47e7-a812-6463efa1c5b8-129601631901184","trial_id":265,"state":2,"values":[0.38433856424692836],"datetime_complete":"2026-08-20T01:53:14.206350"}
{"op_code":4,"worker_id":"8e121434-d455-47e7-a812-6463efa1c5b8-129601631901184","study_id":0,"datetime_start":"2026-08-20T01:53:14.211262"}
{"op_code":5,"worker_id":"8e121434-d455-47e7-a812-6463efa1c5b8-129601631901184","trial_id":275,"param_name":"lr","param_value_internal":7.685382385990882e-05,"distribution":"{\"name\": \"FloatDistribution\", \"attributes\": {\"step\": null, \"low\": 5e-06, \"high\": 0.0003, \"log\": true}}"}
{"op_code":5,"worker_id":"8e121434-d455-47e7-a812-6463efa1c5b8-129601631901184","trial_id":275,"param_name":"batch_size","param_value_internal":1,"distribution":"{\"name\": \"CategoricalDistribution\", \"attributes\": {\"choices\": [16, 32, 64]}}"}
{"op_code":5,"worker_id":"8e121434-d455-47e7-a812-6463efa1c5b8-129601631901184","trial_id":275,"param_name":"weight_decay","param_value_internal":1.0356885465190008e-05,"distribution":"{\"name\": \"FloatDistribution\", \"attributes\": {\"step\": null, \"low\": 1e-06, \"high\": 0.01, \"log\": true}}"}
{"op_code":5,"worker_id":"8e121434-d455-47e7-a812-6463efa1c5b8-129601631901184","trial_id":275,"param_name":"dropout","param_value_internal":0.06868642660375208,"distribution":"{\"name\": \"FloatDistribution\", \"attributes\": {\"step\": null, \"low\": 0.0, \"high\": 0.3, \"log\": false}}"}
{"op_code":5,"worker_id":"8e121434-d455-47e7-a812-6463efa1c5b8-129601631901184","trial_id":275,"param_name":"patience","param_value_internal":5.0,"distribution":"{\"name\": \"IntDistribution\", \"attributes\": {\"log\": false, \"step\": 1, \"low\": 2, \"high\": 5}}"}
{"op_code":7,"worker_id":"03390d1d-9dbe-44ea-b50c-8910413720e7-127115480471040","trial_id":257,"step":2,"intermediate_value":0.3738121263579772}
{"op_code":6,"worker_id":"03390d1d-9dbe-44ea-b50c-8910413720e7-127115480471040","trial_id":257,"state":1,"values":[0.3738121263579772],"datetime_complete":"2026-08-20T01:53:53.560702"}
{"op_code":4,"worker_id":"03390d1d-9dbe-44ea-b50c-8910413720e7-127115480471040","study_id":0,"datetime_start":"2026-08-20T01:53:53.565509"}
{"op_code":5,"worker_id":"03390d1d-9dbe-44ea-b50c-8910413720e7-127115480471040","trial_id":276,"param_name":"lr","param_value_internal":7.724587799925748e-05,"distribution":"{\"name\": \"FloatDistribution\", \"attributes\": {\"step\": null, \"low\": 5e-06, \"high\": 0.0003, \"log\": true}}"}
{"op_code":5,"worker_id":"03390d1d-9dbe-44ea-b50c-8910413720e7-127115480471040","trial_id":276,"param_name":"batch_size","param_value_internal":1,"distribution":"{\"name\": \"CategoricalDistribution\", \"attributes\": {\"choices\": [16, 32, 64]}}"}
{"op_code":5,"worker_id":"03390d1d-9dbe-44ea-b50c-8910413720e7-127115480471040","trial_id":276,"param_name":"weight_decay","param_value_internal":0.0010582979385631171,"distribution":"{\"name\": \"FloatDistribution\", \"attributes\": {\"step\": null, \"low\": 1e-06, \"high\": 0.01, \"log\": true}}"}
{"op_code":5,"worker_id":"03390d1d-9dbe-44ea-b50c-8910413720e7-127115480471040","trial_id":276,"param_name":"dropout","param_value_internal":0.06987568660021712,"distribution":"{\"name\": \"FloatDistribution\", \"attributes\": {\"step\": null, \"low\": 0.0, \"high\": 0.3, \"log\": false}}"}
{"op_code":5,"worker_id":"03390d1d-9dbe-44ea-b50c-8910413720e7-127115480471040","trial_id":276,"param_name":"patience","param_value_internal":5.0,"distribution":"{\"name\": \"IntDistribution\", \"attributes\": {\"log\": false, \"step\": 1, \"low\": 2, \"high\": 5}}"}
{"op_code":7,"worker_id":"7d95b9da-d28a-4a61-9539-a7cadc394c27-137194481391104","trial_id":268,"step":1,"intermediate_value":0.38424826080635477}
{"op_code":6,"worker_id":"7d95b9da-d28a-4a61-9539-a7cadc394c27-137194481391104","trial_id":268,"state":2,"values":[0.38424826080635477],"datetime_complete":"2026-08-20T01:54:11.608422"}
{"op_code":4,"worker_id":"7d95b9da-d28a-4a61-9539-a7cadc394c27-137194481391104","study_id":0,"datetime_start":"2026-08-20T01:54:11.613068"}
{"op_code":5,"worker_id":"7d95b9da-d28a-4a61-9539-a7cadc394c27-137194481391104","trial_id":277,"param_name":"lr","param_value_internal":7.703602693076281e-05,"distribution":"{\"name\": \"FloatDistribution\", \"attributes\": {\"step\": null, \"low\": 5e-06, \"high\": 0.0003, \"log\": true}}"}
{"op_code":5,"worker_id":"7d95b9da-d28a-4a61-9539-a7cadc394c27-137194481391104","trial_id":277,"param_name":"batch_size","param_value_internal":1,"distribution":"{\"name\": \"CategoricalDistribution\", \"attributes\": {\"choices\": [16, 32, 64]}}"}
{"op_code":5,"worker_id":"7d95b9da-d28a-4a61-9539-a7cadc394c27-137194481391104","trial_id":277,"param_name":"weight_decay","param_value_internal":0.001428807627798944,"distribution":"{\"name\": \"FloatDistribution\", \"attributes\": {\"step\": null, \"low\": 1e-06, \"high\": 0.01, \"log\": true}}"}
{"op_code":5,"worker_id":"7d95b9da-d28a-4a61-9539-a7cadc394c27-137194481391104","trial_id":277,"param_name":"dropout","param_value_internal":0.07140450136510507,"distribution":"{\"name\": \"FloatDistribution\", \"attributes\": {\"step\": null, \"low\": 0.0, \"high\": 0.3, \"log\": false}}"}
{"op_code":5,"worker_id":"7d95b9da-d28a-4a61-9539-a7cadc394c27-137194481391104","trial_id":277,"param_name":"patience","param_value_internal":5.0,"distribution":"{\"name\": \"IntDistribution\", \"attributes\": {\"log\": false, \"step\": 1, \"low\": 2, \"high\": 5}}"}
{"op_code":7,"worker_id":"9a8b9994-b7f8-45c0-883b-c8a222f6c0d6-137116887188992","trial_id":270,"step":1,"intermediate_value":0.37325012023871745}
{"op_code":7,"worker_id":"fc071723-94a2-4a86-9e7d-bdfde0c69d2a-140268501722624","trial_id":269,"step":1,"intermediate_value":0.3859471557683725}
{"op_code":6,"worker_id":"fc071723-94a2-4a86-9e7d-bdfde0c69d2a-140268501722624","trial_id":269,"state":2,"values":[0.3859471557683725],"datetime_complete":"2026-08-20T01:54:58.200779"}
{"op_code":4,"worker_id":"fc071723-94a2-4a86-9e7d-bdfde0c69d2a-140268501722624","study_id":0,"datetime_start":"2026-08-20T01:54:58.205568"}
{"op_code":5,"worker_id":"fc071723-94a2-4a86-9e7d-bdfde0c69d2a-140268501722624","trial_id":278,"param_name":"lr","param_value_internal":7.751535204774254e-05,"distribution":"{\"name\": \"FloatDistribution\", \"attributes\": {\"step\": null, \"low\": 5e-06, \"high\": 0.0003, \"log\": true}}"}
{"op_code":5,"worker_id":"fc071723-94a2-4a86-9e7d-bdfde0c69d2a-140268501722624","trial_id":278,"param_name":"batch_size","param_value_internal":1,"distribution":"{\"name\": \"CategoricalDistribution\", \"attributes\": {\"choices\": [16, 32, 64]}}"}
{"op_code":5,"worker_id":"fc071723-94a2-4a86-9e7d-bdfde0c69d2a-140268501722624","trial_id":278,"param_name":"weight_decay","param_value_internal":1.1438374140287461e-05,"distribution":"{\"name\": \"FloatDistribution\", \"attributes\": {\"step\": null, \"low\": 1e-06, \"high\": 0.01, \"log\": true}}"}
{"op_code":5,"worker_id":"fc071723-94a2-4a86-9e7d-bdfde0c69d2a-140268501722624","trial_id":278,"param_name":"dropout","param_value_internal":0.046383870707164314,"distribution":"{\"name\": \"FloatDistribution\", \"attributes\": {\"step\": null, \"low\": 0.0, \"high\": 0.3, \"log\": false}}"}
{"op_code":5,"worker_id":"fc071723-94a2-4a86-9e7d-bdfde0c69d2a-140268501722624","trial_id":278,"param_name":"patience","param_value_internal":5.0,"distribution":"{\"name\": \"IntDistribution\", \"attributes\": {\"log\": false, \"step\": 1, \"low\": 2, \"high\": 5}}"}
{"op_code":7,"worker_id":"c2ed5631-5232-4419-9221-7c75593489a3-135269821588992","trial_id":267,"step":1,"intermediate_value":0.36943072743525424}
{"op_code":7,"worker_id":"9e97f2a5-d018-4804-af09-446e3f976f45-127331980781056","trial_id":262,"step":2,"intermediate_value":0.36477526446694775}
{"op_code":6,"worker_id":"9e97f2a5-d018-4804-af09-446e3f976f45-127331980781056","trial_id":262,"state":1,"values":[0.36477526446694775],"datetime_complete":"2026-08-20T01:55:50.929737"}
{"op_code":4,"worker_id":"9e97f2a5-d018-4804-af09-446e3f976f45-127331980781056","study_id":0,"datetime_start":"2026-08-20T01:55:50.933807"}
{"op_code":5,"worker_id":"9e97f2a5-d018-4804-af09-446e3f976f45-127331980781056","trial_id":279,"param_name":"lr","param_value_internal":7.740953224003005e-05,"distribution":"{\"name\": \"FloatDistribution\", \"attributes\": {\"step\": null, \"low\": 5e-06, \"high\": 0.0003, \"log\": true}}"}
{"op_code":5,"worker_id":"9e97f2a5-d018-4804-af09-446e3f976f45-127331980781056","trial_id":279,"param_name":"batch_size","param_value_internal":1,"distribution":"{\"name\": \"CategoricalDistribution\", \"attributes\": {\"choices\": [16, 32, 64]}}"}
{"op_code":5,"worker_id":"9e97f2a5-d018-4804-af09-446e3f976f45-127331980781056","trial_id":279,"param_name":"weight_decay","param_value_internal":1.011651391540882e-05,"distribution":"{\"name\": \"FloatDistribution\", \"attributes\": {\"step\": null, \"low\": 1e-06, \"high\": 0.01, \"log\": true}}"}
{"op_code":5,"worker_id":"9e97f2a5-d018-4804-af09-446e3f976f45-127331980781056","trial_id":279,"param_name":"dropout","param_value_internal":0.06773051251636664,"distribution":"{\"name\": \"FloatDistribution\", \"attributes\": {\"step\": null, \"low\": 0.0, \"high\": 0.3, \"log\": false}}"}
{"op_code":5,"worker_id":"9e97f2a5-d018-4804-af09-446e3f976f45-127331980781056","trial_id":279,"param_name":"patience","param_value_internal":5.0,"distribution":"{\"name\": \"IntDistribution\", \"attributes\": {\"log\": false, \"step\": 1, \"low\": 2, \"high\": 5}}"}
{"op_code":7,"worker_id":"d8159b67-1598-4530-8185-0b4e2f627deb-130265049986560","trial_id":272,"step":1,"intermediate_value":0.3808364258451465}
{"op_code":6,"worker_id":"d8159b67-1598-4530-8185-0b4e2f627deb-130265049986560","trial_id":272,"state":2,"values":[0.3808364258451465],"datetime_complete":"2026-08-20T01:56:02.626330"}
{"op_code":4,"worker_id":"d8159b67-1598-4530-8185-0b4e2f627deb-130265049986560","study_id":0,"datetime_start":"2026-08-20T01:56:02.631268"}
{"op_code":5,"worker_id":"d8159b67-1598-4530-8185-0b4e2f627deb-130265049986560","trial_id":280,"param_name":"lr","param_value_internal":7.632199502448359e-05,"distribution":"{\"name\": \"FloatDistribution\", \"attributes\": {\"step\": null, \"low\": 5e-06, \"high\": 0.0003, \"log\": true}}"}
{"op_code":5,"worker_id":"d8159b67-1598-4530-8185-0b4e2f627deb-130265049986560","trial_id":280,"param_name":"batch_size","param_value_internal":2,"distribution":"{\"name\": \"CategoricalDistribution\", \"attributes\": {\"choices\": [16, 32, 64]}}"}
{"op_code":5,"worker_id":"d8159b67-1598-4530-8185-0b4e2f627deb-130265049986560","trial_id":280,"param_name":"weight_decay","param_value_internal":1.0979979639362433e-05,"distribution":"{\"name\": \"FloatDistribution\", \"attributes\": {\"step\": null, \"low\": 1e-06, \"high\": 0.01, \"log\": true}}"}
{"op_code":5,"worker_id":"d8159b67-1598-4530-8185-0b4e2f627deb-130265049986560","trial_id":280,"param_name":"dropout","param_value_internal":0.04822435934176303,"distribution":"{\"name\": \"FloatDistribution\", \"attributes\": {\"step\": null, \"low\": 0.0, \"high\": 0.3, \"log\": false}}"}
{"op_code":5,"worker_id":"d8159b67-1598-4530-8185-0b4e2f627deb-130265049986560","trial_id":280,"param_name":"patience","param_value_internal":5.0,"distribution":"{\"name\": \"IntDistribution\", \"attributes\": {\"log\": false, \"step\": 1, \"low\": 2, \"high\": 5}}"}
{"op_code":7,"worker_id":"40bc7db2-faeb-462c-8398-1aab030ed339-128154193819136","trial_id":271,"step":1,"intermediate_value":0.36551719676958255}
{"op_code":7,"worker_id":"679cf347-18f2-4a2e-a430-e12538a555a3-126265109607936","trial_id":273,"step":1,"intermediate_value":0.3778105062047134}
{"op_code":6,"worker_id":"679cf347-18f2-4a2e-a430-e12538a555a3-126265109607936","trial_id":273,"state":2,"values":[0.3778105062047134],"datetime_complete":"2026-08-20T01:57:06.880487"}
{"op_code":7,"worker_id":"d5d9ede1-bcd4-481f-8816-9f3bfc2ae4f1-130087024510464","trial_id":274,"step":1,"intermediate_value":0.38400907470987733}
{"op_code":6,"worker_id":"d5d9ede1-bcd4-481f-8816-9f3bfc2ae4f1-130087024510464","trial_id":274,"state":2,"values":[0.38400907470987733],"datetime_complete":"2026-08-20T01:57:19.106520"}
{"op_code":4,"worker_id":"d5d9ede1-bcd4-481f-8816-9f3bfc2ae4f1-130087024510464","study_id":0,"datetime_start":"2026-08-20T01:57:19.111593"}
{"op_code":5,"worker_id":"d5d9ede1-bcd4-481f-8816-9f3bfc2ae4f1-130087024510464","trial_id":281,"param_name":"lr","param_value_internal":7.134666181769936e-05,"distribution":"{\"name\": \"FloatDistribution\", \"attributes\": {\"step\": null, \"low\": 5e-06, \"high\": 0.0003, \"log\": true}}"}
{"op_code":5,"worker_id":"d5d9ede1-bcd4-481f-8816-9f3bfc2ae4f1-130087024510464","trial_id":281,"param_name":"batch_size","param_value_internal":1,"distribution":"{\"name\": \"CategoricalDistribution\", \"attributes\": {\"choices\": [16, 32, 64]}}"}
{"op_code":5,"worker_id":"d5d9ede1-bcd4-481f-8816-9f3bfc2ae4f1-130087024510464","trial_id":281,"param_name":"weight_decay","param_value_internal":6.135389155781143e-06,"distribution":"{\"name\": \"FloatDistribution\", \"attributes\": {\"step\": null, \"low\": 1e-06, \"high\": 0.01, \"log\": true}}"}
{"op_code":5,"worker_id":"d5d9ede1-bcd4-481f-8816-9f3bfc2ae4f1-130087024510464","trial_id":281,"param_name":"dropout","param_value_internal":0.09006278279614041,"distribution":"{\"name\": \"FloatDistribution\", \"attributes\": {\"step\": null, \"low\": 0.0, \"high\": 0.3, \"log\": false}}"}
{"op_code":5,"worker_id":"d5d9ede1-bcd4-481f-8816-9f3bfc2ae4f1-130087024510464","trial_id":281,"param_name":"patience","param_value_internal":5.0,"distribution":"{\"name\": \"IntDistribution\", \"attributes\": {\"log\": false, \"step\": 1, \"low\": 2, \"high\": 5}}"}
{"op_code":7,"worker_id":"86638fb0-284c-4fe6-bb33-ee29d2adb3be-137621019616768","trial_id":264,"step":2,"intermediate_value":0.36021905651290065}
{"op_code":6,"worker_id":"86638fb0-284c-4fe6-bb33-ee29d2adb3be-137621019616768","trial_id":264,"state":1,"values":[0.36021905651290065],"datetime_complete":"2026-08-20T01:58:04.758493"}
{"op_code":4,"worker_id":"86638fb0-284c-4fe6-bb33-ee29d2adb3be-137621019616768","study_id":0,"datetime_start":"2026-08-20T01:58:04.763210"}
{"op_code":5,"worker_id":"86638fb0-284c-4fe6-bb33-ee29d2adb3be-137621019616768","trial_id":282,"param_name":"lr","param_value_internal":7.21220251717076e-05,"distribution":"{\"name\": \"FloatDistribution\", \"attributes\": {\"step\": null, \"low\": 5e-06, \"high\": 0.0003, \"log\": true}}"}
{"op_code":5,"worker_id":"86638fb0-284c-4fe6-bb33-ee29d2adb3be-137621019616768","trial_id":282,"param_name":"batch_size","param_value_internal":2,"distribution":"{\"name\": \"CategoricalDistribution\", \"attributes\": {\"choices\": [16, 32, 64]}}"}
{"op_code":5,"worker_id":"86638fb0-284c-4fe6-bb33-ee29d2adb3be-137621019616768","trial_id":282,"param_name":"weight_decay","param_value_internal":6.534447771553421e-06,"distribution":"{\"name\": \"FloatDistribution\", \"attributes\": {\"step\": null, \"low\": 1e-06, \"high\": 0.01, \"log\": true}}"}
{"op_code":5,"worker_id":"86638fb0-284c-4fe6-bb33-ee29d2adb3be-137621019616768","trial_id":282,"param_name":"dropout","param_value_internal":0.04631140037499937,"distribution":"{\"name\": \"FloatDistribution\", \"attributes\": {\"step\": null, \"low\": 0.0, \"high\": 0.3, \"log\": false}}"}
{"op_code":5,"worker_id":"86638fb0-284c-4fe6-bb33-ee29d2adb3be-137621019616768","trial_id":282,"param_name":"patience","param_value_internal":5.0,"distribution":"{\"name\": \"IntDistribution\", \"attributes\": {\"log\": false, \"step\": 1, \"low\": 2, \"high\": 5}}"}
{"op_code":7,"worker_id":"8e121434-d455-47e7-a812-6463efa1c5b8-129601631901184","trial_id":275,"step":1,"intermediate_value":0.3818658999479537}
{"op_code":6,"worker_id":"8e121434-d455-47e7-a812-6463efa1c5b8-129601631901184","trial_id":275,"state":2,"values":[0.3818658999479537],"datetime_complete":"2026-08-20T01:59:08.455098"}
{"op_code":4,"worker_id":"8e121434-d455-47e7-a812-6463efa1c5b8-129601631901184","study_id":0,"datetime_start":"2026-08-20T01:59:08.459815"}
{"op_code":5,"worker_id":"8e121434-d455-47e7-a812-6463efa1c5b8-129601631901184","trial_id":283,"param_name":"lr","param_value_internal":9.017817802284461e-05,"distribution":"{\"name\": \"FloatDistribution\", \"attributes\": {\"step\": null, \"low\": 5e-06, \"high\": 0.0003, \"log\": true}}"}
{"op_code":5,"worker_id":"8e121434-d455-47e7-a812-6463efa1c5b8-129601631901184","trial_id":283,"param_name":"batch_size","param_value_internal":2,"distribution":"{\"name\": \"CategoricalDistribution\", \"attributes\": {\"choices\": [16, 32, 64]}}"}
{"op_code":5,"worker_id":"8e121434-d455-47e7-a812-6463efa1c5b8-129601631901184","trial_id":283,"param_name":"weight_decay","param_value_internal":6.020371221090553e-06,"distribution":"{\"name\": \"FloatDistribution\", \"attributes\": {\"step\": null, \"low\": 1e-06, \"high\": 0.01, \"log\": true}}"}
{"op_code":5,"worker_id":"8e121434-d455-47e7-a812-6463efa1c5b8-129601631901184","trial_id":283,"param_name":"dropout","param_value_internal":0.051580730414389056,"distribution":"{\"name\": \"FloatDistribution\", \"attributes\": {\"step\": null, \"low\": 0.0, \"high\": 0.3, \"log\": false}}"}
{"op_code":5,"worker_id":"8e121434-d455-47e7-a812-6463efa1c5b8-129601631901184","trial_id":283,"param_name":"patience","param_value_internal":5.0,"distribution":"{\"name\": \"IntDistribution\", \"attributes\": {\"log\": false, \"step\": 1, \"low\": 2, \"high\": 5}}"}
{"op_code":7,"worker_id":"03390d1d-9dbe-44ea-b50c-8910413720e7-127115480471040","trial_id":276,"step":1,"intermediate_value":0.37375430826340794}
{"op_code":7,"worker_id":"7d95b9da-d28a-4a61-9539-a7cadc394c27-137194481391104","trial_id":277,"step":1,"intermediate_value":0.3905246858633129}
{"op_code":6,"worker_id":"7d95b9da-d28a-4a61-9539-a7cadc394c27-137194481391104","trial_id":277,"state":2,"values":[0.3905246858633129],"datetime_complete":"2026-08-20T01:59:57.361392"}
{"op_code":4,"worker_id":"7d95b9da-d28a-4a61-9539-a7cadc394c27-137194481391104","study_id":0,"datetime_start":"2026-08-20T01:59:57.366170"}
{"op_code":5,"worker_id":"7d95b9da-d28a-4a61-9539-a7cadc394c27-137194481391104","trial_id":284,"param_name":"lr","param_value_internal":9.209413184599018e-05,"distribution":"{\"name\": \"FloatDistribution\", \"attributes\": {\"step\": null, \"low\": 5e-06, \"high\": 0.0003, \"log\": true}}"}
{"op_code":5,"worker_id":"7d95b9da-d28a-4a61-9539-a7cadc394c27-137194481391104","trial_id":284,"param_name":"batch_size","param_value_internal":2,"distribution":"{\"name\": \"CategoricalDistribution\", \"attributes\": {\"choices\": [16, 32, 64]}}"}
{"op_code":5,"worker_id":"7d95b9da-d28a-4a61-9539-a7cadc394c27-137194481391104","trial_id":284,"param_name":"weight_decay","param_value_internal":5.9427325697462595e-06,"distribution":"{\"name\": \"FloatDistribution\", \"attributes\": {\"step\": null, \"low\": 1e-06, \"high\": 0.01, \"log\": true}}"}
{"op_code":5,"worker_id":"7d95b9da-d28a-4a61-9539-a7cadc394c27-137194481391104","trial_id":284,"param_name":"dropout","param_value_internal":0.04718627739589798,"distribution":"{\"name\": \"FloatDistribution\", \"attributes\": {\"step\": null, \"low\": 0.0, \"high\": 0.3, \"log\": false}}"}
{"op_code":5,"worker_id":"7d95b9da-d28a-4a61-9539-a7cadc394c27-137194481391104","trial_id":284,"param_name":"patience","param_value_internal":5.0,"distribution":"{\"name\": \"IntDistribution\", \"attributes\": {\"log\": false, \"step\": 1, \"low\": 2, \"high\": 5}}"}
{"op_code":7,"worker_id":"fc071723-94a2-4a86-9e7d-bdfde0c69d2a-140268501722624","trial_id":278,"step":1,"intermediate_value":0.4081531292241152}
{"op_code":6,"worker_id":"fc071723-94a2-4a86-9e7d-bdfde0c69d2a-140268501722624","trial_id":278,"state":2,"values":[0.4081531292241152],"datetime_complete":"2026-08-20T01:59:57.975122"}
{"op_code":7,"worker_id":"9a8b9994-b7f8-45c0-883b-c8a222f6c0d6-137116887188992","trial_id":270,"step":2,"intermediate_value":0.37255770188726445}
{"op_code":6,"worker_id":"9a8b9994-b7f8-45c0-883b-c8a222f6c0d6-137116887188992","trial_id":270,"state":1,"values":[0.37255770188726445],"datetime_complete":"2026-08-20T02:01:06.386583"}
{"op_code":4,"worker_id":"9a8b9994-b7f8-45c0-883b-c8a222f6c0d6-137116887188992","study_id":0,"datetime_start":"2026-08-20T02:01:06.391378"}
{"op_code":5,"worker_id":"9a8b9994-b7f8-45c0-883b-c8a222f6c0d6-137116887188992","trial_id":285,"param_name":"lr","param_value_internal":7.015048289684797e-05,"distribution":"{\"name\": \"FloatDistribution\", \"attributes\": {\"step\": null, \"low\": 5e-06, \"high\": 0.0003, \"log\": true}}"}
{"op_code":5,"worker_id":"9a8b9994-b7f8-45c0-883b-c8a222f6c0d6-137116887188992","trial_id":285,"param_name":"batch_size","param_value_internal":2,"distribution":"{\"name\": \"CategoricalDistribution\", \"attributes\": {\"choices\": [16, 32, 64]}}"}
{"op_code":5,"worker_id":"9a8b9994-b7f8-45c0-883b-c8a222f6c0d6-137116887188992","trial_id":285,"param_name":"weight_decay","param_value_internal":6.240124312053109e-06,"distribution":"{\"name\": \"FloatDistribution\", \"attributes\": {\"step\": null, \"low\": 1e-06, \"high\": 0.01, \"log\": true}}"}
{"op_code":5,"worker_id":"9a8b9994-b7f8-45c0-883b-c8a222f6c0d6-137116887188992","trial_id":285,"param_name":"dropout","param_value_internal":0.08130314196463073,"distribution":"{\"name\": \"FloatDistribution\", \"attributes\": {\"step\": null, \"low\": 0.0, \"high\": 0.3, \"log\": false}}"}
{"op_code":5,"worker_id":"9a8b9994-b7f8-45c0-883b-c8a222f6c0d6-137116887188992","trial_id":285,"param_name":"patience","param_value_internal":5.0,"distribution":"{\"name\": \"IntDistribution\", \"attributes\": {\"log\": false, \"step\": 1, \"low\": 2, \"high\": 5}}"}
{"op_code":7,"worker_id":"d8159b67-1598-4530-8185-0b4e2f627deb-130265049986560","trial_id":280,"step":1,"intermediate_value":0.3833706456232278}
{"op_code":6,"worker_id":"d8159b67-1598-4530-8185-0b4e2f627deb-130265049986560","trial_id":280,"state":2,"values":[0.3833706456232278],"datetime_complete":"2026-08-20T02:01:28.508954"}
{"op_code":4,"worker_id":"d8159b67-1598-4530-8185-0b4e2f627deb-130265049986560","study_id":0,"datetime_start":"2026-08-20T02:01:28.513736"}
{"op_code":5,"worker_id":"d8159b67-1598-4530-8185-0b4e2f627deb-130265049986560","trial_id":286,"param_name":"lr","param_value_internal":7.211302133580494e-05,"distribution":"{\"name\": \"FloatDistribution\", \"attributes\": {\"step\": null, \"low\": 5e-06, \"high\": 0.0003, \"log\": true}}"}
{"op_code":5,"worker_id":"d8159b67-1598-4530-8185-0b4e2f627deb-130265049986560","trial_id":286,"param_name":"batch_size","param_value_internal":0,"distribution":"{\"name\": \"CategoricalDistribution\", \"attributes\": {\"choices\": [16, 32, 64]}}"}
{"op_code":5,"worker_id":"d8159b67-1598-4530-8185-0b4e2f627deb-130265049986560","trial_id":286,"param_name":"weight_decay","param_value_internal":6.135379985076377e-06,"distribution":"{\"name\": \"FloatDistribution\", \"attributes\": {\"step\": null, \"low\": 1e-06, \"high\": 0.01, \"log\": true}}"}
{"op_code":5,"worker_id":"d8159b67-1598-4530-8185-0b4e2f627deb-130265049986560","trial_id":286,"param_name":"dropout","param_value_internal":0.0823227840860284,"distribution":"{\"name\": \"FloatDistribution\", \"attributes\": {\"step\": null, \"low\": 0.0, \"high\": 0.3, \"log\": false}}"}
{"op_code":5,"worker_id":"d8159b67-1598-4530-8185-0b4e2f627deb-130265049986560","trial_id":286,"param_name":"patience","param_value_internal":5.0,"distribution":"{\"name\": \"IntDistribution\", \"attributes\": {\"log\": false, \"step\": 1, \"low\": 2, \"high\": 5}}"}
{"op_code":7,"worker_id":"9e97f2a5-d018-4804-af09-446e3f976f45-127331980781056","trial_id":279,"step":1,"intermediate_value":0.385727509312289}
{"op_code":6,"worker_id":"9e97f2a5-d018-4804-af09-446e3f976f45-127331980781056","trial_id":279,"state":2,"values":[0.385727509312289],"datetime_complete":"2026-08-20T02:01:39.542514"}
{"op_code":4,"worker_id":"9e97f2a5-d018-4804-af09-446e3f976f45-127331980781056","study_id":0,"datetime_start":"2026-08-20T02:01:39.547223"}
{"op_code":5,"worker_id":"9e97f2a5-d018-4804-af09-446e3f976f45-127331980781056","trial_id":287,"param_name":"lr","param_value_internal":9.01239118424862e-05,"distribution":"{\"name\": \"FloatDistribution\", \"attributes\": {\"step\": null, \"low\": 5e-06, \"high\": 0.0003, \"log\": true}}"}
{"op_code":5,"worker_id":"9e97f2a5-d018-4804-af09-446e3f976f45-127331980781056","trial_id":287,"param_name":"batch_size","param_value_internal":0,"distribution":"{\"name\": \"CategoricalDistribution\", \"attributes\": {\"choices\": [16, 32, 64]}}"}
{"op_code":5,"worker_id":"9e97f2a5-d018-4804-af09-446e3f976f45-127331980781056","trial_id":287,"param_name":"weight_decay","param_value_internal":6.420266939953858e-06,"distribution":"{\"name\": \"FloatDistribution\", \"attributes\": {\"step\": null, \"low\": 1e-06, \"high\": 0.01, \"log\": true}}"}
{"op_code":5,"worker_id":"9e97f2a5-d018-4804-af09-446e3f976f45-127331980781056","trial_id":287,"param_name":"dropout","param_value_internal":0.09151383286543983,"distribution":"{\"name\": \"FloatDistribution\", \"attributes\": {\"step\": null, \"low\": 0.0, \"high\": 0.3, \"log\": false}}"}
{"op_code":5,"worker_id":"9e97f2a5-d018-4804-af09-446e3f976f45-127331980781056","trial_id":287,"param_name":"patience","param_value_internal":5.0,"distribution":"{\"name\": \"IntDistribution\", \"attributes\": {\"log\": false, \"step\": 1, \"low\": 2, \"high\": 5}}"}
{"op_code":7,"worker_id":"86638fb0-284c-4fe6-bb33-ee29d2adb3be-137621019616768","trial_id":282,"step":1,"intermediate_value":0.4105450599526004}
{"op_code":6,"worker_id":"86638fb0-284c-4fe6-bb33-ee29d2adb3be-137621019616768","trial_id":282,"state":2,"values":[0.4105450599526004],"datetime_complete":"2026-08-20T02:01:45.404921"}
{"op_code":4,"worker_id":"86638fb0-284c-4fe6-bb33-ee29d2adb3be-137621019616768","study_id":0,"datetime_start":"2026-08-20T02:01:45.409748"}
{"op_code":5,"worker_id":"86638fb0-284c-4fe6-bb33-ee29d2adb3be-137621019616768","trial_id":288,"param_name":"lr","param_value_internal":9.140785584628165e-05,"distribution":"{\"name\": \"FloatDistribution\", \"attributes\": {\"step\": null, \"low\": 5e-06, \"high\": 0.0003, \"log\": true}}"}
{"op_code":5,"worker_id":"86638fb0-284c-4fe6-bb33-ee29d2adb3be-137621019616768","trial_id":288,"param_name":"batch_size","param_value_internal":1,"distribution":"{\"name\": \"CategoricalDistribution\", \"attributes\": {\"choices\": [16, 32, 64]}}"}
{"op_code":5,"worker_id":"86638fb0-284c-4fe6-bb33-ee29d2adb3be-137621019616768","trial_id":288,"param_name":"weight_decay","param_value_internal":4.508798309159813e-06,"distribution":"{\"name\": \"FloatDistribution\", \"attributes\": {\"step\": null, \"low\": 1e-06, \"high\": 0.01, \"log\": true}}"}
{"op_code":5,"worker_id":"86638fb0-284c-4fe6-bb33-ee29d2adb3be-137621019616768","trial_id":288,"param_name":"dropout","param_value_internal":0.0833696098768878,"distribution":"{\"name\": \"FloatDistribution\", \"attributes\": {\"step\": null, \"low\": 0.0, \"high\": 0.3, \"log\": false}}"}
{"op_code":5,"worker_id":"86638fb0-284c-4fe6-bb33-ee29d2adb3be-137621019616768","trial_id":288,"param_name":"patience","param_value_internal":5.0,"distribution":"{\"name\": \"IntDistribution\", \"attributes\": {\"log\": false, \"step\": 1, \"low\": 2, \"high\": 5}}"}
{"op_code":7,"worker_id":"c2ed5631-5232-4419-9221-7c75593489a3-135269821588992","trial_id":267,"step":2,"intermediate_value":0.3604795887628378}
{"op_code":6,"worker_id":"c2ed5631-5232-4419-9221-7c75593489a3-135269821588992","trial_id":267,"state":1,"values":[0.3604795887628378],"datetime_complete":"2026-08-20T02:01:58.179794"}
{"op_code":4,"worker_id":"c2ed5631-5232-4419-9221-7c75593489a3-135269821588992","study_id":0,"datetime_start":"2026-08-20T02:01:58.184574"}
{"op_code":5,"worker_id":"c2ed5631-5232-4419-9221-7c75593489a3-135269821588992","trial_id":289,"param_name":"lr","param_value_internal":9.192752141681751e-05,"distribution":"{\"name\": \"FloatDistribution\", \"attributes\": {\"step\": null, \"low\": 5e-06, \"high\": 0.0003, \"log\": true}}"}
{"op_code":5,"worker_id":"c2ed5631-5232-4419-9221-7c75593489a3-135269821588992","trial_id":289,"param_name":"batch_size","param_value_internal":0,"distribution":"{\"name\": \"CategoricalDistribution\", \"attributes\": {\"choices\": [16, 32, 64]}}"}
{"op_code":5,"worker_id":"c2ed5631-5232-4419-9221-7c75593489a3-135269821588992","trial_id":289,"param_name":"weight_decay","param_value_internal":4.509026184360265e-06,"distribution":"{\"name\": \"FloatDistribution\", \"attributes\": {\"step\": null, \"low\": 1e-06, \"high\": 0.01, \"log\": true}}"}
{"op_code":5,"worker_id":"c2ed5631-5232-4419-9221-7c75593489a3-135269821588992","trial_id":289,"param_name":"dropout","param_value_internal":0.09131364220819653,"distribution":"{\"name\": \"FloatDistribution\", \"attributes\": {\"step\": null, \"low\": 0.0, \"high\": 0.3, \"log\": false}}"}
{"op_code":5,"worker_id":"c2ed5631-5232-4419-9221-7c75593489a3-135269821588992","trial_id":289,"param_name":"patience","param_value_internal":5.0,"distribution":"{\"name\": \"IntDistribution\", \"attributes\": {\"log\": false, \"step\": 1, \"low\": 2, \"high\": 5}}"}
{"op_code":7,"worker_id":"40bc7db2-faeb-462c-8398-1aab030ed339-128154193819136","trial_id":271,"step":2,"intermediate_value":0.36008446189906207}
{"op_code":6,"worker_id":"40bc7db2-faeb-462c-8398-1aab030ed339-128154193819136","trial_id":271,"state":1,"values":[0.36008446189906207],"datetime_complete":"2026-08-20T02:02:17.786780"}
{"op_code":4,"worker_id":"40bc7db2-faeb-462c-8398-1aab030ed339-128154193819136","study_id":0,"datetime_start":"2026-08-20T02:02:17.791825"}
{"op_code":5,"worker_id":"40bc7db2-faeb-462c-8398-1aab030ed339-128154193819136","trial_id":290,"param_name":"lr","param_value_internal":9.0922583704881e-05,"distribution":"{\"name\": \"FloatDistribution\", \"attributes\": {\"step\": null, \"low\": 5e-06, \"high\": 0.0003, \"log\": true}}"}
{"op_code":5,"worker_id":"40bc7db2-faeb-462c-8398-1aab030ed339-128154193819136","trial_id":290,"param_name":"batch_size","param_value_internal":0,"distribution":"{\"name\": \"CategoricalDistribution\", \"attributes\": {\"choices\": [16, 32, 64]}}"}
{"op_code":5,"worker_id":"40bc7db2-faeb-462c-8398-1aab030ed339-128154193819136","trial_id":290,"param_name":"weight_decay","param_value_internal":4.183638858590986e-06,"distribution":"{\"name\": \"FloatDistribution\", \"attributes\": {\"step\": null, \"low\": 1e-06, \"high\": 0.01, \"log\": true}}"}
{"op_code":5,"worker_id":"40bc7db2-faeb-462c-8398-1aab030ed339-128154193819136","trial_id":290,"param_name":"dropout","param_value_internal":0.09150219631568131,"distribution":"{\"name\": \"FloatDistribution\", \"attributes\": {\"step\": null, \"low\": 0.0, \"high\": 0.3, \"log\": false}}"}
{"op_code":5,"worker_id":"40bc7db2-faeb-462c-8398-1aab030ed339-128154193819136","trial_id":290,"param_name":"patience","param_value_internal":5.0,"distribution":"{\"name\": \"IntDistribution\", \"attributes\": {\"log\": false, \"step\": 1, \"low\": 2, \"high\": 5}}"}
{"op_code":7,"worker_id":"d5d9ede1-bcd4-481f-8816-9f3bfc2ae4f1-130087024510464","trial_id":281,"step":1,"intermediate_value":0.373182583771284}
{"op_code":7,"worker_id":"7d95b9da-d28a-4a61-9539-a7cadc394c27-137194481391104","trial_id":284,"step":1,"intermediate_value":0.39411663901633526}
{"op_code":6,"worker_id":"7d95b9da-d28a-4a61-9539-a7cadc394c27-137194481391104","trial_id":284,"state":2,"values":[0.39411663901633526],"datetime_complete":"2026-08-20T02:03:57.663699"}
{"op_code":7,"worker_id":"8e121434-d455-47e7-a812-6463efa1c5b8-129601631901184","trial_id":283,"step":1,"intermediate_value":0.37670647899338}
{"op_code":6,"worker_id":"8e121434-d455-47e7-a812-6463efa1c5b8-129601631901184","trial_id":283,"state":2,"values":[0.37670647899338],"datetime_complete":"2026-08-20T02:04:43.680290"}
{"op_code":4,"worker_id":"8e121434-d455-47e7-a812-6463efa1c5b8-129601631901184","study_id":0,"datetime_start":"2026-08-20T02:04:43.684989"}
{"op_code":5,"worker_id":"8e121434-d455-47e7-a812-6463efa1c5b8-129601631901184","trial_id":291,"param_name":"lr","param_value_internal":8.674210796415348e-05,"distribution":"{\"name\": \"FloatDistribution\", \"attributes\": {\"step\": null, \"low\": 5e-06, \"high\": 0.0003, \"log\": true}}"}
{"op_code":5,"worker_id":"8e121434-d455-47e7-a812-6463efa1c5b8-129601631901184","trial_id":291,"param_name":"batch_size","param_value_internal":0,"distribution":"{\"name\": \"CategoricalDistribution\", \"attributes\": {\"choices\": [16, 32, 64]}}"}
{"op_code":5,"worker_id":"8e121434-d455-47e7-a812-6463efa1c5b8-129601631901184","trial_id":291,"param_name":"weight_decay","param_value_internal":0.000935860462190486,"distribution":"{\"name\": \"FloatDistribution\", \"attributes\": {\"step\": null, \"low\": 1e-06, \"high\": 0.01, \"log\": true}}"}
{"op_code":5,"worker_id":"8e121434-d455-47e7-a812-6463efa1c5b8-129601631901184","trial_id":291,"param_name":"dropout","param_value_internal":0.091725371048308,"distribution":"{\"name\": \"FloatDistribution\", \"attributes\": {\"step\": null, \"low\": 0.0, \"high\": 0.3, \"log\": false}}"}
{"op_code":5,"worker_id":"8e121434-d455-47e7-a812-6463efa1c5b8-129601631901184","trial_id":291,"param_name":"patience","param_value_internal":5.0,"distribution":"{\"name\": \"IntDistribution\", \"attributes\": {\"log\": false, \"step\": 1, \"low\": 2, \"high\": 5}}"}
{"op_code":7,"worker_id":"c2ed5631-5232-4419-9221-7c75593489a3-135269821588992","trial_id":289,"step":1,"intermediate_value":0.5573480679040496}
{"op_code":6,"worker_id":"c2ed5631-5232-4419-9221-7c75593489a3-135269821588992","trial_id":289,"state":2,"values":[0.5573480679040496],"datetime_complete":"2026-08-20T02:05:18.201278"}
{"op_code":4,"worker_id":"c2ed5631-5232-4419-9221-7c75593489a3-135269821588992","study_id":0,"datetime_start":"2026-08-20T02:05:18.205912"}
{"op_code":5,"worker_id":"c2ed5631-5232-4419-9221-7c75593489a3-135269821588992","trial_id":292,"param_name":"lr","param_value_internal":9.030328932259921e-05,"distribution":"{\"name\": \"FloatDistribution\", \"attributes\": {\"step\": null, \"low\": 5e-06, \"high\": 0.0003, \"log\": true}}"}
{"op_code":5,"worker_id":"c2ed5631-5232-4419-9221-7c75593489a3-135269821588992","trial_id":292,"param_name":"batch_size","param_value_internal":1,"distribution":"{\"name\": \"CategoricalDistribution\", \"attributes\": {\"choices\": [16, 32, 64]}}"}
{"op_code":5,"worker_id":"c2ed5631-5232-4419-9221-7c75593489a3-135269821588992","trial_id":292,"param_name":"weight_decay","param_value_internal":0.0049254715162928555,"distribution":"{\"name\": \"FloatDistribution\", \"attributes\": {\"step\": null, \"low\": 1e-06, \"high\": 0.01, \"log\": true}}"}
{"op_code":5,"worker_id":"c2ed5631-5232-4419-9221-7c75593489a3-135269821588992","trial_id":292,"param_name":"dropout","param_value_internal":0.055586426872718066,"distribution":"{\"name\": \"FloatDistribution\", \"attributes\": {\"step\": null, \"low\": 0.0, \"high\": 0.3, \"log\": false}}"}
{"op_code":5,"worker_id":"c2ed5631-5232-4419-9221-7c75593489a3-135269821588992","trial_id":292,"param_name":"patience","param_value_internal":5.0,"distribution":"{\"name\": \"IntDistribution\", \"attributes\": {\"log\": false, \"step\": 1, \"low\": 2, \"high\": 5}}"}
{"op_code":7,"worker_id":"03390d1d-9dbe-44ea-b50c-8910413720e7-127115480471040","trial_id":276,"step":2,"intermediate_value":0.37088144684383795}
{"op_code":6,"worker_id":"03390d1d-9dbe-44ea-b50c-8910413720e7-127115480471040","trial_id":276,"state":1,"values":[0.37088144684383795],"datetime_complete":"2026-08-20T02:05:22.940792"}
{"op_code":7,"worker_id":"9a8b9994-b7f8-45c0-883b-c8a222f6c0d6-137116887188992","trial_id":285,"step":1,"intermediate_value":0.39392901254482765}
{"op_code":6,"worker_id":"9a8b9994-b7f8-45c0-883b-c8a222f6c0d6-137116887188992","trial_id":285,"state":2,"values":[0.39392901254482765],"datetime_complete":"2026-08-20T02:05:36.649671"}
{"op_code":4,"worker_id":"9a8b9994-b7f8-45c0-883b-c8a222f6c0d6-137116887188992","study_id":0,"datetime_start":"2026-08-20T02:05:36.654330"}
{"op_code":5,"worker_id":"9a8b9994-b7f8-45c0-883b-c8a222f6c0d6-137116887188992","trial_id":293,"param_name":"lr","param_value_internal":9.131894374616387e-05,"distribution":"{\"name\": \"FloatDistribution\", \"attributes\": {\"step\": null, \"low\": 5e-06, \"high\": 0.0003, \"log\": true}}"}
{"op_code":5,"worker_id":"9a8b9994-b7f8-45c0-883b-c8a222f6c0d6-137116887188992","trial_id":293,"param_name":"batch_size","param_value_internal":1,"distribution":"{\"name\": \"CategoricalDistribution\", \"attributes\": {\"choices\": [16, 32, 64]}}"}
{"op_code":5,"worker_id":"9a8b9994-b7f8-45c0-883b-c8a222f6c0d6-137116887188992","trial_id":293,"param_name":"weight_decay","param_value_internal":7.257297545338579e-05,"distribution":"{\"name\": \"FloatDistribution\", \"attributes\": {\"step\": null, \"low\": 1e-06, \"high\": 0.01, \"log\": true}}"}
{"op_code":5,"worker_id":"9a8b9994-b7f8-45c0-883b-c8a222f6c0d6-137116887188992","trial_id":293,"param_name":"dropout","param_value_internal":0.10601471894379738,"distribution":"{\"name\": \"FloatDistribution\", \"attributes\": {\"step\": null, \"low\": 0.0, \"high\": 0.3, \"log\": false}}"}
{"op_code":5,"worker_id":"9a8b9994-b7f8-45c0-883b-c8a222f6c0d6-137116887188992","trial_id":293,"param_name":"patience","param_value_internal":5.0,"distribution":"{\"name\": \"IntDistribution\", \"attributes\": {\"log\": false, \"step\": 1, \"low\": 2, \"high\": 5}}"}
{"op_code":7,"worker_id":"86638fb0-284c-4fe6-bb33-ee29d2adb3be-137621019616768","trial_id":288,"step":1,"intermediate_value":0.3931727186256324}
{"op_code":6,"worker_id":"86638fb0-284c-4fe6-bb33-ee29d2adb3be-137621019616768","trial_id":288,"state":2,"values":[0.3931727186256324],"datetime_complete":"2026-08-20T02:07:22.946125"}
{"op_code":4,"worker_id":"86638fb0-284c-4fe6-bb33-ee29d2adb3be-137621019616768","study_id":0,"datetime_start":"2026-08-20T02:07:22.951181"}
{"op_code":5,"worker_id":"86638fb0-284c-4fe6-bb33-ee29d2adb3be-137621019616768","trial_id":294,"param_name":"lr","param_value_internal":9.09107998145208e-05,"distribution":"{\"name\": \"FloatDistribution\", \"attributes\": {\"step\": null, \"low\": 5e-06, \"high\": 0.0003, \"log\": true}}"}
{"op_code":5,"worker_id":"86638fb0-284c-4fe6-bb33-ee29d2adb3be-137621019616768","trial_id":294,"param_name":"batch_size","param_value_internal":1,"distribution":"{\"name\": \"CategoricalDistribution\", \"attributes\": {\"choices\": [16, 32, 64]}}"}
{"op_code":5,"worker_id":"86638fb0-284c-4fe6-bb33-ee29d2adb3be-137621019616768","trial_id":294,"param_name":"weight_decay","param_value_internal":0.0001696198924830295,"distribution":"{\"name\": \"FloatDistribution\", \"attributes\": {\"step\": null, \"low\": 1e-06, \"high\": 0.01, \"log\": true}}"}
{"op_code":5,"worker_id":"86638fb0-284c-4fe6-bb33-ee29d2adb3be-137621019616768","trial_id":294,"param_name":"dropout","param_value_internal":0.10246039482994104,"distribution":"{\"name\": \"FloatDistribution\", \"attributes\": {\"step\": null, \"low\": 0.0, \"high\": 0.3, \"log\": false}}"}
{"op_code":5,"worker_id":"86638fb0-284c-4fe6-bb33-ee29d2adb3be-137621019616768","trial_id":294,"param_name":"patience","param_value_internal":5.0,"distribution":"{\"name\": \"IntDistribution\", \"attributes\": {\"log\": false, \"step\": 1, \"low\": 2, \"high\": 5}}"}
{"op_code":7,"worker_id":"9e97f2a5-d018-4804-af09-446e3f976f45-127331980781056","trial_id":287,"step":1,"intermediate_value":0.40319492024620596}
{"op_code":6,"worker_id":"9e97f2a5-d018-4804-af09-446e3f976f45-127331980781056","trial_id":287,"state":2,"values":[0.40319492024620596],"datetime_complete":"2026-08-20T02:07:35.317931"}
{"op_code":4,"worker_id":"9e97f2a5-d018-4804-af09-446e3f976f45-127331980781056","study_id":0,"datetime_start":"2026-08-20T02:07:35.322774"}
{"op_code":5,"worker_id":"9e97f2a5-d018-4804-af09-446e3f976f45-127331980781056","trial_id":295,"param_name":"lr","param_value_internal":8.257715404488522e-05,"distribution":"{\"name\": \"FloatDistribution\", \"attributes\": {\"step\": null, \"low\": 5e-06, \"high\": 0.0003, \"log\": true}}"}
{"op_code":5,"worker_id":"9e97f2a5-d018-4804-af09-446e3f976f45-127331980781056","trial_id":295,"param_name":"batch_size","param_value_internal":1,"distribution":"{\"name\": \"CategoricalDistribution\", \"attributes\": {\"choices\": [16, 32, 64]}}"}
{"op_code":5,"worker_id":"9e97f2a5-d018-4804-af09-446e3f976f45-127331980781056","trial_id":295,"param_name":"weight_decay","param_value_internal":3.49309289431091e-06,"distribution":"{\"name\": \"FloatDistribution\", \"attributes\": {\"step\": null, \"low\": 1e-06, \"high\": 0.01, \"log\": true}}"}
{"op_code":5,"worker_id":"9e97f2a5-d018-4804-af09-446e3f976f45-127331980781056","trial_id":295,"param_name":"dropout","param_value_internal":0.058060668053862355,"distribution":"{\"name\": \"FloatDistribution\", \"attributes\": {\"step\": null, \"low\": 0.0, \"high\": 0.3, \"log\": false}}"}
{"op_code":5,"worker_id":"9e97f2a5-d018-4804-af09-446e3f976f45-127331980781056","trial_id":295,"param_name":"patience","param_value_internal":5.0,"distribution":"{\"name\": \"IntDistribution\", \"attributes\": {\"log\": false, \"step\": 1, \"low\": 2, \"high\": 5}}"}
{"op_code":7,"worker_id":"d8159b67-1598-4530-8185-0b4e2f627deb-130265049986560","trial_id":286,"step":1,"intermediate_value":0.3867622405684373}
{"op_code":6,"worker_id":"d8159b67-1598-4530-8185-0b4e2f627deb-130265049986560","trial_id":286,"state":2,"values":[0.3867622405684373],"datetime_complete":"2026-08-20T02:07:45.954335"}
{"op_code":4,"worker_id":"d8159b67-1598-4530-8185-0b4e2f627deb-130265049986560","study_id":0,"datetime_start":"2026-08-20T02:07:45.958763"}
{"op_code":5,"worker_id":"d8159b67-1598-4530-8185-0b4e2f627deb-130265049986560","trial_id":296,"param_name":"lr","param_value_internal":8.247862852114372e-05,"distribution":"{\"name\": \"FloatDistribution\", \"attributes\": {\"step\": null, \"low\": 5e-06, \"high\": 0.0003, \"log\": true}}"}
{"op_code":5,"worker_id":"d8159b67-1598-4530-8185-0b4e2f627deb-130265049986560","trial_id":296,"param_name":"batch_size","param_value_internal":1,"distribution":"{\"name\": \"CategoricalDistribution\", \"attributes\": {\"choices\": [16, 32, 64]}}"}
{"op_code":5,"worker_id":"d8159b67-1598-4530-8185-0b4e2f627deb-130265049986560","trial_id":296,"param_name":"weight_decay","param_value_internal":4.008506470237778e-06,"distribution":"{\"name\": \"FloatDistribution\", \"attributes\": {\"step\": null, \"low\": 1e-06, \"high\": 0.01, \"log\": true}}"}
{"op_code":5,"worker_id":"d8159b67-1598-4530-8185-0b4e2f627deb-130265049986560","trial_id":296,"param_name":"dropout","param_value_internal":0.05691386226467163,"distribution":"{\"name\": \"FloatDistribution\", \"attributes\": {\"step\": null, \"low\": 0.0, \"high\": 0.3, \"log\": false}}"}
{"op_code":5,"worker_id":"d8159b67-1598-4530-8185-0b4e2f627deb-130265049986560","trial_id":296,"param_name":"patience","param_value_internal":5.0,"distribution":"{\"name\": \"IntDistribution\", \"attributes\": {\"log\": false, \"step\": 1, \"low\": 2, \"high\": 5}}"}
{"op_code":7,"worker_id":"40bc7db2-faeb-462c-8398-1aab030ed339-128154193819136","trial_id":290,"step":1,"intermediate_value":0.3886034139720029}
{"op_code":6,"worker_id":"40bc7db2-faeb-462c-8398-1aab030ed339-128154193819136","trial_id":290,"state":2,"values":[0.3886034139720029],"datetime_complete":"2026-08-20T02:08:31.769444"}
{"op_code":4,"worker_id":"40bc7db2-faeb-462c-8398-1aab030ed339-128154193819136","study_id":0,"datetime_start":"2026-08-20T02:08:31.773850"}
{"op_code":5,"worker_id":"40bc7db2-faeb-462c-8398-1aab030ed339-128154193819136","trial_id":297,"param_name":"lr","param_value_internal":8.362062009188123e-05,"distribution":"{\"name\": \"FloatDistribution\", \"attributes\": {\"step\": null, \"low\": 5e-06, \"high\": 0.0003, \"log\": true}}"}
{"op_code":5,"worker_id":"40bc7db2-faeb-462c-8398-1aab030ed339-128154193819136","trial_id":297,"param_name":"batch_size","param_value_internal":1,"distribution":"{\"name\": \"CategoricalDistribution\", \"attributes\": {\"choices\": [16, 32, 64]}}"}
{"op_code":5,"worker_id":"40bc7db2-faeb-462c-8398-1aab030ed339-128154193819136","trial_id":297,"param_name":"weight_decay","param_value_internal":0.006772896965157753,"distribution":"{\"name\": \"FloatDistribution\", \"attributes\": {\"step\": null, \"low\": 1e-06, \"high\": 0.01, \"log\": true}}"}
{"op_code":5,"worker_id":"40bc7db2-faeb-462c-8398-1aab030ed339-128154193819136","trial_id":297,"param_name":"dropout","param_value_internal":0.05559065673748646,"distribution":"{\"name\": \"FloatDistribution\", \"attributes\": {\"step\": null, \"low\": 0.0, \"high\": 0.3, \"log\": false}}"}
{"op_code":5,"worker_id":"40bc7db2-faeb-462c-8398-1aab030ed339-128154193819136","trial_id":297,"param_name":"patience","param_value_internal":5.0,"distribution":"{\"name\": \"IntDistribution\", \"attributes\": {\"log\": false, \"step\": 1, \"low\": 2, \"high\": 5}}"}
{"op_code":7,"worker_id":"d5d9ede1-bcd4-481f-8816-9f3bfc2ae4f1-130087024510464","trial_id":281,"step":2,"intermediate_value":0.37135944129331017}
{"op_code":6,"worker_id":"d5d9ede1-bcd4-481f-8816-9f3bfc2ae4f1-130087024510464","trial_id":281,"state":1,"values":[0.37135944129331017],"datetime_complete":"2026-08-20T02:09:03.504320"}
{"op_code":4,"worker_id":"d5d9ede1-bcd4-481f-8816-9f3bfc2ae4f1-130087024510464","study_id":0,"datetime_start":"2026-08-20T02:09:03.509458"}
{"op_code":5,"worker_id":"d5d9ede1-bcd4-481f-8816-9f3bfc2ae4f1-130087024510464","trial_id":298,"param_name":"lr","param_value_internal":8.351778003176389e-05,"distribution":"{\"name\": \"FloatDistribution\", \"attributes\": {\"step\": null, \"low\": 5e-06, \"high\": 0.0003, \"log\": true}}"}
{"op_code":5,"worker_id":"d5d9ede1-bcd4-481f-8816-9f3bfc2ae4f1-130087024510464","trial_id":298,"param_name":"batch_size","param_value_internal":1,"distribution":"{\"name\": \"CategoricalDistribution\", \"attributes\": {\"choices\": [16, 32, 64]}}"}
{"op_code":5,"worker_id":"d5d9ede1-bcd4-481f-8816-9f3bfc2ae4f1-130087024510464","trial_id":298,"param_name":"weight_decay","param_value_internal":4.1315970249178125e-06,"distribution":"{\"name\": \"FloatDistribution\", \"attributes\": {\"step\": null, \"low\": 1e-06, \"high\": 0.01, \"log\": true}}"}
{"op_code":5,"worker_id":"d5d9ede1-bcd4-481f-8816-9f3bfc2ae4f1-130087024510464","trial_id":298,"param_name":"dropout","param_value_internal":0.10774513817449577,"distribution":"{\"name\": \"FloatDistribution\", \"attributes\": {\"step\": null, \"low\": 0.0, \"high\": 0.3, \"log\": false}}"}
{"op_code":5,"worker_id":"d5d9ede1-bcd4-481f-8816-9f3bfc2ae4f1-130087024510464","trial_id":298,"param_name":"patience","param_value_internal":5.0,"distribution":"{\"name\": \"IntDistribution\", \"attributes\": {\"log\": false, \"step\": 1, \"low\": 2, \"high\": 5}}"}
{"op_code":7,"worker_id":"8e121434-d455-47e7-a812-6463efa1c5b8-129601631901184","trial_id":291,"step":1,"intermediate_value":0.39201057940849915}
{"op_code":6,"worker_id":"8e121434-d455-47e7-a812-6463efa1c5b8-129601631901184","trial_id":291,"state":2,"values":[0.39201057940849915],"datetime_complete":"2026-08-20T02:11:11.377986"}
{"op_code":7,"worker_id":"9a8b9994-b7f8-45c0-883b-c8a222f6c0d6-137116887188992","trial_id":293,"step":1,"intermediate_value":0.38627842826734743}
{"op_code":6,"worker_id":"9a8b9994-b7f8-45c0-883b-c8a222f6c0d6-137116887188992","trial_id":293,"state":2,"values":[0.38627842826734743],"datetime_complete":"2026-08-20T02:11:15.118715"}
{"op_code":4,"worker_id":"9a8b9994-b7f8-45c0-883b-c8a222f6c0d6-137116887188992","study_id":0,"datetime_start":"2026-08-20T02:11:15.123560"}
{"op_code":5,"worker_id":"9a8b9994-b7f8-45c0-883b-c8a222f6c0d6-137116887188992","trial_id":299,"param_name":"lr","param_value_internal":8.158177446419937e-05,"distribution":"{\"name\": \"FloatDistribution\", \"attributes\": {\"step\": null, \"low\": 5e-06, \"high\": 0.0003, \"log\": true}}"}
{"op_code":5,"worker_id":"9a8b9994-b7f8-45c0-883b-c8a222f6c0d6-137116887188992","trial_id":299,"param_name":"batch_size","param_value_internal":1,"distribution":"{\"name\": \"CategoricalDistribution\", \"attributes\": {\"choices\": [16, 32, 64]}}"}
{"op_code":5,"worker_id":"9a8b9994-b7f8-45c0-883b-c8a222f6c0d6-137116887188992","trial_id":299,"param_name":"weight_decay","param_value_internal":3.359101531814421e-06,"distribution":"{\"name\": \"FloatDistribution\", \"attributes\": {\"step\": null, \"low\": 1e-06, \"high\": 0.01, \"log\": true}}"}
{"op_code":5,"worker_id":"9a8b9994-b7f8-45c0-883b-c8a222f6c0d6-137116887188992","trial_id":299,"param_name":"dropout","param_value_internal":0.07478141403582475,"distribution":"{\"name\": \"FloatDistribution\", \"attributes\": {\"step\": null, \"low\": 0.0, \"high\": 0.3, \"log\": false}}"}
{"op_code":5,"worker_id":"9a8b9994-b7f8-45c0-883b-c8a222f6c0d6-137116887188992","trial_id":299,"param_name":"patience","param_value_internal":5.0,"distribution":"{\"name\": \"IntDistribution\", \"attributes\": {\"log\": false, \"step\": 1, \"low\": 2, \"high\": 5}}"}
{"op_code":7,"worker_id":"c2ed5631-5232-4419-9221-7c75593489a3-135269821588992","trial_id":292,"step":1,"intermediate_value":0.38467246751351464}
{"op_code":6,"worker_id":"c2ed5631-5232-4419-9221-7c75593489a3-135269821588992","trial_id":292,"state":2,"values":[0.38467246751351464],"datetime_complete":"2026-08-20T02:11:48.773462"}
{"op_code":4,"worker_id":"c2ed5631-5232-4419-9221-7c75593489a3-135269821588992","study_id":0,"datetime_start":"2026-08-20T02:11:48.778308"}
{"op_code":5,"worker_id":"c2ed5631-5232-4419-9221-7c75593489a3-135269821588992","trial_id":300,"param_name":"lr","param_value_internal":8.4899706495892e-05,"distribution":"{\"name\": \"FloatDistribution\", \"attributes\": {\"step\": null, \"low\": 5e-06, \"high\": 0.0003, \"log\": true}}"}
{"op_code":5,"worker_id":"c2ed5631-5232-4419-9221-7c75593489a3-135269821588992","trial_id":300,"param_name":"batch_size","param_value_internal":1,"distribution":"{\"name\": \"CategoricalDistribution\", \"attributes\": {\"choices\": [16, 32, 64]}}"}
{"op_code":5,"worker_id":"c2ed5631-5232-4419-9221-7c75593489a3-135269821588992","trial_id":300,"param_name":"weight_decay","param_value_internal":0.000119077383400925,"distribution":"{\"name\": \"FloatDistribution\", \"attributes\": {\"step\": null, \"low\": 1e-06, \"high\": 0.01, \"log\": true}}"}
{"op_code":5,"worker_id":"c2ed5631-5232-4419-9221-7c75593489a3-135269821588992","trial_id":300,"param_name":"dropout","param_value_internal":0.0992717779842404,"distribution":"{\"name\": \"FloatDistribution\", \"attributes\": {\"step\": null, \"low\": 0.0, \"high\": 0.3, \"log\": false}}"}
{"op_code":5,"worker_id":"c2ed5631-5232-4419-9221-7c75593489a3-135269821588992","trial_id":300,"param_name":"patience","param_value_internal":5.0,"distribution":"{\"name\": \"IntDistribution\", \"attributes\": {\"log\": false, \"step\": 1, \"low\": 2, \"high\": 5}}"}
{"op_code":7,"worker_id":"9e97f2a5-d018-4804-af09-446e3f976f45-127331980781056","trial_id":295,"step":1,"intermediate_value":0.3814733945144879}
{"op_code":6,"worker_id":"9e97f2a5-d018-4804-af09-446e3f976f45-127331980781056","trial_id":295,"state":2,"values":[0.3814733945144879],"datetime_complete":"2026-08-20T02:13:24.087037"}
{"op_code":7,"worker_id":"40bc7db2-faeb-462c-8398-1aab030ed339-128154193819136","trial_id":297,"step":1,"intermediate_value":0.39355372924977566}
{"op_code":6,"worker_id":"40bc7db2-faeb-462c-8398-1aab030ed339-128154193819136","trial_id":297,"state":2,"values":[0.39355372924977566],"datetime_complete":"2026-08-20T02:13:27.360326"}
{"op_code":4,"worker_id":"40bc7db2-faeb-462c-8398-1aab030ed339-128154193819136","study_id":0,"datetime_start":"2026-08-20T02:13:27.365094"}
{"op_code":5,"worker_id":"40bc7db2-faeb-462c-8398-1aab030ed339-128154193819136","trial_id":301,"param_name":"lr","param_value_internal":0.00010343292965374097,"distribution":"{\"name\": \"FloatDistribution\", \"attributes\": {\"step\": null, \"low\": 5e-06, \"high\": 0.0003, \"log\": true}}"}
{"op_code":5,"worker_id":"40bc7db2-faeb-462c-8398-1aab030ed339-128154193819136","trial_id":301,"param_name":"batch_size","param_value_internal":1,"distribution":"{\"name\": \"CategoricalDistribution\", \"attributes\": {\"choices\": [16, 32, 64]}}"}
{"op_code":5,"worker_id":"40bc7db2-faeb-462c-8398-1aab030ed339-128154193819136","trial_id":301,"param_name":"weight_decay","param_value_internal":0.00011824278687124611,"distribution":"{\"name\": \"FloatDistribution\", \"attributes\": {\"step\": null, \"low\": 1e-06, \"high\": 0.01, \"log\": true}}"}
{"op_code":5,"worker_id":"40bc7db2-faeb-462c-8398-1aab030ed339-128154193819136","trial_id":301,"param_name":"dropout","param_value_internal":0.0757395337706482,"distribution":"{\"name\": \"FloatDistribution\", \"attributes\": {\"step\": null, \"low\": 0.0, \"high\": 0.3, \"log\": false}}"}
{"op_code":5,"worker_id":"40bc7db2-faeb-462c-8398-1aab030ed339-128154193819136","trial_id":301,"param_name":"patience","param_value_internal":5.0,"distribution":"{\"name\": \"IntDistribution\", \"attributes\": {\"log\": false, \"step\": 1, \"low\": 2, \"high\": 5}}"}
{"op_code":7,"worker_id":"d8159b67-1598-4530-8185-0b4e2f627deb-130265049986560","trial_id":296,"step":1,"intermediate_value":0.3775686540912356}
{"op_code":6,"worker_id":"d8159b67-1598-4530-8185-0b4e2f627deb-130265049986560","trial_id":296,"state":2,"values":[0.3775686540912356],"datetime_complete":"2026-08-20T02:13:31.025402"}
{"op_code":4,"worker_id":"d8159b67-1598-4530-8185-0b4e2f627deb-130265049986560","study_id":0,"datetime_start":"2026-08-20T02:13:31.030388"}
{"op_code":5,"worker_id":"d8159b67-1598-4530-8185-0b4e2f627deb-130265049986560","trial_id":302,"param_name":"lr","param_value_internal":9.897344828316904e-05,"distribution":"{\"name\": \"FloatDistribution\", \"attributes\": {\"step\": null, \"low\": 5e-06, \"high\": 0.0003, \"log\": true}}"}
{"op_code":5,"worker_id":"d8159b67-1598-4530-8185-0b4e2f627deb-130265049986560","trial_id":302,"param_name":"batch_size","param_value_internal":1,"distribution":"{\"name\": \"CategoricalDistribution\", \"attributes\": {\"choices\": [16, 32, 64]}}"}
{"op_code":5,"worker_id":"d8159b67-1598-4530-8185-0b4e2f627deb-130265049986560","trial_id":302,"param_name":"weight_decay","param_value_internal":9.719373559388908e-05,"distribution":"{\"name\": \"FloatDistribution\", \"attributes\": {\"step\": null, \"low\": 1e-06, \"high\": 0.01, \"log\": true}}"}
{"op_code":5,"worker_id":"d8159b67-1598-4530-8185-0b4e2f627deb-130265049986560","trial_id":302,"param_name":"dropout","param_value_internal":0.10173067295312886,"distribution":"{\"name\": \"FloatDistribution\", \"attributes\": {\"step\": null, \"low\": 0.0, \"high\": 0.3, \"log\": false}}"}
{"op_code":5,"worker_id":"d8159b67-1598-4530-8185-0b4e2f627deb-130265049986560","trial_id":302,"param_name":"patience","param_value_internal":5.0,"distribution":"{\"name\": \"IntDistribution\", \"attributes\": {\"log\": false, \"step\": 1, \"low\": 2, \"high\": 5}}"}
{"op_code":7,"worker_id":"86638fb0-284c-4fe6-bb33-ee29d2adb3be-137621019616768","trial_id":294,"step":1,"intermediate_value":0.37269078730179106}
{"op_code":7,"worker_id":"d5d9ede1-bcd4-481f-8816-9f3bfc2ae4f1-130087024510464","trial_id":298,"step":1,"intermediate_value":0.3817592770356119}
{"op_code":6,"worker_id":"d5d9ede1-bcd4-481f-8816-9f3bfc2ae4f1-130087024510464","trial_id":298,"state":2,"values":[0.3817592770356119],"datetime_complete":"2026-08-20T02:14:08.655448"}
{"op_code":4,"worker_id":"d5d9ede1-bcd4-481f-8816-9f3bfc2ae4f1-130087024510464","study_id":0,"datetime_start":"2026-08-20T02:14:08.660342"}
{"op_code":5,"worker_id":"d5d9ede1-bcd4-481f-8816-9f3bfc2ae4f1-130087024510464","trial_id":303,"param_name":"lr","param_value_internal":0.00010385631861433927,"distribution":"{\"name\": \"FloatDistribution\", \"attributes\": {\"step\": null, \"low\": 5e-06, \"high\": 0.0003, \"log\": true}}"}
{"op_code":5,"worker_id":"d5d9ede1-bcd4-481f-8816-9f3bfc2ae4f1-130087024510464","trial_id":303,"param_name":"batch_size","param_value_internal":1,"distribution":"{\"name\": \"CategoricalDistribution\", \"attributes\": {\"choices\": [16, 32, 64]}}"}
{"op_code":5,"worker_id":"d5d9ede1-bcd4-481f-8816-9f3bfc2ae4f1-130087024510464","trial_id":303,"param_name":"weight_decay","param_value_internal":3.235209869156966e-06,"distribution":"{\"name\": \"FloatDistribution\", \"attributes\": {\"step\": null, \"low\": 1e-06, \"high\": 0.01, \"log\": true}}"}
{"op_code":5,"worker_id":"d5d9ede1-bcd4-481f-8816-9f3bfc2ae4f1-130087024510464","trial_id":303,"param_name":"dropout","param_value_internal":0.09981914465994651,"distribution":"{\"name\": \"FloatDistribution\", \"attributes\": {\"step\": null, \"low\": 0.0, \"high\": 0.3, \"log\": false}}"}
{"op_code":5,"worker_id":"d5d9ede1-bcd4-481f-8816-9f3bfc2ae4f1-130087024510464","trial_id":303,"param_name":"patience","param_value_internal":5.0,"distribution":"{\"name\": \"IntDistribution\", \"attributes\": {\"log\": false, \"step\": 1, \"low\": 2, \"high\": 5}}"}
{"op_code":7,"worker_id":"c2ed5631-5232-4419-9221-7c75593489a3-135269821588992","trial_id":300,"step":1,"intermediate_value":0.39091720043808975}
{"op_code":6,"worker_id":"c2ed5631-5232-4419-9221-7c75593489a3-135269821588992","trial_id":300,"state":2,"values":[0.39091720043808975],"datetime_complete":"2026-08-20T02:17:27.322861"}
{"op_code":4,"worker_id":"c2ed5631-5232-4419-9221-7c75593489a3-135269821588992","study_id":0,"datetime_start":"2026-08-20T02:17:27.327699"}
{"op_code":5,"worker_id":"c2ed5631-5232-4419-9221-7c75593489a3-135269821588992","trial_id":304,"param_name":"lr","param_value_internal":9.940328679026165e-05,"distribution":"{\"name\": \"FloatDistribution\", \"attributes\": {\"step\": null, \"low\": 5e-06, \"high\": 0.0003, \"log\": true}}"}
{"op_code":5,"worker_id":"c2ed5631-5232-4419-9221-7c75593489a3-135269821588992","trial_id":304,"param_name":"batch_size","param_value_internal":1,"distribution":"{\"name\": \"CategoricalDistribution\", \"attributes\": {\"choices\": [16, 32, 64]}}"}
{"op_code":5,"worker_id":"c2ed5631-5232-4419-9221-7c75593489a3-135269821588992","trial_id":304,"param_name":"weight_decay","param_value_internal":7.049334436442702e-06,"distribution":"{\"name\": \"FloatDistribution\", \"attributes\": {\"step\": null, \"low\": 1e-06, \"high\": 0.01, \"log\": true}}"}
{"op_code":5,"worker_id":"c2ed5631-5232-4419-9221-7c75593489a3-135269821588992","trial_id":304,"param_name":"dropout","param_value_internal":0.19341992377885842,"distribution":"{\"name\": \"FloatDistribution\", \"attributes\": {\"step\": null, \"low\": 0.0, \"high\": 0.3, \"log\": false}}"}
{"op_code":5,"worker_id":"c2ed5631-5232-4419-9221-7c75593489a3-135269821588992","trial_id":304,"param_name":"patience","param_value_internal":5.0,"distribution":"{\"name\": \"IntDistribution\", \"attributes\": {\"log\": false, \"step\": 1, \"low\": 2, \"high\": 5}}"}
{"op_code":7,"worker_id":"9a8b9994-b7f8-45c0-883b-c8a222f6c0d6-137116887188992","trial_id":299,"step":1,"intermediate_value":0.3732383597691333}
{"op_code":7,"worker_id":"d8159b67-1598-4530-8185-0b4e2f627deb-130265049986560","trial_id":302,"step":1,"intermediate_value":0.3632863088669885}
{"op_code":7,"worker_id":"d5d9ede1-bcd4-481f-8816-9f3bfc2ae4f1-130087024510464","trial_id":303,"step":1,"intermediate_value":1.5145003189019326}
{"op_code":6,"worker_id":"d5d9ede1-bcd4-481f-8816-9f3bfc2ae4f1-130087024510464","trial_id":303,"state":2,"values":[1.5145003189019326],"datetime_complete":"2026-08-20T02:18:50.081759"}
{"op_code":7,"worker_id":"40bc7db2-faeb-462c-8398-1aab030ed339-128154193819136","trial_id":301,"step":1,"intermediate_value":0.37722383632178447}
{"op_code":6,"worker_id":"40bc7db2-faeb-462c-8398-1aab030ed339-128154193819136","trial_id":301,"state":2,"values":[0.37722383632178447],"datetime_complete":"2026-08-20T02:19:08.203722"}
{"op_code":7,"worker_id":"86638fb0-284c-4fe6-bb33-ee29d2adb3be-137621019616768","trial_id":294,"step":2,"intermediate_value":0.36895570134586747}
{"op_code":6,"worker_id":"86638fb0-284c-4fe6-bb33-ee29d2adb3be-137621019616768","trial_id":294,"state":1,"values":[0.36895570134586747],"datetime_complete":"2026-08-20T02:20:21.764490"}
{"op_code":4,"worker_id":"86638fb0-284c-4fe6-bb33-ee29d2adb3be-137621019616768","study_id":0,"datetime_start":"2026-08-20T02:20:21.769477"}
{"op_code":5,"worker_id":"86638fb0-284c-4fe6-bb33-ee29d2adb3be-137621019616768","trial_id":305,"param_name":"lr","param_value_internal":9.727693220149432e-05,"distribution":"{\"name\": \"FloatDistribution\", \"attributes\": {\"step\": null, \"low\": 5e-06, \"high\": 0.0003, \"log\": true}}"}
{"op_code":5,"worker_id":"86638fb0-284c-4fe6-bb33-ee29d2adb3be-137621019616768","trial_id":305,"param_name":"batch_size","param_value_internal":1,"distribution":"{\"name\": \"CategoricalDistribution\", \"attributes\": {\"choices\": [16, 32, 64]}}"}
{"op_code":5,"worker_id":"86638fb0-284c-4fe6-bb33-ee29d2adb3be-137621019616768","trial_id":305,"param_name":"weight_decay","param_value_internal":7.199699994932083e-06,"distribution":"{\"name\": \"FloatDistribution\", \"attributes\": {\"step\": null, \"low\": 1e-06, \"high\": 0.01, \"log\": true}}"}
{"op_code":5,"worker_id":"86638fb0-284c-4fe6-bb33-ee29d2adb3be-137621019616768","trial_id":305,"param_name":"dropout","param_value_internal":0.07679503054543804,"distribution":"{\"name\": \"FloatDistribution\", \"attributes\": {\"step\": null, \"low\": 0.0, \"high\": 0.3, \"log\": false}}"}
{"op_code":5,"worker_id":"86638fb0-284c-4fe6-bb33-ee29d2adb3be-137621019616768","trial_id":305,"param_name":"patience","param_value_internal":5.0,"distribution":"{\"name\": \"IntDistribution\", \"attributes\": {\"log\": false, \"step\": 1, \"low\": 2, \"high\": 5}}"}
{"op_code":7,"worker_id":"c2ed5631-5232-4419-9221-7c75593489a3-135269821588992","trial_id":304,"step":1,"intermediate_value":0.40627417451366943}
{"op_code":6,"worker_id":"c2ed5631-5232-4419-9221-7c75593489a3-135269821588992","trial_id":304,"state":2,"values":[0.40627417451366943],"datetime_complete":"2026-08-20T02:23:05.936466"}
{"op_code":4,"worker_id":"c2ed5631-5232-4419-9221-7c75593489a3-135269821588992","study_id":0,"datetime_start":"2026-08-20T02:23:05.941338"}
{"op_code":5,"worker_id":"c2ed5631-5232-4419-9221-7c75593489a3-135269821588992","trial_id":306,"param_name":"lr","param_value_internal":0.00011281634935527443,"distribution":"{\"name\": \"FloatDistribution\", \"attributes\": {\"step\": null, \"low\": 5e-06, \"high\": 0.0003, \"log\": true}}"}
{"op_code":5,"worker_id":"c2ed5631-5232-4419-9221-7c75593489a3-135269821588992","trial_id":306,"param_name":"batch_size","param_value_internal":1,"distribution":"{\"name\": \"CategoricalDistribution\", \"attributes\": {\"choices\": [16, 32, 64]}}"}
{"op_code":5,"worker_id":"c2ed5631-5232-4419-9221-7c75593489a3-135269821588992","trial_id":306,"param_name":"weight_decay","param_value_internal":8.39795616660858e-06,"distribution":"{\"name\": \"FloatDistribution\", \"attributes\": {\"step\": null, \"low\": 1e-06, \"high\": 0.01, \"log\": true}}"}
{"op_code":5,"worker_id":"c2ed5631-5232-4419-9221-7c75593489a3-135269821588992","trial_id":306,"param_name":"dropout","param_value_internal":0.07419573593230988,"distribution":"{\"name\": \"FloatDistribution\", \"attributes\": {\"step\": null, \"low\": 0.0, \"high\": 0.3, \"log\": false}}"}
{"op_code":5,"worker_id":"c2ed5631-5232-4419-9221-7c75593489a3-135269821588992","trial_id":306,"param_name":"patience","param_value_internal":5.0,"distribution":"{\"name\": \"IntDistribution\", \"attributes\": {\"log\": false, \"step\": 1, \"low\": 2, \"high\": 5}}"}
{"op_code":7,"worker_id":"86638fb0-284c-4fe6-bb33-ee29d2adb3be-137621019616768","trial_id":305,"step":1,"intermediate_value":0.4341467178376401}
{"op_code":6,"worker_id":"86638fb0-284c-4fe6-bb33-ee29d2adb3be-137621019616768","trial_id":305,"state":2,"values":[0.4341467178376401],"datetime_complete":"2026-08-20T02:23:49.920102"}
{"op_code":4,"worker_id":"86638fb0-284c-4fe6-bb33-ee29d2adb3be-137621019616768","study_id":0,"datetime_start":"2026-08-20T02:23:49.924922"}
{"op_code":5,"worker_id":"86638fb0-284c-4fe6-bb33-ee29d2adb3be-137621019616768","trial_id":307,"param_name":"lr","param_value_internal":7.285022283381093e-05,"distribution":"{\"name\": \"FloatDistribution\", \"attributes\": {\"step\": null, \"low\": 5e-06, \"high\": 0.0003, \"log\": true}}"}
{"op_code":5,"worker_id":"86638fb0-284c-4fe6-bb33-ee29d2adb3be-137621019616768","trial_id":307,"param_name":"batch_size","param_value_internal":1,"distribution":"{\"name\": \"CategoricalDistribution\", \"attributes\": {\"choices\": [16, 32, 64]}}"}
{"op_code":5,"worker_id":"86638fb0-284c-4fe6-bb33-ee29d2adb3be-137621019616768","trial_id":307,"param_name":"weight_decay","param_value_internal":8.72936563059882e-06,"distribution":"{\"name\": \"FloatDistribution\", \"attributes\": {\"step\": null, \"low\": 1e-06, \"high\": 0.01, \"log\": true}}"}
{"op_code":5,"worker_id":"86638fb0-284c-4fe6-bb33-ee29d2adb3be-137621019616768","trial_id":307,"param_name":"dropout","param_value_internal":0.24792590753529004,"distribution":"{\"name\": \"FloatDistribution\", \"attributes\": {\"step\": null, \"low\": 0.0, \"high\": 0.3, \"log\": false}}"}
{"op_code":5,"worker_id":"86638fb0-284c-4fe6-bb33-ee29d2adb3be-137621019616768","trial_id":307,"param_name":"patience","param_value_internal":5.0,"distribution":"{\"name\": \"IntDistribution\", \"attributes\": {\"log\": false, \"step\": 1, \"low\": 2, \"high\": 5}}"}
{"op_code":7,"worker_id":"d8159b67-1598-4530-8185-0b4e2f627deb-130265049986560","trial_id":302,"step":2,"intermediate_value":0.3559841289455882}
{"op_code":6,"worker_id":"d8159b67-1598-4530-8185-0b4e2f627deb-130265049986560","trial_id":302,"state":1,"values":[0.3559841289455882],"datetime_complete":"2026-08-20T02:24:14.712964"}
{"op_code":4,"worker_id":"d8159b67-1598-4530-8185-0b4e2f627deb-130265049986560","study_id":0,"datetime_start":"2026-08-20T02:24:14.718118"}
{"op_code":5,"worker_id":"d8159b67-1598-4530-8185-0b4e2f627deb-130265049986560","trial_id":308,"param_name":"lr","param_value_internal":0.00011067439515632169,"distribution":"{\"name\": \"FloatDistribution\", \"attributes\": {\"step\": null, \"low\": 5e-06, \"high\": 0.0003, \"log\": true}}"}
{"op_code":5,"worker_id":"d8159b67-1598-4530-8185-0b4e2f627deb-130265049986560","trial_id":308,"param_name":"batch_size","param_value_internal":1,"distribution":"{\"name\": \"CategoricalDistribution\", \"attributes\": {\"choices\": [16, 32, 64]}}"}
{"op_code":5,"worker_id":"d8159b67-1598-4530-8185-0b4e2f627deb-130265049986560","trial_id":308,"param_name":"weight_decay","param_value_internal":8.745161617131648e-06,"distribution":"{\"name\": \"FloatDistribution\", \"attributes\": {\"step\": null, \"low\": 1e-06, \"high\": 0.01, \"log\": true}}"}
{"op_code":5,"worker_id":"d8159b67-1598-4530-8185-0b4e2f627deb-130265049986560","trial_id":308,"param_name":"dropout","param_value_internal":0.012109502061819585,"distribution":"{\"name\": \"FloatDistribution\", \"attributes\": {\"step\": null, \"low\": 0.0, \"high\": 0.3, \"log\": false}}"}
{"op_code":5,"worker_id":"d8159b67-1598-4530-8185-0b4e2f627deb-130265049986560","trial_id":308,"param_name":"patience","param_value_internal":5.0,"distribution":"{\"name\": \"IntDistribution\", \"attributes\": {\"log\": false, \"step\": 1, \"low\": 2, \"high\": 5}}"}
{"op_code":7,"worker_id":"9a8b9994-b7f8-45c0-883b-c8a222f6c0d6-137116887188992","trial_id":299,"step":2,"intermediate_value":0.3599949572729203}
{"op_code":6,"worker_id":"9a8b9994-b7f8-45c0-883b-c8a222f6c0d6-137116887188992","trial_id":299,"state":1,"values":[0.3599949572729203],"datetime_complete":"2026-08-20T02:24:15.887308"}
{"op_code":4,"worker_id":"9a8b9994-b7f8-45c0-883b-c8a222f6c0d6-137116887188992","study_id":0,"datetime_start":"2026-08-20T02:24:15.891861"}
{"op_code":5,"worker_id":"9a8b9994-b7f8-45c0-883b-c8a222f6c0d6-137116887188992","trial_id":309,"param_name":"lr","param_value_internal":0.00011060462222951746,"distribution":"{\"name\": \"FloatDistribution\", \"attributes\": {\"step\": null, \"low\": 5e-06, \"high\": 0.0003, \"log\": true}}"}
{"op_code":5,"worker_id":"9a8b9994-b7f8-45c0-883b-c8a222f6c0d6-137116887188992","trial_id":309,"param_name":"batch_size","param_value_internal":1,"distribution":"{\"name\": \"CategoricalDistribution\", \"attributes\": {\"choices\": [16, 32, 64]}}"}
{"op_code":5,"worker_id":"9a8b9994-b7f8-45c0-883b-c8a222f6c0d6-137116887188992","trial_id":309,"param_name":"weight_decay","param_value_internal":3.0092815550638797e-06,"distribution":"{\"name\": \"FloatDistribution\", \"attributes\": {\"step\": null, \"low\": 1e-06, \"high\": 0.01, \"log\": true}}"}
{"op_code":5,"worker_id":"9a8b9994-b7f8-45c0-883b-c8a222f6c0d6-137116887188992","trial_id":309,"param_name":"dropout","param_value_internal":0.10015476895577206,"distribution":"{\"name\": \"FloatDistribution\", \"attributes\": {\"step\": null, \"low\": 0.0, \"high\": 0.3, \"log\": false}}"}
{"op_code":5,"worker_id":"9a8b9994-b7f8-45c0-883b-c8a222f6c0d6-137116887188992","trial_id":309,"param_name":"patience","param_value_internal":5.0,"distribution":"{\"name\": \"IntDistribution\", \"attributes\": {\"log\": false, \"step\": 1, \"low\": 2, \"high\": 5}}"}
{"op_code":7,"worker_id":"c2ed5631-5232-4419-9221-7c75593489a3-135269821588992","trial_id":306,"step":1,"intermediate_value":0.41982591624674204}
{"op_code":6,"worker_id":"c2ed5631-5232-4419-9221-7c75593489a3-135269821588992","trial_id":306,"state":2,"values":[0.41982591624674204],"datetime_complete":"2026-08-20T02:27:26.524161"}
{"op_code":4,"worker_id":"c2ed5631-5232-4419-9221-7c75593489a3-135269821588992","study_id":0,"datetime_start":"2026-08-20T02:27:26.529165"}
{"op_code":5,"worker_id":"c2ed5631-5232-4419-9221-7c75593489a3-135269821588992","trial_id":310,"param_name":"lr","param_value_internal":9.400598981283821e-05,"distribution":"{\"name\": \"FloatDistribution\", \"attributes\": {\"step\": null, \"low\": 5e-06, \"high\": 0.0003, \"log\": true}}"}
{"op_code":5,"worker_id":"c2ed5631-5232-4419-9221-7c75593489a3-135269821588992","trial_id":310,"param_name":"batch_size","param_value_internal":1,"distribution":"{\"name\": \"CategoricalDistribution\", \"attributes\": {\"choices\": [16, 32, 64]}}"}
{"op_code":5,"worker_id":"c2ed5631-5232-4419-9221-7c75593489a3-135269821588992","trial_id":310,"param_name":"weight_decay","param_value_internal":3.0945233519065077e-06,"distribution":"{\"name\": \"FloatDistribution\", \"attributes\": {\"step\": null, \"low\": 1e-06, \"high\": 0.01, \"log\": true}}"}
{"op_code":5,"worker_id":"c2ed5631-5232-4419-9221-7c75593489a3-135269821588992","trial_id":310,"param_name":"dropout","param_value_internal":0.10750395425334544,"distribution":"{\"name\": \"FloatDistribution\", \"attributes\": {\"step\": null, \"low\": 0.0, \"high\": 0.3, \"log\": false}}"}
{"op_code":5,"worker_id":"c2ed5631-5232-4419-9221-7c75593489a3-135269821588992","trial_id":310,"param_name":"patience","param_value_internal":5.0,"distribution":"{\"name\": \"IntDistribution\", \"attributes\": {\"log\": false, \"step\": 1, \"low\": 2, \"high\": 5}}"}
{"op_code":7,"worker_id":"d8159b67-1598-4530-8185-0b4e2f627deb-130265049986560","trial_id":308,"step":1,"intermediate_value":0.3769956368162043}
{"op_code":6,"worker_id":"d8159b67-1598-4530-8185-0b4e2f627deb-130265049986560","trial_id":308,"state":2,"values":[0.3769956368162043],"datetime_complete":"2026-08-20T02:29:59.535009"}
{"op_code":7,"worker_id":"86638fb0-284c-4fe6-bb33-ee29d2adb3be-137621019616768","trial_id":307,"step":1,"intermediate_value":0.381879272864187}
{"op_code":6,"worker_id":"86638fb0-284c-4fe6-bb33-ee29d2adb3be-137621019616768","trial_id":307,"state":2,"values":[0.381879272864187],"datetime_complete":"2026-08-20T02:30:19.363473"}
{"op_code":4,"worker_id":"86638fb0-284c-4fe6-bb33-ee29d2adb3be-137621019616768","study_id":0,"datetime_start":"2026-08-20T02:30:19.368318"}
{"op_code":5,"worker_id":"86638fb0-284c-4fe6-bb33-ee29d2adb3be-137621019616768","trial_id":311,"param_name":"lr","param_value_internal":9.567256834340039e-05,"distribution":"{\"name\": \"FloatDistribution\", \"attributes\": {\"step\": null, \"low\": 5e-06, \"high\": 0.0003, \"log\": true}}"}
{"op_code":5,"worker_id":"86638fb0-284c-4fe6-bb33-ee29d2adb3be-137621019616768","trial_id":311,"param_name":"batch_size","param_value_internal":1,"distribution":"{\"name\": \"CategoricalDistribution\", \"attributes\": {\"choices\": [16, 32, 64]}}"}
{"op_code":5,"worker_id":"86638fb0-284c-4fe6-bb33-ee29d2adb3be-137621019616768","trial_id":311,"param_name":"weight_decay","param_value_internal":0.002167775609719074,"distribution":"{\"name\": \"FloatDistribution\", \"attributes\": {\"step\": null, \"low\": 1e-06, \"high\": 0.01, \"log\": true}}"}
{"op_code":5,"worker_id":"86638fb0-284c-4fe6-bb33-ee29d2adb3be-137621019616768","trial_id":311,"param_name":"dropout","param_value_internal":0.10766590500258909,"distribution":"{\"name\": \"FloatDistribution\", \"attributes\": {\"step\": null, \"low\": 0.0, \"high\": 0.3, \"log\": false}}"}
{"op_code":5,"worker_id":"86638fb0-284c-4fe6-bb33-ee29d2adb3be-137621019616768","trial_id":311,"param_name":"patience","param_value_internal":5.0,"distribution":"{\"name\": \"IntDistribution\", \"attributes\": {\"log\": false, \"step\": 1, \"low\": 2, \"high\": 5}}"}
{"op_code":7,"worker_id":"9a8b9994-b7f8-45c0-883b-c8a222f6c0d6-137116887188992","trial_id":309,"step":1,"intermediate_value":0.37646186111326496}
{"op_code":6,"worker_id":"9a8b9994-b7f8-45c0-883b-c8a222f6c0d6-137116887188992","trial_id":309,"state":2,"values":[0.37646186111326496],"datetime_complete":"2026-08-20T02:30:46.452987"}
{"op_code":7,"worker_id":"c2ed5631-5232-4419-9221-7c75593489a3-135269821588992","trial_id":310,"step":1,"intermediate_value":0.39623396171186115}
{"op_code":6,"worker_id":"c2ed5631-5232-4419-9221-7c75593489a3-135269821588992","trial_id":310,"state":2,"values":[0.39623396171186115],"datetime_complete":"2026-08-20T02:33:31.105339"}
{"op_code":7,"worker_id":"86638fb0-284c-4fe6-bb33-ee29d2adb3be-137621019616768","trial_id":311,"step":1,"intermediate_value":0.37863313677625854}
{"op_code":6,"worker_id":"86638fb0-284c-4fe6-bb33-ee29d2adb3be-137621019616768","trial_id":311,"state":2,"values":[0.37863313677625854],"datetime_complete":"2026-08-20T02:36:48.792811"}
