{"op_code":0,"worker_id":"1eac8271-c97f-4973-a60a-3164527c77cb-134904042616320","study_name":"stageA-baseline","directions":[1]}
{"op_code":0,"worker_id":"cf7d6830-0a8e-4deb-b770-6b1feb3e3282-133716344071680","study_name":"stageA-baseline","directions":[1]}
{"op_code":0,"worker_id":"e76d18ae-e53a-4ecb-ae63-890896211a3e-132460121368064","study_name":"stageA-baseline","directions":[1]}
{"op_code":4,"worker_id":"1eac8271-c97f-4973-a60a-3164527c77cb-134904042616320","study_id":0,"datetime_start":"2026-08-20T10:05:56.193587"}
{"op_code":5,"worker_id":"1eac8271-c97f-4973-a60a-3164527c77cb-134904042616320","trial_id":0,"param_name":"lr","param_value_internal":0.00027959532778712816,"distribution":"{\"name\": \"FloatDistribution\", \"attributes\": {\"step\": null, \"low\": 5e-06, \"high\": 0.0003, \"log\": true}}"}
{"op_code":4,"worker_id":"cf7d6830-0a8e-4deb-b770-6b1feb3e3282-133716344071680","study_id":0,"datetime_start":"2026-08-20T10:05:56.202461"}
{"op_code":5,"worker_id":"1eac8271-c97f-4973-a60a-3164527c77cb-134904042616320","trial_id":0,"param_name":"batch_size","param_value_internal":0,"distribution":"{\"name\": \"CategoricalDistribution\", \"attributes\": {\"choices\": [16, 32, 64]}}"}
{"op_code":5,"worker_id":"cf7d6830-0a8e-4deb-b770-6b1feb3e3282-133716344071680","trial_id":1,"param_name":"lr","param_value_internal":1.6042764874124422e-05,"distribution":"{\"name\": \"FloatDistribution\", \"attributes\": {\"step\": null, \"low\": 5e-06, \"high\": 0.0003, \"log\": true}}"}
{"op_code":4,"worker_id":"e76d18ae-e53a-4ecb-ae63-890896211a3e-132460121368064","study_id":0,"datetime_start":"2026-08-20T10:05:56.213659"}
{"op_code":5,"worker_id":"1eac8271-c97f-4973-a60a-3164527c77cb-134904042616320","trial_id":0,"param_name":"weight_decay","param_value_internal":1.0702845137503322e-05,"distribution":"{\"name\": \"FloatDistribution\", \"attributes\": {\"step\": null, \"low\": 1e-06, \"high\": 0.01, \"log\": true}}"}
{"op_code":5,"worker_id":"e76d18ae-e53a-4ecb-ae63-890896211a3e-132460121368064","trial_id":2,"param_name":"lr","param_value_internal":0.0001447205369324541,"distribution":"{\"name\": \"FloatDistribution\", \"attributes\": {\"step\": null, \"low\": 5e-06, \"high\": 0.0003, \"log\": true}}"}
{"op_code":5,"worker_id":"1eac8271-c97f-4973-a60a-3164527c77cb-134904042616320","trial_id":0,"param_name":"dropout","param_value_internal":0.2890588354423247,"distribution":"{\"name\": \"FloatDistribution\", \"attributes\": {\"step\": null, \"low\": 0.0, \"high\": 0.3, \"log\": false}}"}
{"op_code":5,"worker_id":"cf7d6830-0a8e-4deb-b770-6b1feb3e3282-133716344071680","trial_id":1,"param_name":"batch_size","param_value_internal":2,"distribution":"{\"name\": \"CategoricalDistribution\", \"attributes\": {\"choices\": [16, 32, 64]}}"}
{"op_code":5,"worker_id":"1eac8271-c97f-4973-a60a-3164527c77cb-134904042616320","trial_id":0,"param_name":"patience","param_value_internal":3.0,"distribution":"{\"name\": \"IntDistribution\", \"attributes\": {\"log\": false, \"step\": 1, \"low\": 2, \"high\": 5}}"}
{"op_code":5,"worker_id":"cf7d6830-0a8e-4deb-b770-6b1feb3e3282-133716344071680","trial_id":1,"param_name":"weight_decay","param_value_internal":0.005735101187879807,"distribution":"{\"name\": \"FloatDistribution\", \"attributes\": {\"step\": null, \"low\": 1e-06, \"high\": 0.01, \"log\": true}}"}
{"op_code":5,"worker_id":"e76d18ae-e53a-4ecb-ae63-890896211a3e-132460121368064","trial_id":2,"param_name":"batch_size","param_value_internal":1,"distribution":"{\"name\": \"CategoricalDistribution\", \"attributes\": {\"choices\": [16, 32, 64]}}"}
{"op_code":5,"worker_id":"cf7d6830-0a8e-4deb-b770-6b1feb3e3282-133716344071680","trial_id":1,"param_name":"dropout","param_value_internal":0.07952813726909708,"distribution":"{\"name\": \"FloatDistribution\", \"attributes\": {\"step\": null, \"low\": 0.0, \"high\": 0.3, \"log\": false}}"}
{"op_code":0,"worker_id":"b9892336-fae9-4394-9dd3-b03653e12d2a-127267409823232","study_name":"stageA-baseline","directions":[1]}
{"op_code":5,"worker_id":"e76d18ae-e53a-4ecb-ae63-890896211a3e-132460121368064","trial_id":2,"param_name":"weight_decay","param_value_internal":5.86079717794029e-05,"distribution":"{\"name\": \"FloatDistribution\", \"attributes\": {\"step\": null, \"low\": 1e-06, \"high\": 0.01, \"log\": true}}"}
{"op_code":5,"worker_id":"cf7d6830-0a8e-4deb-b770-6b1feb3e3282-133716344071680","trial_id":1,"param_name":"patience","param_value_internal":3.0,"distribution":"{\"name\": \"IntDistribution\", \"attributes\": {\"log\": false, \"step\": 1, \"low\": 2, \"high\": 5}}"}
{"op_code":0,"worker_id":"51636565-2f79-4a6a-a502-2d4d6d3cf543-131262308693504","study_name":"stageA-baseline","directions":[1]}
{"op_code":5,"worker_id":"e76d18ae-e53a-4ecb-ae63-890896211a3e-132460121368064","trial_id":2,"param_name":"dropout","param_value_internal":0.2721039836712742,"distribution":"{\"name\": \"FloatDistribution\", \"attributes\": {\"step\": null, \"low\": 0.0, \"high\": 0.3, \"log\": false}}"}
{"op_code":0,"worker_id":"79fbe97c-198d-4d0e-8786-9813e9be38e9-135126523921920","study_name":"stageA-baseline","directions":[1]}
{"op_code":4,"worker_id":"b9892336-fae9-4394-9dd3-b03653e12d2a-127267409823232","study_id":0,"datetime_start":"2026-08-20T10:05:56.282629"}
{"op_code":5,"worker_id":"e76d18ae-e53a-4ecb-ae63-890896211a3e-132460121368064","trial_id":2,"param_name":"patience","param_value_internal":5.0,"distribution":"{\"name\": \"IntDistribution\", \"attributes\": {\"log\": false, \"step\": 1, \"low\": 2, \"high\": 5}}"}
{"op_code":5,"worker_id":"b9892336-fae9-4394-9dd3-b03653e12d2a-127267409823232","trial_id":3,"param_name":"lr","param_value_internal":3.493060706266748e-05,"distribution":"{\"name\": \"FloatDistribution\", \"attributes\": {\"step\": null, \"low\": 5e-06, \"high\": 0.0003, \"log\": true}}"}
{"op_code":4,"worker_id":"51636565-2f79-4a6a-a502-2d4d6d3cf543-131262308693504","study_id":0,"datetime_start":"2026-08-20T10:05:56.297038"}
{"op_code":0,"worker_id":"d213cdce-6748-4049-a658-73fab6e5aeae-124400399664640","study_name":"stageA-baseline","directions":[1]}
{"op_code":5,"worker_id":"51636565-2f79-4a6a-a502-2d4d6d3cf543-131262308693504","trial_id":4,"param_name":"lr","param_value_internal":0.0001599356907847572,"distribution":"{\"name\": \"FloatDistribution\", \"attributes\": {\"step\": null, \"low\": 5e-06, \"high\": 0.0003, \"log\": true}}"}
{"op_code":4,"worker_id":"79fbe97c-198d-4d0e-8786-9813e9be38e9-135126523921920","study_id":0,"datetime_start":"2026-08-20T10:05:56.312222"}
{"op_code":5,"worker_id":"51636565-2f79-4a6a-a502-2d4d6d3cf543-131262308693504","trial_id":4,"param_name":"batch_size","param_value_internal":1,"distribution":"{\"name\": \"CategoricalDistribution\", \"attributes\": {\"choices\": [16, 32, 64]}}"}
{"op_code":0,"worker_id":"673a5381-68b5-4521-999a-4fc6aba1a482-130671200167424","study_name":"stageA-baseline","directions":[1]}
{"op_code":5,"worker_id":"51636565-2f79-4a6a-a502-2d4d6d3cf543-131262308693504","trial_id":4,"param_name":"weight_decay","param_value_internal":0.0001879359314568746,"distribution":"{\"name\": \"FloatDistribution\", \"attributes\": {\"step\": null, \"low\": 1e-06, \"high\": 0.01, \"log\": true}}"}
{"op_code":5,"worker_id":"b9892336-fae9-4394-9dd3-b03653e12d2a-127267409823232","trial_id":3,"param_name":"batch_size","param_value_internal":1,"distribution":"{\"name\": \"CategoricalDistribution\", \"attributes\": {\"choices\": [16, 32, 64]}}"}
{"op_code":5,"worker_id":"51636565-2f79-4a6a-a502-2d4d6d3cf543-131262308693504","trial_id":4,"param_name":"dropout","param_value_internal":0.07720077961565659,"distribution":"{\"name\": \"FloatDistribution\", \"attributes\": {\"step\": null, \"low\": 0.0, \"high\": 0.3, \"log\": false}}"}
{"op_code":0,"worker_id":"e6c35a08-02fb-4e42-ab73-86fd8adba8db-136264221345280","study_name":"stageA-baseline","directions":[1]}
{"op_code":5,"worker_id":"51636565-2f79-4a6a-a502-2d4d6d3cf543-131262308693504","trial_id":4,"param_name":"patience","param_value_internal":5.0,"distribution":"{\"name\": \"IntDistribution\", \"attributes\": {\"log\": false, \"step\": 1, \"low\": 2, \"high\": 5}}"}
{"op_code":5,"worker_id":"79fbe97c-198d-4d0e-8786-9813e9be38e9-135126523921920","trial_id":5,"param_name":"lr","param_value_internal":7.193011595221426e-06,"distribution":"{\"name\": \"FloatDistribution\", \"attributes\": {\"step\": null, \"low\": 5e-06, \"high\": 0.0003, \"log\": true}}"}
{"op_code":5,"worker_id":"b9892336-fae9-4394-9dd3-b03653e12d2a-127267409823232","trial_id":3,"param_name":"weight_decay","param_value_internal":2.2231607468916935e-06,"distribution":"{\"name\": \"FloatDistribution\", \"attributes\": {\"step\": null, \"low\": 1e-06, \"high\": 0.01, \"log\": true}}"}
{"op_code":0,"worker_id":"fa5194fe-09ec-4cab-b26f-7ccc891e7020-124730445026816","study_name":"stageA-baseline","directions":[1]}
{"op_code":5,"worker_id":"79fbe97c-198d-4d0e-8786-9813e9be38e9-135126523921920","trial_id":5,"param_name":"batch_size","param_value_internal":1,"distribution":"{\"name\": \"CategoricalDistribution\", \"attributes\": {\"choices\": [16, 32, 64]}}"}
{"op_code":0,"worker_id":"37e8bd16-9218-40bf-99f3-4fa1a708a5c3-131637758723584","study_name":"stageA-baseline","directions":[1]}
{"op_code":4,"worker_id":"673a5381-68b5-4521-999a-4fc6aba1a482-130671200167424","study_id":0,"datetime_start":"2026-08-20T10:05:56.348979"}
{"op_code":4,"worker_id":"e6c35a08-02fb-4e42-ab73-86fd8adba8db-136264221345280","study_id":0,"datetime_start":"2026-08-20T10:05:56.365535"}
{"op_code":5,"worker_id":"673a5381-68b5-4521-999a-4fc6aba1a482-130671200167424","trial_id":6,"param_name":"lr","param_value_internal":2.924953199839635e-05,"distribution":"{\"name\": \"FloatDistribution\", \"attributes\": {\"step\": null, \"low\": 5e-06, \"high\": 0.0003, \"log\": true}}"}
{"op_code":5,"worker_id":"e6c35a08-02fb-4e42-ab73-86fd8adba8db-136264221345280","trial_id":7,"param_name":"lr","param_value_internal":1.6298418605375212e-05,"distribution":"{\"name\": \"FloatDistribution\", \"attributes\": {\"step\": null, \"low\": 5e-06, \"high\": 0.0003, \"log\": true}}"}
{"op_code":4,"worker_id":"d213cdce-6748-4049-a658-73fab6e5aeae-124400399664640","study_id":0,"datetime_start":"2026-08-20T10:05:56.332848"}
{"op_code":5,"worker_id":"e6c35a08-02fb-4e42-ab73-86fd8adba8db-136264221345280","trial_id":7,"param_name":"batch_size","param_value_internal":1,"distribution":"{\"name\": \"CategoricalDistribution\", \"attributes\": {\"choices\": [16, 32, 64]}}"}
{"op_code":5,"worker_id":"673a5381-68b5-4521-999a-4fc6aba1a482-130671200167424","trial_id":6,"param_name":"batch_size","param_value_internal":2,"distribution":"{\"name\": \"CategoricalDistribution\", \"attributes\": {\"choices\": [16, 32, 64]}}"}
{"op_code":4,"worker_id":"fa5194fe-09ec-4cab-b26f-7ccc891e7020-124730445026816","study_id":0,"datetime_start":"2026-08-20T10:05:56.382344"}
{"op_code":5,"worker_id":"673a5381-68b5-4521-999a-4fc6aba1a482-130671200167424","trial_id":6,"param_name":"weight_decay","param_value_internal":0.0006808643572873003,"distribution":"{\"name\": \"FloatDistribution\", \"attributes\": {\"step\": null, \"low\": 1e-06, \"high\": 0.01, \"log\": true}}"}
{"op_code":5,"worker_id":"d213cdce-6748-4049-a658-73fab6e5aeae-124400399664640","trial_id":8,"param_name":"lr","param_value_internal":0.0002936487125028206,"distribution":"{\"name\": \"FloatDistribution\", \"attributes\": {\"step\": null, \"low\": 5e-06, \"high\": 0.0003, \"log\": true}}"}
{"op_code":5,"worker_id":"e6c35a08-02fb-4e42-ab73-86fd8adba8db-136264221345280","trial_id":7,"param_name":"weight_decay","param_value_internal":0.00045482662977097124,"distribution":"{\"name\": \"FloatDistribution\", \"attributes\": {\"step\": null, \"low\": 1e-06, \"high\": 0.01, \"log\": true}}"}
{"op_code":5,"worker_id":"d213cdce-6748-4049-a658-73fab6e5aeae-124400399664640","trial_id":8,"param_name":"batch_size","param_value_internal":0,"distribution":"{\"name\": \"CategoricalDistribution\", \"attributes\": {\"choices\": [16, 32, 64]}}"}
{"op_code":5,"worker_id":"673a5381-68b5-4521-999a-4fc6aba1a482-130671200167424","trial_id":6,"param_name":"dropout","param_value_internal":0.08033633695262159,"distribution":"{\"name\": \"FloatDistribution\", \"attributes\": {\"step\": null, \"low\": 0.0, \"high\": 0.3, \"log\": false}}"}
{"op_code":5,"worker_id":"79fbe97c-198d-4d0e-8786-9813e9be38e9-135126523921920","trial_id":5,"param_name":"weight_decay","param_value_internal":7.173214685706985e-05,"distribution":"{\"name\": \"FloatDistribution\", \"attributes\": {\"step\": null, \"low\": 1e-06, \"high\": 0.01, \"log\": true}}"}
{"op_code":5,"worker_id":"673a5381-68b5-4521-999a-4fc6aba1a482-130671200167424","trial_id":6,"param_name":"patience","param_value_internal":3.0,"distribution":"{\"name\": \"IntDistribution\", \"attributes\": {\"log\": false, \"step\": 1, \"low\": 2, \"high\": 5}}"}
{"op_code":4,"worker_id":"37e8bd16-9218-40bf-99f3-4fa1a708a5c3-131637758723584","study_id":0,"datetime_start":"2026-08-20T10:05:56.392998"}
{"op_code":5,"worker_id":"fa5194fe-09ec-4cab-b26f-7ccc891e7020-124730445026816","trial_id":9,"param_name":"lr","param_value_internal":5.626548583843557e-05,"distribution":"{\"name\": \"FloatDistribution\", \"attributes\": {\"step\": null, \"low\": 5e-06, \"high\": 0.0003, \"log\": true}}"}
{"op_code":5,"worker_id":"37e8bd16-9218-40bf-99f3-4fa1a708a5c3-131637758723584","trial_id":10,"param_name":"lr","param_value_internal":1.607315218101399e-05,"distribution":"{\"name\": \"FloatDistribution\", \"attributes\": {\"step\": null, \"low\": 5e-06, \"high\": 0.0003, \"log\": true}}"}
{"op_code":5,"worker_id":"e6c35a08-02fb-4e42-ab73-86fd8adba8db-136264221345280","trial_id":7,"param_name":"dropout","param_value_internal":0.27986777161026855,"distribution":"{\"name\": \"FloatDistribution\", \"attributes\": {\"step\": null, \"low\": 0.0, \"high\": 0.3, \"log\": false}}"}
{"op_code":0,"worker_id":"51f74a28-646c-4369-950c-66d750dd622c-131656625030656","study_name":"stageA-baseline","directions":[1]}
{"op_code":5,"worker_id":"e6c35a08-02fb-4e42-ab73-86fd8adba8db-136264221345280","trial_id":7,"param_name":"patience","param_value_internal":4.0,"distribution":"{\"name\": \"IntDistribution\", \"attributes\": {\"log\": false, \"step\": 1, \"low\": 2, \"high\": 5}}"}
{"op_code":5,"worker_id":"79fbe97c-198d-4d0e-8786-9813e9be38e9-135126523921920","trial_id":5,"param_name":"dropout","param_value_internal":0.01568242951495039,"distribution":"{\"name\": \"FloatDistribution\", \"attributes\": {\"step\": null, \"low\": 0.0, \"high\": 0.3, \"log\": false}}"}
{"op_code":5,"worker_id":"fa5194fe-09ec-4cab-b26f-7ccc891e7020-124730445026816","trial_id":9,"param_name":"batch_size","param_value_internal":1,"distribution":"{\"name\": \"CategoricalDistribution\", \"attributes\": {\"choices\": [16, 32, 64]}}"}
{"op_code":5,"worker_id":"79fbe97c-198d-4d0e-8786-9813e9be38e9-135126523921920","trial_id":5,"param_name":"patience","param_value_internal":4.0,"distribution":"{\"name\": \"IntDistribution\", \"attributes\": {\"log\": false, \"step\": 1, \"low\": 2, \"high\": 5}}"}
{"op_code":5,"worker_id":"d213cdce-6748-4049-a658-73fab6e5aeae-124400399664640","trial_id":8,"param_name":"weight_decay","param_value_internal":6.469004756108576e-06,"distribution":"{\"name\": \"FloatDistribution\", \"attributes\": {\"step\": null, \"low\": 1e-06, \"high\": 0.01, \"log\": true}}"}
{"op_code":5,"worker_id":"fa5194fe-09ec-4cab-b26f-7ccc891e7020-124730445026816","trial_id":9,"param_name":"weight_decay","param_value_internal":0.00027819239112242646,"distribution":"{\"name\": \"FloatDistribution\", \"attributes\": {\"step\": null, \"low\": 1e-06, \"high\": 0.01, \"log\": true}}"}
{"op_code":5,"worker_id":"d213cdce-6748-4049-a658-73fab6e5aeae-124400399664640","trial_id":8,"param_name":"dropout","param_value_internal":0.20209140643924475,"distribution":"{\"name\": \"FloatDistribution\", \"attributes\": {\"step\": null, \"low\": 0.0, \"high\": 0.3, \"log\": false}}"}
{"op_code":4,"worker_id":"51f74a28-646c-4369-950c-66d750dd622c-131656625030656","study_id":0,"datetime_start":"2026-08-20T10:05:56.465207"}
{"op_code":5,"worker_id":"d213cdce-6748-4049-a658-73fab6e5aeae-124400399664640","trial_id":8,"param_name":"patience","param_value_internal":3.0,"distribution":"{\"name\": \"IntDistribution\", \"attributes\": {\"log\": false, \"step\": 1, \"low\": 2, \"high\": 5}}"}
{"op_code":5,"worker_id":"fa5194fe-09ec-4cab-b26f-7ccc891e7020-124730445026816","trial_id":9,"param_name":"dropout","param_value_internal":0.044529768943825494,"distribution":"{\"name\": \"FloatDistribution\", \"attributes\": {\"step\": null, \"low\": 0.0, \"high\": 0.3, \"log\": false}}"}
{"op_code":5,"worker_id":"fa5194fe-09ec-4cab-b26f-7ccc891e7020-124730445026816","trial_id":9,"param_name":"patience","param_value_internal":2.0,"distribution":"{\"name\": \"IntDistribution\", \"attributes\": {\"log\": false, \"step\": 1, \"low\": 2, \"high\": 5}}"}
{"op_code":5,"worker_id":"51f74a28-646c-4369-950c-66d750dd622c-131656625030656","trial_id":11,"param_name":"lr","param_value_internal":4.2468917081873184e-05,"distribution":"{\"name\": \"FloatDistribution\", \"attributes\": {\"step\": null, \"low\": 5e-06, \"high\": 0.0003, \"log\": true}}"}
{"op_code":5,"worker_id":"51f74a28-646c-4369-950c-66d750dd622c-131656625030656","trial_id":11,"param_name":"batch_size","param_value_internal":1,"distribution":"{\"name\": \"CategoricalDistribution\", \"attributes\": {\"choices\": [16, 32, 64]}}"}
{"op_code":5,"worker_id":"51f74a28-646c-4369-950c-66d750dd622c-131656625030656","trial_id":11,"param_name":"weight_decay","param_value_internal":0.006910832937773434,"distribution":"{\"name\": \"FloatDistribution\", \"attributes\": {\"step\": null, \"low\": 1e-06, \"high\": 0.01, \"log\": true}}"}
{"op_code":5,"worker_id":"51f74a28-646c-4369-950c-66d750dd622c-131656625030656","trial_id":11,"param_name":"dropout","param_value_internal":0.029498372282119434,"distribution":"{\"name\": \"FloatDistribution\", \"attributes\": {\"step\": null, \"low\": 0.0, \"high\": 0.3, \"log\": false}}"}
{"op_code":5,"worker_id":"b9892336-fae9-4394-9dd3-b03653e12d2a-127267409823232","trial_id":3,"param_name":"dropout","param_value_internal":0.2407803532671086,"distribution":"{\"name\": \"FloatDistribution\", \"attributes\": {\"step\": null, \"low\": 0.0, \"high\": 0.3, \"log\": false}}"}
{"op_code":5,"worker_id":"51f74a28-646c-4369-950c-66d750dd622c-131656625030656","trial_id":11,"param_name":"patience","param_value_internal":5.0,"distribution":"{\"name\": \"IntDistribution\", \"attributes\": {\"log\": false, \"step\": 1, \"low\": 2, \"high\": 5}}"}
{"op_code":5,"worker_id":"b9892336-fae9-4394-9dd3-b03653e12d2a-127267409823232","trial_id":3,"param_name":"patience","param_value_internal":4.0,"distribution":"{\"name\": \"IntDistribution\", \"attributes\": {\"log\": false, \"step\": 1, \"low\": 2, \"high\": 5}}"}
{"op_code":5,"worker_id":"37e8bd16-9218-40bf-99f3-4fa1a708a5c3-131637758723584","trial_id":10,"param_name":"batch_size","param_value_internal":2,"distribution":"{\"name\": \"CategoricalDistribution\", \"attributes\": {\"choices\": [16, 32, 64]}}"}
{"op_code":5,"worker_id":"37e8bd16-9218-40bf-99f3-4fa1a708a5c3-131637758723584","trial_id":10,"param_name":"weight_decay","param_value_internal":0.002224827142294214,"distribution":"{\"name\": \"FloatDistribution\", \"attributes\": {\"step\": null, \"low\": 1e-06, \"high\": 0.01, \"log\": true}}"}
{"op_code":5,"worker_id":"37e8bd16-9218-40bf-99f3-4fa1a708a5c3-131637758723584","trial_id":10,"param_name":"dropout","param_value_internal":0.04609800453732719,"distribution":"{\"name\": \"FloatDistribution\", \"attributes\": {\"step\": null, \"low\": 0.0, \"high\": 0.3, \"log\": false}}"}
{"op_code":5,"worker_id":"37e8bd16-9218-40bf-99f3-4fa1a708a5c3-131637758723584","trial_id":10,"param_name":"patience","param_value_internal":4.0,"distribution":"{\"name\": \"IntDistribution\", \"attributes\": {\"log\": false, \"step\": 1, \"low\": 2, \"high\": 5}}"}
{"op_code":7,"worker_id":"fa5194fe-09ec-4cab-b26f-7ccc891e7020-124730445026816","trial_id":9,"step":1,"intermediate_value":0.45972760555947345}
{"op_code":7,"worker_id":"1eac8271-c97f-4973-a60a-3164527c77cb-134904042616320","trial_id":0,"step":1,"intermediate_value":1.5146958568652558}
{"op_code":7,"worker_id":"fa5194fe-09ec-4cab-b26f-7ccc891e7020-124730445026816","trial_id":9,"step":2,"intermediate_value":0.45747912486944275}
{"op_code":6,"worker_id":"fa5194fe-09ec-4cab-b26f-7ccc891e7020-124730445026816","trial_id":9,"state":1,"values":[0.45747912486944275],"datetime_complete":"2026-08-20T10:09:25.294481"}
{"op_code":4,"worker_id":"fa5194fe-09ec-4cab-b26f-7ccc891e7020-124730445026816","study_id":0,"datetime_start":"2026-08-20T10:09:25.299756"}
{"op_code":5,"worker_id":"fa5194fe-09ec-4cab-b26f-7ccc891e7020-124730445026816","trial_id":12,"param_name":"lr","param_value_internal":8.995858265701277e-05,"distribution":"{\"name\": \"FloatDistribution\", \"attributes\": {\"step\": null, \"low\": 5e-06, \"high\": 0.0003, \"log\": true}}"}
{"op_code":5,"worker_id":"fa5194fe-09ec-4cab-b26f-7ccc891e7020-124730445026816","trial_id":12,"param_name":"batch_size","param_value_internal":1,"distribution":"{\"name\": \"CategoricalDistribution\", \"attributes\": {\"choices\": [16, 32, 64]}}"}
{"op_code":5,"worker_id":"fa5194fe-09ec-4cab-b26f-7ccc891e7020-124730445026816","trial_id":12,"param_name":"weight_decay","param_value_internal":4.530382589319751e-06,"distribution":"{\"name\": \"FloatDistribution\", \"attributes\": {\"step\": null, \"low\": 1e-06, \"high\": 0.01, \"log\": true}}"}
{"op_code":5,"worker_id":"fa5194fe-09ec-4cab-b26f-7ccc891e7020-124730445026816","trial_id":12,"param_name":"dropout","param_value_internal":0.13518566201888688,"distribution":"{\"name\": \"FloatDistribution\", \"attributes\": {\"step\": null, \"low\": 0.0, \"high\": 0.3, \"log\": false}}"}
{"op_code":5,"worker_id":"fa5194fe-09ec-4cab-b26f-7ccc891e7020-124730445026816","trial_id":12,"param_name":"patience","param_value_internal":2.0,"distribution":"{\"name\": \"IntDistribution\", \"attributes\": {\"log\": false, \"step\": 1, \"low\": 2, \"high\": 5}}"}
{"op_code":7,"worker_id":"d213cdce-6748-4049-a658-73fab6e5aeae-124400399664640","trial_id":8,"step":1,"intermediate_value":1.5146051744955147}
{"op_code":7,"worker_id":"673a5381-68b5-4521-999a-4fc6aba1a482-130671200167424","trial_id":6,"step":1,"intermediate_value":0.4115842003776996}
{"op_code":7,"worker_id":"cf7d6830-0a8e-4deb-b770-6b1feb3e3282-133716344071680","trial_id":1,"step":1,"intermediate_value":0.4720122243000158}
{"op_code":7,"worker_id":"51636565-2f79-4a6a-a502-2d4d6d3cf543-131262308693504","trial_id":4,"step":1,"intermediate_value":0.4138510260515816}
{"op_code":7,"worker_id":"fa5194fe-09ec-4cab-b26f-7ccc891e7020-124730445026816","trial_id":12,"step":1,"intermediate_value":0.45978248469894784}
{"op_code":7,"worker_id":"79fbe97c-198d-4d0e-8786-9813e9be38e9-135126523921920","trial_id":5,"step":1,"intermediate_value":0.4653330868656302}
{"op_code":7,"worker_id":"e6c35a08-02fb-4e42-ab73-86fd8adba8db-136264221345280","trial_id":7,"step":1,"intermediate_value":0.41773725107705767}
{"op_code":7,"worker_id":"b9892336-fae9-4394-9dd3-b03653e12d2a-127267409823232","trial_id":3,"step":1,"intermediate_value":0.3882692461999649}
{"op_code":7,"worker_id":"51f74a28-646c-4369-950c-66d750dd622c-131656625030656","trial_id":11,"step":1,"intermediate_value":0.3811562970657338}
{"op_code":7,"worker_id":"e76d18ae-e53a-4ecb-ae63-890896211a3e-132460121368064","trial_id":2,"step":1,"intermediate_value":0.3889594677326911}
{"op_code":7,"worker_id":"1eac8271-c97f-4973-a60a-3164527c77cb-134904042616320","trial_id":0,"step":2,"intermediate_value":1.4837092541056087}
{"op_code":6,"worker_id":"1eac8271-c97f-4973-a60a-3164527c77cb-134904042616320","trial_id":0,"state":1,"values":[1.4837092541056087],"datetime_complete":"2026-08-20T10:11:46.046193"}
{"op_code":4,"worker_id":"1eac8271-c97f-4973-a60a-3164527c77cb-134904042616320","study_id":0,"datetime_start":"2026-08-20T10:11:46.051143"}
{"op_code":5,"worker_id":"1eac8271-c97f-4973-a60a-3164527c77cb-134904042616320","trial_id":13,"param_name":"lr","param_value_internal":5.5043795510832754e-06,"distribution":"{\"name\": \"FloatDistribution\", \"attributes\": {\"step\": null, \"low\": 5e-06, \"high\": 0.0003, \"log\": true}}"}
{"op_code":5,"worker_id":"1eac8271-c97f-4973-a60a-3164527c77cb-134904042616320","trial_id":13,"param_name":"batch_size","param_value_internal":0,"distribution":"{\"name\": \"CategoricalDistribution\", \"attributes\": {\"choices\": [16, 32, 64]}}"}
{"op_code":5,"worker_id":"1eac8271-c97f-4973-a60a-3164527c77cb-134904042616320","trial_id":13,"param_name":"weight_decay","param_value_internal":0.005042111827742039,"distribution":"{\"name\": \"FloatDistribution\", \"attributes\": {\"step\": null, \"low\": 1e-06, \"high\": 0.01, \"log\": true}}"}
{"op_code":5,"worker_id":"1eac8271-c97f-4973-a60a-3164527c77cb-134904042616320","trial_id":13,"param_name":"dropout","param_value_internal":0.09692273384051601,"distribution":"{\"name\": \"FloatDistribution\", \"attributes\": {\"step\": null, \"low\": 0.0, \"high\": 0.3, \"log\": false}}"}
{"op_code":5,"worker_id":"1eac8271-c97f-4973-a60a-3164527c77cb-134904042616320","trial_id":13,"param_name":"patience","param_value_internal":5.0,"distribution":"{\"name\": \"IntDistribution\", \"attributes\": {\"log\": false, \"step\": 1, \"low\": 2, \"high\": 5}}"}
{"op_code":7,"worker_id":"37e8bd16-9218-40bf-99f3-4fa1a708a5c3-131637758723584","trial_id":10,"step":1,"intermediate_value":0.4406771511243523}
{"op_code":7,"worker_id":"e76d18ae-e53a-4ecb-ae63-890896211a3e-132460121368064","trial_id":2,"step":2,"intermediate_value":0.9143715595108618}
{"op_code":6,"worker_id":"e76d18ae-e53a-4ecb-ae63-890896211a3e-132460121368064","trial_id":2,"state":1,"values":[0.9143715595108618],"datetime_complete":"2026-08-20T10:14:00.168783"}
{"op_code":4,"worker_id":"e76d18ae-e53a-4ecb-ae63-890896211a3e-132460121368064","study_id":0,"datetime_start":"2026-08-20T10:14:00.173514"}
{"op_code":5,"worker_id":"e76d18ae-e53a-4ecb-ae63-890896211a3e-132460121368064","trial_id":14,"param_name":"lr","param_value_internal":1.3248785998662067e-05,"distribution":"{\"name\": \"FloatDistribution\", \"attributes\": {\"step\": null, \"low\": 5e-06, \"high\": 0.0003, \"log\": true}}"}
{"op_code":5,"worker_id":"e76d18ae-e53a-4ecb-ae63-890896211a3e-132460121368064","trial_id":14,"param_name":"batch_size","param_value_internal":2,"distribution":"{\"name\": \"CategoricalDistribution\", \"attributes\": {\"choices\": [16, 32, 64]}}"}
{"op_code":5,"worker_id":"e76d18ae-e53a-4ecb-ae63-890896211a3e-132460121368064","trial_id":14,"param_name":"weight_decay","param_value_internal":3.6136187234226333e-06,"distribution":"{\"name\": \"FloatDistribution\", \"attributes\": {\"step\": null, \"low\": 1e-06, \"high\": 0.01, \"log\": true}}"}
{"op_code":5,"worker_id":"e76d18ae-e53a-4ecb-ae63-890896211a3e-132460121368064","trial_id":14,"param_name":"dropout","param_value_internal":0.07451305585339185,"distribution":"{\"name\": \"FloatDistribution\", \"attributes\": {\"step\": null, \"low\": 0.0, \"high\": 0.3, \"log\": false}}"}
{"op_code":5,"worker_id":"e76d18ae-e53a-4ecb-ae63-890896211a3e-132460121368064","trial_id":14,"param_name":"patience","param_value_internal":3.0,"distribution":"{\"name\": \"IntDistribution\", \"attributes\": {\"log\": false, \"step\": 1, \"low\": 2, \"high\": 5}}"}
{"op_code":7,"worker_id":"fa5194fe-09ec-4cab-b26f-7ccc891e7020-124730445026816","trial_id":12,"step":2,"intermediate_value":0.4127351970006857}
{"op_code":6,"worker_id":"fa5194fe-09ec-4cab-b26f-7ccc891e7020-124730445026816","trial_id":12,"state":1,"values":[0.4127351970006857],"datetime_complete":"2026-08-20T10:14:28.507951"}
{"op_code":4,"worker_id":"fa5194fe-09ec-4cab-b26f-7ccc891e7020-124730445026816","study_id":0,"datetime_start":"2026-08-20T10:14:28.512930"}
{"op_code":5,"worker_id":"fa5194fe-09ec-4cab-b26f-7ccc891e7020-124730445026816","trial_id":15,"param_name":"lr","param_value_internal":1.0219302270627805e-05,"distribution":"{\"name\": \"FloatDistribution\", \"attributes\": {\"step\": null, \"low\": 5e-06, \"high\": 0.0003, \"log\": true}}"}
{"op_code":5,"worker_id":"fa5194fe-09ec-4cab-b26f-7ccc891e7020-124730445026816","trial_id":15,"param_name":"batch_size","param_value_internal":1,"distribution":"{\"name\": \"CategoricalDistribution\", \"attributes\": {\"choices\": [16, 32, 64]}}"}
{"op_code":5,"worker_id":"fa5194fe-09ec-4cab-b26f-7ccc891e7020-124730445026816","trial_id":15,"param_name":"weight_decay","param_value_internal":0.002591876976414104,"distribution":"{\"name\": \"FloatDistribution\", \"attributes\": {\"step\": null, \"low\": 1e-06, \"high\": 0.01, \"log\": true}}"}
{"op_code":5,"worker_id":"fa5194fe-09ec-4cab-b26f-7ccc891e7020-124730445026816","trial_id":15,"param_name":"dropout","param_value_internal":0.18168080126970307,"distribution":"{\"name\": \"FloatDistribution\", \"attributes\": {\"step\": null, \"low\": 0.0, \"high\": 0.3, \"log\": false}}"}
{"op_code":5,"worker_id":"fa5194fe-09ec-4cab-b26f-7ccc891e7020-124730445026816","trial_id":15,"param_name":"patience","param_value_internal":4.0,"distribution":"{\"name\": \"IntDistribution\", \"attributes\": {\"log\": false, \"step\": 1, \"low\": 2, \"high\": 5}}"}
{"op_code":7,"worker_id":"673a5381-68b5-4521-999a-4fc6aba1a482-130671200167424","trial_id":6,"step":2,"intermediate_value":0.40636621520711536}
{"op_code":6,"worker_id":"673a5381-68b5-4521-999a-4fc6aba1a482-130671200167424","trial_id":6,"state":1,"values":[0.40636621520711536],"datetime_complete":"2026-08-20T10:15:23.118817"}
{"op_code":4,"worker_id":"673a5381-68b5-4521-999a-4fc6aba1a482-130671200167424","study_id":0,"datetime_start":"2026-08-20T10:15:23.123653"}
{"op_code":5,"worker_id":"673a5381-68b5-4521-999a-4fc6aba1a482-130671200167424","trial_id":16,"param_name":"lr","param_value_internal":1.4278873332972149e-05,"distribution":"{\"name\": \"FloatDistribution\", \"attributes\": {\"step\": null, \"low\": 5e-06, \"high\": 0.0003, \"log\": true}}"}
{"op_code":5,"worker_id":"673a5381-68b5-4521-999a-4fc6aba1a482-130671200167424","trial_id":16,"param_name":"batch_size","param_value_internal":0,"distribution":"{\"name\": \"CategoricalDistribution\", \"attributes\": {\"choices\": [16, 32, 64]}}"}
{"op_code":5,"worker_id":"673a5381-68b5-4521-999a-4fc6aba1a482-130671200167424","trial_id":16,"param_name":"weight_decay","param_value_internal":0.0029633186829328088,"distribution":"{\"name\": \"FloatDistribution\", \"attributes\": {\"step\": null, \"low\": 1e-06, \"high\": 0.01, \"log\": true}}"}
{"op_code":5,"worker_id":"673a5381-68b5-4521-999a-4fc6aba1a482-130671200167424","trial_id":16,"param_name":"dropout","param_value_internal":0.22100732843125373,"distribution":"{\"name\": \"FloatDistribution\", \"attributes\": {\"step\": null, \"low\": 0.0, \"high\": 0.3, \"log\": false}}"}
{"op_code":5,"worker_id":"673a5381-68b5-4521-999a-4fc6aba1a482-130671200167424","trial_id":16,"param_name":"patience","param_value_internal":2.0,"distribution":"{\"name\": \"IntDistribution\", \"attributes\": {\"log\": false, \"step\": 1, \"low\": 2, \"high\": 5}}"}
{"op_code":7,"worker_id":"b9892336-fae9-4394-9dd3-b03653e12d2a-127267409823232","trial_id":3,"step":2,"intermediate_value":0.38857353658385574}
{"op_code":6,"worker_id":"b9892336-fae9-4394-9dd3-b03653e12d2a-127267409823232","trial_id":3,"state":1,"values":[0.38857353658385574],"datetime_complete":"2026-08-20T10:15:28.659856"}
{"op_code":4,"worker_id":"b9892336-fae9-4394-9dd3-b03653e12d2a-127267409823232","study_id":0,"datetime_start":"2026-08-20T10:15:28.664813"}
{"op_code":5,"worker_id":"b9892336-fae9-4394-9dd3-b03653e12d2a-127267409823232","trial_id":17,"param_name":"lr","param_value_internal":1.4954989219972866e-05,"distribution":"{\"name\": \"FloatDistribution\", \"attributes\": {\"step\": null, \"low\": 5e-06, \"high\": 0.0003, \"log\": true}}"}
{"op_code":5,"worker_id":"b9892336-fae9-4394-9dd3-b03653e12d2a-127267409823232","trial_id":17,"param_name":"batch_size","param_value_internal":2,"distribution":"{\"name\": \"CategoricalDistribution\", \"attributes\": {\"choices\": [16, 32, 64]}}"}
{"op_code":5,"worker_id":"b9892336-fae9-4394-9dd3-b03653e12d2a-127267409823232","trial_id":17,"param_name":"weight_decay","param_value_internal":0.0011369324925352322,"distribution":"{\"name\": \"FloatDistribution\", \"attributes\": {\"step\": null, \"low\": 1e-06, \"high\": 0.01, \"log\": true}}"}
{"op_code":5,"worker_id":"b9892336-fae9-4394-9dd3-b03653e12d2a-127267409823232","trial_id":17,"param_name":"dropout","param_value_internal":0.06526570398673977,"distribution":"{\"name\": \"FloatDistribution\", \"attributes\": {\"step\": null, \"low\": 0.0, \"high\": 0.3, \"log\": false}}"}
{"op_code":5,"worker_id":"b9892336-fae9-4394-9dd3-b03653e12d2a-127267409823232","trial_id":17,"param_name":"patience","param_value_internal":4.0,"distribution":"{\"name\": \"IntDistribution\", \"attributes\": {\"log\": false, \"step\": 1, \"low\": 2, \"high\": 5}}"}
{"op_code":7,"worker_id":"cf7d6830-0a8e-4deb-b770-6b1feb3e3282-133716344071680","trial_id":1,"step":2,"intermediate_value":0.4494761981285851}
{"op_code":6,"worker_id":"cf7d6830-0a8e-4deb-b770-6b1feb3e3282-133716344071680","trial_id":1,"state":1,"values":[0.4494761981285851],"datetime_complete":"2026-08-20T10:15:31.290092"}
{"op_code":4,"worker_id":"cf7d6830-0a8e-4deb-b770-6b1feb3e3282-133716344071680","study_id":0,"datetime_start":"2026-08-20T10:15:31.294829"}
{"op_code":5,"worker_id":"cf7d6830-0a8e-4deb-b770-6b1feb3e3282-133716344071680","trial_id":18,"param_name":"lr","param_value_internal":3.099355356744111e-05,"distribution":"{\"name\": \"FloatDistribution\", \"attributes\": {\"step\": null, \"low\": 5e-06, \"high\": 0.0003, \"log\": true}}"}
{"op_code":5,"worker_id":"cf7d6830-0a8e-4deb-b770-6b1feb3e3282-133716344071680","trial_id":18,"param_name":"batch_size","param_value_internal":2,"distribution":"{\"name\": \"CategoricalDistribution\", \"attributes\": {\"choices\": [16, 32, 64]}}"}
{"op_code":5,"worker_id":"cf7d6830-0a8e-4deb-b770-6b1feb3e3282-133716344071680","trial_id":18,"param_name":"weight_decay","param_value_internal":0.0006296828662327119,"distribution":"{\"name\": \"FloatDistribution\", \"attributes\": {\"step\": null, \"low\": 1e-06, \"high\": 0.01, \"log\": true}}"}
{"op_code":5,"worker_id":"cf7d6830-0a8e-4deb-b770-6b1feb3e3282-133716344071680","trial_id":18,"param_name":"dropout","param_value_internal":0.2742995349644652,"distribution":"{\"name\": \"FloatDistribution\", \"attributes\": {\"step\": null, \"low\": 0.0, \"high\": 0.3, \"log\": false}}"}
{"op_code":5,"worker_id":"cf7d6830-0a8e-4deb-b770-6b1feb3e3282-133716344071680","trial_id":18,"param_name":"patience","param_value_internal":2.0,"distribution":"{\"name\": \"IntDistribution\", \"attributes\": {\"log\": false, \"step\": 1, \"low\": 2, \"high\": 5}}"}
{"op_code":7,"worker_id":"51f74a28-646c-4369-950c-66d750dd622c-131656625030656","trial_id":11,"step":2,"intermediate_value":0.385169710830336}
{"op_code":6,"worker_id":"51f74a28-646c-4369-950c-66d750dd622c-131656625030656","trial_id":11,"state":1,"values":[0.385169710830336],"datetime_complete":"2026-08-20T10:15:51.449059"}
{"op_code":4,"worker_id":"51f74a28-646c-4369-950c-66d750dd622c-131656625030656","study_id":0,"datetime_start":"2026-08-20T10:15:51.453895"}
{"op_code":5,"worker_id":"51f74a28-646c-4369-950c-66d750dd622c-131656625030656","trial_id":19,"param_name":"lr","param_value_internal":2.59293643794143e-05,"distribution":"{\"name\": \"FloatDistribution\", \"attributes\": {\"step\": null, \"low\": 5e-06, \"high\": 0.0003, \"log\": true}}"}
{"op_code":5,"worker_id":"51f74a28-646c-4369-950c-66d750dd622c-131656625030656","trial_id":19,"param_name":"batch_size","param_value_internal":0,"distribution":"{\"name\": \"CategoricalDistribution\", \"attributes\": {\"choices\": [16, 32, 64]}}"}
{"op_code":5,"worker_id":"51f74a28-646c-4369-950c-66d750dd622c-131656625030656","trial_id":19,"param_name":"weight_decay","param_value_internal":0.002208546324054934,"distribution":"{\"name\": \"FloatDistribution\", \"attributes\": {\"step\": null, \"low\": 1e-06, \"high\": 0.01, \"log\": true}}"}
{"op_code":5,"worker_id":"51f74a28-646c-4369-950c-66d750dd622c-131656625030656","trial_id":19,"param_name":"dropout","param_value_internal":0.07372096546199786,"distribution":"{\"name\": \"FloatDistribution\", \"attributes\": {\"step\": null, \"low\": 0.0, \"high\": 0.3, \"log\": false}}"}
{"op_code":5,"worker_id":"51f74a28-646c-4369-950c-66d750dd622c-131656625030656","trial_id":19,"param_name":"patience","param_value_internal":2.0,"distribution":"{\"name\": \"IntDistribution\", \"attributes\": {\"log\": false, \"step\": 1, \"low\": 2, \"high\": 5}}"}
{"op_code":7,"worker_id":"d213cdce-6748-4049-a658-73fab6e5aeae-124400399664640","trial_id":8,"step":2,"intermediate_value":1.4761084295672404}
{"op_code":6,"worker_id":"d213cdce-6748-4049-a658-73fab6e5aeae-124400399664640","trial_id":8,"state":2,"values":[1.4761084295672404],"datetime_complete":"2026-08-20T10:15:54.861417"}
{"op_code":4,"worker_id":"d213cdce-6748-4049-a658-73fab6e5aeae-124400399664640","study_id":0,"datetime_start":"2026-08-20T10:15:54.866087"}
{"op_code":5,"worker_id":"d213cdce-6748-4049-a658-73fab6e5aeae-124400399664640","trial_id":20,"param_name":"lr","param_value_internal":0.00018624824341400003,"distribution":"{\"name\": \"FloatDistribution\", \"attributes\": {\"step\": null, \"low\": 5e-06, \"high\": 0.0003, \"log\": true}}"}
{"op_code":5,"worker_id":"d213cdce-6748-4049-a658-73fab6e5aeae-124400399664640","trial_id":20,"param_name":"batch_size","param_value_internal":0,"distribution":"{\"name\": \"CategoricalDistribution\", \"attributes\": {\"choices\": [16, 32, 64]}}"}
{"op_code":5,"worker_id":"d213cdce-6748-4049-a658-73fab6e5aeae-124400399664640","trial_id":20,"param_name":"weight_decay","param_value_internal":0.0019013029203778173,"distribution":"{\"name\": \"FloatDistribution\", \"attributes\": {\"step\": null, \"low\": 1e-06, \"high\": 0.01, \"log\": true}}"}
{"op_code":5,"worker_id":"d213cdce-6748-4049-a658-73fab6e5aeae-124400399664640","trial_id":20,"param_name":"dropout","param_value_internal":0.02906895868308766,"distribution":"{\"name\": \"FloatDistribution\", \"attributes\": {\"step\": null, \"low\": 0.0, \"high\": 0.3, \"log\": false}}"}
{"op_code":5,"worker_id":"d213cdce-6748-4049-a658-73fab6e5aeae-124400399664640","trial_id":20,"param_name":"patience","param_value_internal":3.0,"distribution":"{\"name\": \"IntDistribution\", \"attributes\": {\"log\": false, \"step\": 1, \"low\": 2, \"high\": 5}}"}
{"op_code":7,"worker_id":"79fbe97c-198d-4d0e-8786-9813e9be38e9-135126523921920","trial_id":5,"step":2,"intermediate_value":0.4735197064886014}
{"op_code":6,"worker_id":"79fbe97c-198d-4d0e-8786-9813e9be38e9-135126523921920","trial_id":5,"state":2,"values":[0.4735197064886014],"datetime_complete":"2026-08-20T10:16:06.962874"}
{"op_code":4,"worker_id":"79fbe97c-198d-4d0e-8786-9813e9be38e9-135126523921920","study_id":0,"datetime_start":"2026-08-20T10:16:06.967670"}
{"op_code":5,"worker_id":"79fbe97c-198d-4d0e-8786-9813e9be38e9-135126523921920","trial_id":21,"param_name":"lr","param_value_internal":5.307755464033702e-06,"distribution":"{\"name\": \"FloatDistribution\", \"attributes\": {\"step\": null, \"low\": 5e-06, \"high\": 0.0003, \"log\": true}}"}
{"op_code":5,"worker_id":"79fbe97c-198d-4d0e-8786-9813e9be38e9-135126523921920","trial_id":21,"param_name":"batch_size","param_value_internal":0,"distribution":"{\"name\": \"CategoricalDistribution\", \"attributes\": {\"choices\": [16, 32, 64]}}"}
{"op_code":5,"worker_id":"79fbe97c-198d-4d0e-8786-9813e9be38e9-135126523921920","trial_id":21,"param_name":"weight_decay","param_value_internal":0.009613536430832516,"distribution":"{\"name\": \"FloatDistribution\", \"attributes\": {\"step\": null, \"low\": 1e-06, \"high\": 0.01, \"log\": true}}"}
{"op_code":5,"worker_id":"79fbe97c-198d-4d0e-8786-9813e9be38e9-135126523921920","trial_id":21,"param_name":"dropout","param_value_internal":0.15160918965897674,"distribution":"{\"name\": \"FloatDistribution\", \"attributes\": {\"step\": null, \"low\": 0.0, \"high\": 0.3, \"log\": false}}"}
{"op_code":5,"worker_id":"79fbe97c-198d-4d0e-8786-9813e9be38e9-135126523921920","trial_id":21,"param_name":"patience","param_value_internal":5.0,"distribution":"{\"name\": \"IntDistribution\", \"attributes\": {\"log\": false, \"step\": 1, \"low\": 2, \"high\": 5}}"}
{"op_code":7,"worker_id":"51636565-2f79-4a6a-a502-2d4d6d3cf543-131262308693504","trial_id":4,"step":2,"intermediate_value":0.390648093828879}
{"op_code":6,"worker_id":"51636565-2f79-4a6a-a502-2d4d6d3cf543-131262308693504","trial_id":4,"state":1,"values":[0.390648093828879],"datetime_complete":"2026-08-20T10:16:48.027098"}
{"op_code":4,"worker_id":"51636565-2f79-4a6a-a502-2d4d6d3cf543-131262308693504","study_id":0,"datetime_start":"2026-08-20T10:16:48.031726"}
{"op_code":5,"worker_id":"51636565-2f79-4a6a-a502-2d4d6d3cf543-131262308693504","trial_id":22,"param_name":"lr","param_value_internal":3.308741215604045e-05,"distribution":"{\"name\": \"FloatDistribution\", \"attributes\": {\"step\": null, \"low\": 5e-06, \"high\": 0.0003, \"log\": true}}"}
{"op_code":5,"worker_id":"51636565-2f79-4a6a-a502-2d4d6d3cf543-131262308693504","trial_id":22,"param_name":"batch_size","param_value_internal":1,"distribution":"{\"name\": \"CategoricalDistribution\", \"attributes\": {\"choices\": [16, 32, 64]}}"}
{"op_code":5,"worker_id":"51636565-2f79-4a6a-a502-2d4d6d3cf543-131262308693504","trial_id":22,"param_name":"weight_decay","param_value_internal":1.1954400269743087e-06,"distribution":"{\"name\": \"FloatDistribution\", \"attributes\": {\"step\": null, \"low\": 1e-06, \"high\": 0.01, \"log\": true}}"}
{"op_code":5,"worker_id":"51636565-2f79-4a6a-a502-2d4d6d3cf543-131262308693504","trial_id":22,"param_name":"dropout","param_value_internal":0.16893953888558164,"distribution":"{\"name\": \"FloatDistribution\", \"attributes\": {\"step\": null, \"low\": 0.0, \"high\": 0.3, \"log\": false}}"}
{"op_code":5,"worker_id":"51636565-2f79-4a6a-a502-2d4d6d3cf543-131262308693504","trial_id":22,"param_name":"patience","param_value_internal":4.0,"distribution":"{\"name\": \"IntDistribution\", \"attributes\": {\"log\": false, \"step\": 1, \"low\": 2, \"high\": 5}}"}
{"op_code":7,"worker_id":"e6c35a08-02fb-4e42-ab73-86fd8adba8db-136264221345280","trial_id":7,"step":2,"intermediate_value":0.41275286438181985}
{"op_code":6,"worker_id":"e6c35a08-02fb-4e42-ab73-86fd8adba8db-136264221345280","trial_id":7,"state":2,"values":[0.41275286438181985],"datetime_complete":"2026-08-20T10:17:22.180438"}
{"op_code":4,"worker_id":"e6c35a08-02fb-4e42-ab73-86fd8adba8db-136264221345280","study_id":0,"datetime_start":"2026-08-20T10:17:22.185268"}
{"op_code":5,"worker_id":"e6c35a08-02fb-4e42-ab73-86fd8adba8db-136264221345280","trial_id":23,"param_name":"lr","param_value_internal":3.75300874859444e-05,"distribution":"{\"name\": \"FloatDistribution\", \"attributes\": {\"step\": null, \"low\": 5e-06, \"high\": 0.0003, \"log\": true}}"}
{"op_code":5,"worker_id":"e6c35a08-02fb-4e42-ab73-86fd8adba8db-136264221345280","trial_id":23,"param_name":"batch_size","param_value_internal":1,"distribution":"{\"name\": \"CategoricalDistribution\", \"attributes\": {\"choices\": [16, 32, 64]}}"}
{"op_code":5,"worker_id":"e6c35a08-02fb-4e42-ab73-86fd8adba8db-136264221345280","trial_id":23,"param_name":"weight_decay","param_value_internal":1.2231956991731337e-06,"distribution":"{\"name\": \"FloatDistribution\", \"attributes\": {\"step\": null, \"low\": 1e-06, \"high\": 0.01, \"log\": true}}"}
{"op_code":5,"worker_id":"e6c35a08-02fb-4e42-ab73-86fd8adba8db-136264221345280","trial_id":23,"param_name":"dropout","param_value_internal":0.18038692099978437,"distribution":"{\"name\": \"FloatDistribution\", \"attributes\": {\"step\": null, \"low\": 0.0, \"high\": 0.3, \"log\": false}}"}
{"op_code":5,"worker_id":"e6c35a08-02fb-4e42-ab73-86fd8adba8db-136264221345280","trial_id":23,"param_name":"patience","param_value_internal":4.0,"distribution":"{\"name\": \"IntDistribution\", \"attributes\": {\"log\": false, \"step\": 1, \"low\": 2, \"high\": 5}}"}
{"op_code":7,"worker_id":"e76d18ae-e53a-4ecb-ae63-890896211a3e-132460121368064","trial_id":14,"step":1,"intermediate_value":0.48852195998711717}
{"op_code":6,"worker_id":"e76d18ae-e53a-4ecb-ae63-890896211a3e-132460121368064","trial_id":14,"state":2,"values":[0.48852195998711717],"datetime_complete":"2026-08-20T10:18:01.303816"}
{"op_code":4,"worker_id":"e76d18ae-e53a-4ecb-ae63-890896211a3e-132460121368064","study_id":0,"datetime_start":"2026-08-20T10:18:01.308389"}
{"op_code":5,"worker_id":"e76d18ae-e53a-4ecb-ae63-890896211a3e-132460121368064","trial_id":24,"param_name":"lr","param_value_internal":4.086886670609619e-05,"distribution":"{\"name\": \"FloatDistribution\", \"attributes\": {\"step\": null, \"low\": 5e-06, \"high\": 0.0003, \"log\": true}}"}
{"op_code":5,"worker_id":"e76d18ae-e53a-4ecb-ae63-890896211a3e-132460121368064","trial_id":24,"param_name":"batch_size","param_value_internal":1,"distribution":"{\"name\": \"CategoricalDistribution\", \"attributes\": {\"choices\": [16, 32, 64]}}"}
{"op_code":5,"worker_id":"e76d18ae-e53a-4ecb-ae63-890896211a3e-132460121368064","trial_id":24,"param_name":"weight_decay","param_value_internal":1.0586265123242147e-06,"distribution":"{\"name\": \"FloatDistribution\", \"attributes\": {\"step\": null, \"low\": 1e-06, \"high\": 0.01, \"log\": true}}"}
{"op_code":5,"worker_id":"e76d18ae-e53a-4ecb-ae63-890896211a3e-132460121368064","trial_id":24,"param_name":"dropout","param_value_internal":0.17867617386351925,"distribution":"{\"name\": \"FloatDistribution\", \"attributes\": {\"step\": null, \"low\": 0.0, \"high\": 0.3, \"log\": false}}"}
{"op_code":5,"worker_id":"e76d18ae-e53a-4ecb-ae63-890896211a3e-132460121368064","trial_id":24,"param_name":"patience","param_value_internal":4.0,"distribution":"{\"name\": \"IntDistribution\", \"attributes\": {\"log\": false, \"step\": 1, \"low\": 2, \"high\": 5}}"}
{"op_code":7,"worker_id":"1eac8271-c97f-4973-a60a-3164527c77cb-134904042616320","trial_id":13,"step":1,"intermediate_value":0.4571915945945146}
{"op_code":6,"worker_id":"1eac8271-c97f-4973-a60a-3164527c77cb-134904042616320","trial_id":13,"state":2,"values":[0.4571915945945146],"datetime_complete":"2026-08-20T10:18:01.728836"}
{"op_code":4,"worker_id":"1eac8271-c97f-4973-a60a-3164527c77cb-134904042616320","study_id":0,"datetime_start":"2026-08-20T10:18:01.733459"}
{"op_code":5,"worker_id":"1eac8271-c97f-4973-a60a-3164527c77cb-134904042616320","trial_id":25,"param_name":"lr","param_value_internal":4.225775344246521e-05,"distribution":"{\"name\": \"FloatDistribution\", \"attributes\": {\"step\": null, \"low\": 5e-06, \"high\": 0.0003, \"log\": true}}"}
{"op_code":5,"worker_id":"1eac8271-c97f-4973-a60a-3164527c77cb-134904042616320","trial_id":25,"param_name":"batch_size","param_value_internal":1,"distribution":"{\"name\": \"CategoricalDistribution\", \"attributes\": {\"choices\": [16, 32, 64]}}"}
{"op_code":5,"worker_id":"1eac8271-c97f-4973-a60a-3164527c77cb-134904042616320","trial_id":25,"param_name":"weight_decay","param_value_internal":1.0224214714393698e-06,"distribution":"{\"name\": \"FloatDistribution\", \"attributes\": {\"step\": null, \"low\": 1e-06, \"high\": 0.01, \"log\": true}}"}
{"op_code":5,"worker_id":"1eac8271-c97f-4973-a60a-3164527c77cb-134904042616320","trial_id":25,"param_name":"dropout","param_value_internal":0.17777956557985802,"distribution":"{\"name\": \"FloatDistribution\", \"attributes\": {\"step\": null, \"low\": 0.0, \"high\": 0.3, \"log\": false}}"}
{"op_code":5,"worker_id":"1eac8271-c97f-4973-a60a-3164527c77cb-134904042616320","trial_id":25,"param_name":"patience","param_value_internal":4.0,"distribution":"{\"name\": \"IntDistribution\", \"attributes\": {\"log\": false, \"step\": 1, \"low\": 2, \"high\": 5}}"}
{"op_code":7,"worker_id":"37e8bd16-9218-40bf-99f3-4fa1a708a5c3-131637758723584","trial_id":10,"step":2,"intermediate_value":0.4312915734069479}
{"op_code":6,"worker_id":"37e8bd16-9218-40bf-99f3-4fa1a708a5c3-131637758723584","trial_id":10,"state":2,"values":[0.4312915734069479],"datetime_complete":"2026-08-20T10:18:13.696857"}
{"op_code":4,"worker_id":"37e8bd16-9218-40bf-99f3-4fa1a708a5c3-131637758723584","study_id":0,"datetime_start":"2026-08-20T10:18:13.701751"}
{"op_code":5,"worker_id":"37e8bd16-9218-40bf-99f3-4fa1a708a5c3-131637758723584","trial_id":26,"param_name":"lr","param_value_internal":4.390862492774323e-05,"distribution":"{\"name\": \"FloatDistribution\", \"attributes\": {\"step\": null, \"low\": 5e-06, \"high\": 0.0003, \"log\": true}}"}
{"op_code":5,"worker_id":"37e8bd16-9218-40bf-99f3-4fa1a708a5c3-131637758723584","trial_id":26,"param_name":"batch_size","param_value_internal":1,"distribution":"{\"name\": \"CategoricalDistribution\", \"attributes\": {\"choices\": [16, 32, 64]}}"}
{"op_code":5,"worker_id":"37e8bd16-9218-40bf-99f3-4fa1a708a5c3-131637758723584","trial_id":26,"param_name":"weight_decay","param_value_internal":1.2540547938964942e-06,"distribution":"{\"name\": \"FloatDistribution\", \"attributes\": {\"step\": null, \"low\": 1e-06, \"high\": 0.01, \"log\": true}}"}
{"op_code":5,"worker_id":"37e8bd16-9218-40bf-99f3-4fa1a708a5c3-131637758723584","trial_id":26,"param_name":"dropout","param_value_internal":0.17349723115236215,"distribution":"{\"name\": \"FloatDistribution\", \"attributes\": {\"step\": null, \"low\": 0.0, \"high\": 0.3, \"log\": false}}"}
{"op_code":5,"worker_id":"37e8bd16-9218-40bf-99f3-4fa1a708a5c3-131637758723584","trial_id":26,"param_name":"patience","param_value_internal":4.0,"distribution":"{\"name\": \"IntDistribution\", \"attributes\": {\"log\": false, \"step\": 1, \"low\": 2, \"high\": 5}}"}
{"op_code":7,"worker_id":"d213cdce-6748-4049-a658-73fab6e5aeae-124400399664640","trial_id":20,"step":1,"intermediate_value":1.5158619016973847}
{"op_code":6,"worker_id":"d213cdce-6748-4049-a658-73fab6e5aeae-124400399664640","trial_id":20,"state":2,"values":[1.5158619016973847],"datetime_complete":"2026-08-20T10:18:45.693222"}
{"op_code":4,"worker_id":"d213cdce-6748-4049-a658-73fab6e5aeae-124400399664640","study_id":0,"datetime_start":"2026-08-20T10:18:45.697995"}
{"op_code":5,"worker_id":"d213cdce-6748-4049-a658-73fab6e5aeae-124400399664640","trial_id":27,"param_name":"lr","param_value_internal":4.3914053367938324e-05,"distribution":"{\"name\": \"FloatDistribution\", \"attributes\": {\"step\": null, \"low\": 5e-06, \"high\": 0.0003, \"log\": true}}"}
{"op_code":5,"worker_id":"d213cdce-6748-4049-a658-73fab6e5aeae-124400399664640","trial_id":27,"param_name":"batch_size","param_value_internal":1,"distribution":"{\"name\": \"CategoricalDistribution\", \"attributes\": {\"choices\": [16, 32, 64]}}"}
{"op_code":5,"worker_id":"d213cdce-6748-4049-a658-73fab6e5aeae-124400399664640","trial_id":27,"param_name":"weight_decay","param_value_internal":2.682010998625299e-05,"distribution":"{\"name\": \"FloatDistribution\", \"attributes\": {\"step\": null, \"low\": 1e-06, \"high\": 0.01, \"log\": true}}"}
{"op_code":5,"worker_id":"d213cdce-6748-4049-a658-73fab6e5aeae-124400399664640","trial_id":27,"param_name":"dropout","param_value_internal":0.1836501994560735,"distribution":"{\"name\": \"FloatDistribution\", \"attributes\": {\"step\": null, \"low\": 0.0, \"high\": 0.3, \"log\": false}}"}
{"op_code":5,"worker_id":"d213cdce-6748-4049-a658-73fab6e5aeae-124400399664640","trial_id":27,"param_name":"patience","param_value_internal":4.0,"distribution":"{\"name\": \"IntDistribution\", \"attributes\": {\"log\": false, \"step\": 1, \"low\": 2, \"high\": 5}}"}
{"op_code":7,"worker_id":"51f74a28-646c-4369-950c-66d750dd622c-131656625030656","trial_id":19,"step":1,"intermediate_value":0.42374533422873406}
{"op_code":6,"worker_id":"51f74a28-646c-4369-950c-66d750dd622c-131656625030656","trial_id":19,"state":2,"values":[0.42374533422873406],"datetime_complete":"2026-08-20T10:18:47.650862"}
{"op_code":4,"worker_id":"51f74a28-646c-4369-950c-66d750dd622c-131656625030656","study_id":0,"datetime_start":"2026-08-20T10:18:47.655795"}
{"op_code":5,"worker_id":"51f74a28-646c-4369-950c-66d750dd622c-131656625030656","trial_id":28,"param_name":"lr","param_value_internal":4.214389543387757e-05,"distribution":"{\"name\": \"FloatDistribution\", \"attributes\": {\"step\": null, \"low\": 5e-06, \"high\": 0.0003, \"log\": true}}"}
{"op_code":5,"worker_id":"51f74a28-646c-4369-950c-66d750dd622c-131656625030656","trial_id":28,"param_name":"batch_size","param_value_internal":1,"distribution":"{\"name\": \"CategoricalDistribution\", \"attributes\": {\"choices\": [16, 32, 64]}}"}
{"op_code":5,"worker_id":"51f74a28-646c-4369-950c-66d750dd622c-131656625030656","trial_id":28,"param_name":"weight_decay","param_value_internal":1.9405731869887273e-05,"distribution":"{\"name\": \"FloatDistribution\", \"attributes\": {\"step\": null, \"low\": 1e-06, \"high\": 0.01, \"log\": true}}"}
{"op_code":5,"worker_id":"51f74a28-646c-4369-950c-66d750dd622c-131656625030656","trial_id":28,"param_name":"dropout","param_value_internal":0.2005947175991097,"distribution":"{\"name\": \"FloatDistribution\", \"attributes\": {\"step\": null, \"low\": 0.0, \"high\": 0.3, \"log\": false}}"}
{"op_code":5,"worker_id":"51f74a28-646c-4369-950c-66d750dd622c-131656625030656","trial_id":28,"param_name":"patience","param_value_internal":4.0,"distribution":"{\"name\": \"IntDistribution\", \"attributes\": {\"log\": false, \"step\": 1, \"low\": 2, \"high\": 5}}"}
{"op_code":7,"worker_id":"cf7d6830-0a8e-4deb-b770-6b1feb3e3282-133716344071680","trial_id":18,"step":1,"intermediate_value":0.4256890869061527}
{"op_code":6,"worker_id":"cf7d6830-0a8e-4deb-b770-6b1feb3e3282-133716344071680","trial_id":18,"state":2,"values":[0.4256890869061527],"datetime_complete":"2026-08-20T10:19:13.440234"}
{"op_code":4,"worker_id":"cf7d6830-0a8e-4deb-b770-6b1feb3e3282-133716344071680","study_id":0,"datetime_start":"2026-08-20T10:19:13.445010"}
{"op_code":5,"worker_id":"cf7d6830-0a8e-4deb-b770-6b1feb3e3282-133716344071680","trial_id":29,"param_name":"lr","param_value_internal":5.5485412786618256e-05,"distribution":"{\"name\": \"FloatDistribution\", \"attributes\": {\"step\": null, \"low\": 5e-06, \"high\": 0.0003, \"log\": true}}"}
{"op_code":5,"worker_id":"cf7d6830-0a8e-4deb-b770-6b1feb3e3282-133716344071680","trial_id":29,"param_name":"batch_size","param_value_internal":1,"distribution":"{\"name\": \"CategoricalDistribution\", \"attributes\": {\"choices\": [16, 32, 64]}}"}
{"op_code":5,"worker_id":"cf7d6830-0a8e-4deb-b770-6b1feb3e3282-133716344071680","trial_id":29,"param_name":"weight_decay","param_value_internal":1.1193297062575266e-06,"distribution":"{\"name\": \"FloatDistribution\", \"attributes\": {\"step\": null, \"low\": 1e-06, \"high\": 0.01, \"log\": true}}"}
{"op_code":5,"worker_id":"cf7d6830-0a8e-4deb-b770-6b1feb3e3282-133716344071680","trial_id":29,"param_name":"dropout","param_value_internal":0.16608844229456826,"distribution":"{\"name\": \"FloatDistribution\", \"attributes\": {\"step\": null, \"low\": 0.0, \"high\": 0.3, \"log\": false}}"}
{"op_code":5,"worker_id":"cf7d6830-0a8e-4deb-b770-6b1feb3e3282-133716344071680","trial_id":29,"param_name":"patience","param_value_internal":4.0,"distribution":"{\"name\": \"IntDistribution\", \"attributes\": {\"log\": false, \"step\": 1, \"low\": 2, \"high\": 5}}"}
{"op_code":7,"worker_id":"fa5194fe-09ec-4cab-b26f-7ccc891e7020-124730445026816","trial_id":15,"step":1,"intermediate_value":0.4362734239568194}
{"op_code":6,"worker_id":"fa5194fe-09ec-4cab-b26f-7ccc891e7020-124730445026816","trial_id":15,"state":2,"values":[0.4362734239568194],"datetime_complete":"2026-08-20T10:20:18.687851"}
{"op_code":4,"worker_id":"fa5194fe-09ec-4cab-b26f-7ccc891e7020-124730445026816","study_id":0,"datetime_start":"2026-08-20T10:20:18.692930"}
{"op_code":5,"worker_id":"fa5194fe-09ec-4cab-b26f-7ccc891e7020-124730445026816","trial_id":30,"param_name":"lr","param_value_internal":5.766728255586969e-05,"distribution":"{\"name\": \"FloatDistribution\", \"attributes\": {\"step\": null, \"low\": 5e-06, \"high\": 0.0003, \"log\": true}}"}
{"op_code":5,"worker_id":"fa5194fe-09ec-4cab-b26f-7ccc891e7020-124730445026816","trial_id":30,"param_name":"batch_size","param_value_internal":1,"distribution":"{\"name\": \"CategoricalDistribution\", \"attributes\": {\"choices\": [16, 32, 64]}}"}
{"op_code":5,"worker_id":"fa5194fe-09ec-4cab-b26f-7ccc891e7020-124730445026816","trial_id":30,"param_name":"weight_decay","param_value_internal":1.2251731246828683e-06,"distribution":"{\"name\": \"FloatDistribution\", \"attributes\": {\"step\": null, \"low\": 1e-06, \"high\": 0.01, \"log\": true}}"}
{"op_code":5,"worker_id":"fa5194fe-09ec-4cab-b26f-7ccc891e7020-124730445026816","trial_id":30,"param_name":"dropout","param_value_internal":0.22083520025256298,"distribution":"{\"name\": \"FloatDistribution\", \"attributes\": {\"step\": null, \"low\": 0.0, \"high\": 0.3, \"log\": false}}"}
{"op_code":5,"worker_id":"fa5194fe-09ec-4cab-b26f-7ccc891e7020-124730445026816","trial_id":30,"param_name":"patience","param_value_internal":5.0,"distribution":"{\"name\": \"IntDistribution\", \"attributes\": {\"log\": false, \"step\": 1, \"low\": 2, \"high\": 5}}"}
{"op_code":7,"worker_id":"673a5381-68b5-4521-999a-4fc6aba1a482-130671200167424","trial_id":16,"step":1,"intermediate_value":0.4162499821242423}
{"op_code":6,"worker_id":"673a5381-68b5-4521-999a-4fc6aba1a482-130671200167424","trial_id":16,"state":2,"values":[0.4162499821242423],"datetime_complete":"2026-08-20T10:20:52.986862"}
{"op_code":4,"worker_id":"673a5381-68b5-4521-999a-4fc6aba1a482-130671200167424","study_id":0,"datetime_start":"2026-08-20T10:20:52.991590"}
{"op_code":5,"worker_id":"673a5381-68b5-4521-999a-4fc6aba1a482-130671200167424","trial_id":31,"param_name":"lr","param_value_internal":4.8666956439759096e-05,"distribution":"{\"name\": \"FloatDistribution\", \"attributes\": {\"step\": null, \"low\": 5e-06, \"high\": 0.0003, \"log\": true}}"}
{"op_code":5,"worker_id":"673a5381-68b5-4521-999a-4fc6aba1a482-130671200167424","trial_id":31,"param_name":"batch_size","param_value_internal":1,"distribution":"{\"name\": \"CategoricalDistribution\", \"attributes\": {\"choices\": [16, 32, 64]}}"}
{"op_code":5,"worker_id":"673a5381-68b5-4521-999a-4fc6aba1a482-130671200167424","trial_id":31,"param_name":"weight_decay","param_value_internal":1.3484075946522112e-05,"distribution":"{\"name\": \"FloatDistribution\", \"attributes\": {\"step\": null, \"low\": 1e-06, \"high\": 0.01, \"log\": true}}"}
{"op_code":5,"worker_id":"673a5381-68b5-4521-999a-4fc6aba1a482-130671200167424","trial_id":31,"param_name":"dropout","param_value_internal":0.14466320662197463,"distribution":"{\"name\": \"FloatDistribution\", \"attributes\": {\"step\": null, \"low\": 0.0, \"high\": 0.3, \"log\": false}}"}
{"op_code":5,"worker_id":"673a5381-68b5-4521-999a-4fc6aba1a482-130671200167424","trial_id":31,"param_name":"patience","param_value_internal":5.0,"distribution":"{\"name\": \"IntDistribution\", \"attributes\": {\"log\": false, \"step\": 1, \"low\": 2, \"high\": 5}}"}
{"op_code":7,"worker_id":"b9892336-fae9-4394-9dd3-b03653e12d2a-127267409823232","trial_id":17,"step":1,"intermediate_value":0.4546947169105418}
{"op_code":6,"worker_id":"b9892336-fae9-4394-9dd3-b03653e12d2a-127267409823232","trial_id":17,"state":2,"values":[0.4546947169105418],"datetime_complete":"2026-08-20T10:20:55.044874"}
{"op_code":4,"worker_id":"b9892336-fae9-4394-9dd3-b03653e12d2a-127267409823232","study_id":0,"datetime_start":"2026-08-20T10:20:55.049581"}
{"op_code":5,"worker_id":"b9892336-fae9-4394-9dd3-b03653e12d2a-127267409823232","trial_id":32,"param_name":"lr","param_value_internal":5.272692438912109e-05,"distribution":"{\"name\": \"FloatDistribution\", \"attributes\": {\"step\": null, \"low\": 5e-06, \"high\": 0.0003, \"log\": true}}"}
{"op_code":5,"worker_id":"b9892336-fae9-4394-9dd3-b03653e12d2a-127267409823232","trial_id":32,"param_name":"batch_size","param_value_internal":1,"distribution":"{\"name\": \"CategoricalDistribution\", \"attributes\": {\"choices\": [16, 32, 64]}}"}
{"op_code":5,"worker_id":"b9892336-fae9-4394-9dd3-b03653e12d2a-127267409823232","trial_id":32,"param_name":"weight_decay","param_value_internal":1.2236384376843133e-06,"distribution":"{\"name\": \"FloatDistribution\", \"attributes\": {\"step\": null, \"low\": 1e-06, \"high\": 0.01, \"log\": true}}"}
{"op_code":5,"worker_id":"b9892336-fae9-4394-9dd3-b03653e12d2a-127267409823232","trial_id":32,"param_name":"dropout","param_value_internal":0.12939096177675688,"distribution":"{\"name\": \"FloatDistribution\", \"attributes\": {\"step\": null, \"low\": 0.0, \"high\": 0.3, \"log\": false}}"}
{"op_code":5,"worker_id":"b9892336-fae9-4394-9dd3-b03653e12d2a-127267409823232","trial_id":32,"param_name":"patience","param_value_internal":5.0,"distribution":"{\"name\": \"IntDistribution\", \"attributes\": {\"log\": false, \"step\": 1, \"low\": 2, \"high\": 5}}"}
{"op_code":7,"worker_id":"79fbe97c-198d-4d0e-8786-9813e9be38e9-135126523921920","trial_id":21,"step":1,"intermediate_value":0.4647962795536985}
{"op_code":6,"worker_id":"79fbe97c-198d-4d0e-8786-9813e9be38e9-135126523921920","trial_id":21,"state":2,"values":[0.4647962795536985],"datetime_complete":"2026-08-20T10:22:20.324257"}
{"op_code":4,"worker_id":"79fbe97c-198d-4d0e-8786-9813e9be38e9-135126523921920","study_id":0,"datetime_start":"2026-08-20T10:22:20.329038"}
{"op_code":5,"worker_id":"79fbe97c-198d-4d0e-8786-9813e9be38e9-135126523921920","trial_id":33,"param_name":"lr","param_value_internal":5.2922874178763535e-05,"distribution":"{\"name\": \"FloatDistribution\", \"attributes\": {\"step\": null, \"low\": 5e-06, \"high\": 0.0003, \"log\": true}}"}
{"op_code":5,"worker_id":"79fbe97c-198d-4d0e-8786-9813e9be38e9-135126523921920","trial_id":33,"param_name":"batch_size","param_value_internal":1,"distribution":"{\"name\": \"CategoricalDistribution\", \"attributes\": {\"choices\": [16, 32, 64]}}"}
{"op_code":5,"worker_id":"79fbe97c-198d-4d0e-8786-9813e9be38e9-135126523921920","trial_id":33,"param_name":"weight_decay","param_value_internal":1.0833687308414124e-06,"distribution":"{\"name\": \"FloatDistribution\", \"attributes\": {\"step\": null, \"low\": 1e-06, \"high\": 0.01, \"log\": true}}"}
{"op_code":5,"worker_id":"79fbe97c-198d-4d0e-8786-9813e9be38e9-135126523921920","trial_id":33,"param_name":"dropout","param_value_internal":0.00709355965310432,"distribution":"{\"name\": \"FloatDistribution\", \"attributes\": {\"step\": null, \"low\": 0.0, \"high\": 0.3, \"log\": false}}"}
{"op_code":5,"worker_id":"79fbe97c-198d-4d0e-8786-9813e9be38e9-135126523921920","trial_id":33,"param_name":"patience","param_value_internal":5.0,"distribution":"{\"name\": \"IntDistribution\", \"attributes\": {\"log\": false, \"step\": 1, \"low\": 2, \"high\": 5}}"}
{"op_code":7,"worker_id":"e6c35a08-02fb-4e42-ab73-86fd8adba8db-136264221345280","trial_id":23,"step":1,"intermediate_value":0.37088268397631247}
{"op_code":7,"worker_id":"51636565-2f79-4a6a-a502-2d4d6d3cf543-131262308693504","trial_id":22,"step":1,"intermediate_value":0.3724539243979925}
{"op_code":7,"worker_id":"1eac8271-c97f-4973-a60a-3164527c77cb-134904042616320","trial_id":25,"step":1,"intermediate_value":0.379564614201499}
{"op_code":7,"worker_id":"e76d18ae-e53a-4ecb-ae63-890896211a3e-132460121368064","trial_id":24,"step":1,"intermediate_value":0.3737852685688805}
{"op_code":7,"worker_id":"51f74a28-646c-4369-950c-66d750dd622c-131656625030656","trial_id":28,"step":1,"intermediate_value":0.3669692102410249}
{"op_code":7,"worker_id":"37e8bd16-9218-40bf-99f3-4fa1a708a5c3-131637758723584","trial_id":26,"step":1,"intermediate_value":0.3768519569603083}
{"op_code":7,"worker_id":"cf7d6830-0a8e-4deb-b770-6b1feb3e3282-133716344071680","trial_id":29,"step":1,"intermediate_value":0.36285684316152245}
{"op_code":7,"worker_id":"d213cdce-6748-4049-a658-73fab6e5aeae-124400399664640","trial_id":27,"step":1,"intermediate_value":0.387052735785864}
{"op_code":7,"worker_id":"b9892336-fae9-4394-9dd3-b03653e12d2a-127267409823232","trial_id":32,"step":1,"intermediate_value":0.3988497675444533}
{"op_code":7,"worker_id":"fa5194fe-09ec-4cab-b26f-7ccc891e7020-124730445026816","trial_id":30,"step":1,"intermediate_value":0.36823162120187003}
{"op_code":7,"worker_id":"673a5381-68b5-4521-999a-4fc6aba1a482-130671200167424","trial_id":31,"step":1,"intermediate_value":0.3838261508336673}
{"op_code":7,"worker_id":"51636565-2f79-4a6a-a502-2d4d6d3cf543-131262308693504","trial_id":22,"step":2,"intermediate_value":0.38532737658644417}
{"op_code":6,"worker_id":"51636565-2f79-4a6a-a502-2d4d6d3cf543-131262308693504","trial_id":22,"state":1,"values":[0.38532737658644417],"datetime_complete":"2026-08-20T10:27:38.387121"}
{"op_code":4,"worker_id":"51636565-2f79-4a6a-a502-2d4d6d3cf543-131262308693504","study_id":0,"datetime_start":"2026-08-20T10:27:38.391945"}
{"op_code":5,"worker_id":"51636565-2f79-4a6a-a502-2d4d6d3cf543-131262308693504","trial_id":34,"param_name":"lr","param_value_internal":5.130362776520499e-05,"distribution":"{\"name\": \"FloatDistribution\", \"attributes\": {\"step\": null, \"low\": 5e-06, \"high\": 0.0003, \"log\": true}}"}
{"op_code":5,"worker_id":"51636565-2f79-4a6a-a502-2d4d6d3cf543-131262308693504","trial_id":34,"param_name":"batch_size","param_value_internal":1,"distribution":"{\"name\": \"CategoricalDistribution\", \"attributes\": {\"choices\": [16, 32, 64]}}"}
{"op_code":5,"worker_id":"51636565-2f79-4a6a-a502-2d4d6d3cf543-131262308693504","trial_id":34,"param_name":"weight_decay","param_value_internal":1.0592710225272222e-06,"distribution":"{\"name\": \"FloatDistribution\", \"attributes\": {\"step\": null, \"low\": 1e-06, \"high\": 0.01, \"log\": true}}"}
{"op_code":5,"worker_id":"51636565-2f79-4a6a-a502-2d4d6d3cf543-131262308693504","trial_id":34,"param_name":"dropout","param_value_internal":0.23676237856826776,"distribution":"{\"name\": \"FloatDistribution\", \"attributes\": {\"step\": null, \"low\": 0.0, \"high\": 0.3, \"log\": false}}"}
{"op_code":5,"worker_id":"51636565-2f79-4a6a-a502-2d4d6d3cf543-131262308693504","trial_id":34,"param_name":"patience","param_value_internal":4.0,"distribution":"{\"name\": \"IntDistribution\", \"attributes\": {\"log\": false, \"step\": 1, \"low\": 2, \"high\": 5}}"}
{"op_code":7,"worker_id":"e76d18ae-e53a-4ecb-ae63-890896211a3e-132460121368064","trial_id":24,"step":2,"intermediate_value":0.38787211170391933}
{"op_code":6,"worker_id":"e76d18ae-e53a-4ecb-ae63-890896211a3e-132460121368064","trial_id":24,"state":1,"values":[0.38787211170391933],"datetime_complete":"2026-08-20T10:27:41.800777"}
{"op_code":4,"worker_id":"e76d18ae-e53a-4ecb-ae63-890896211a3e-132460121368064","study_id":0,"datetime_start":"2026-08-20T10:27:41.805529"}
{"op_code":5,"worker_id":"e76d18ae-e53a-4ecb-ae63-890896211a3e-132460121368064","trial_id":35,"param_name":"lr","param_value_internal":5.7118233390056146e-05,"distribution":"{\"name\": \"FloatDistribution\", \"attributes\": {\"step\": null, \"low\": 5e-06, \"high\": 0.0003, \"log\": true}}"}
{"op_code":5,"worker_id":"e76d18ae-e53a-4ecb-ae63-890896211a3e-132460121368064","trial_id":35,"param_name":"batch_size","param_value_internal":1,"distribution":"{\"name\": \"CategoricalDistribution\", \"attributes\": {\"choices\": [16, 32, 64]}}"}
{"op_code":5,"worker_id":"e76d18ae-e53a-4ecb-ae63-890896211a3e-132460121368064","trial_id":35,"param_name":"weight_decay","param_value_internal":1.0486335422144602e-06,"distribution":"{\"name\": \"FloatDistribution\", \"attributes\": {\"step\": null, \"low\": 1e-06, \"high\": 0.01, \"log\": true}}"}
{"op_code":5,"worker_id":"e76d18ae-e53a-4ecb-ae63-890896211a3e-132460121368064","trial_id":35,"param_name":"dropout","param_value_internal":0.1228906605953189,"distribution":"{\"name\": \"FloatDistribution\", \"attributes\": {\"step\": null, \"low\": 0.0, \"high\": 0.3, \"log\": false}}"}
{"op_code":5,"worker_id":"e76d18ae-e53a-4ecb-ae63-890896211a3e-132460121368064","trial_id":35,"param_name":"patience","param_value_internal":5.0,"distribution":"{\"name\": \"IntDistribution\", \"attributes\": {\"log\": false, \"step\": 1, \"low\": 2, \"high\": 5}}"}
{"op_code":7,"worker_id":"79fbe97c-198d-4d0e-8786-9813e9be38e9-135126523921920","trial_id":33,"step":1,"intermediate_value":0.3716812350712147}
{"op_code":7,"worker_id":"51f74a28-646c-4369-950c-66d750dd622c-131656625030656","trial_id":28,"step":2,"intermediate_value":0.3883489975883331}
{"op_code":6,"worker_id":"51f74a28-646c-4369-950c-66d750dd622c-131656625030656","trial_id":28,"state":1,"values":[0.3883489975883331],"datetime_complete":"2026-08-20T10:28:22.024746"}
{"op_code":4,"worker_id":"51f74a28-646c-4369-950c-66d750dd622c-131656625030656","study_id":0,"datetime_start":"2026-08-20T10:28:22.029820"}
{"op_code":5,"worker_id":"51f74a28-646c-4369-950c-66d750dd622c-131656625030656","trial_id":36,"param_name":"lr","param_value_internal":6.021658626918947e-05,"distribution":"{\"name\": \"FloatDistribution\", \"attributes\": {\"step\": null, \"low\": 5e-06, \"high\": 0.0003, \"log\": true}}"}
{"op_code":5,"worker_id":"51f74a28-646c-4369-950c-66d750dd622c-131656625030656","trial_id":36,"param_name":"batch_size","param_value_internal":1,"distribution":"{\"name\": \"CategoricalDistribution\", \"attributes\": {\"choices\": [16, 32, 64]}}"}
{"op_code":5,"worker_id":"51f74a28-646c-4369-950c-66d750dd622c-131656625030656","trial_id":36,"param_name":"weight_decay","param_value_internal":1.0868846570085074e-06,"distribution":"{\"name\": \"FloatDistribution\", \"attributes\": {\"step\": null, \"low\": 1e-06, \"high\": 0.01, \"log\": true}}"}
{"op_code":5,"worker_id":"51f74a28-646c-4369-950c-66d750dd622c-131656625030656","trial_id":36,"param_name":"dropout","param_value_internal":0.1181081122344165,"distribution":"{\"name\": \"FloatDistribution\", \"attributes\": {\"step\": null, \"low\": 0.0, \"high\": 0.3, \"log\": false}}"}
{"op_code":5,"worker_id":"51f74a28-646c-4369-950c-66d750dd622c-131656625030656","trial_id":36,"param_name":"patience","param_value_internal":5.0,"distribution":"{\"name\": \"IntDistribution\", \"attributes\": {\"log\": false, \"step\": 1, \"low\": 2, \"high\": 5}}"}
{"op_code":7,"worker_id":"e6c35a08-02fb-4e42-ab73-86fd8adba8db-136264221345280","trial_id":23,"step":2,"intermediate_value":0.3733353698364116}
{"op_code":6,"worker_id":"e6c35a08-02fb-4e42-ab73-86fd8adba8db-136264221345280","trial_id":23,"state":1,"values":[0.3733353698364116],"datetime_complete":"2026-08-20T10:28:51.675736"}
{"op_code":4,"worker_id":"e6c35a08-02fb-4e42-ab73-86fd8adba8db-136264221345280","study_id":0,"datetime_start":"2026-08-20T10:28:51.680617"}
{"op_code":5,"worker_id":"e6c35a08-02fb-4e42-ab73-86fd8adba8db-136264221345280","trial_id":37,"param_name":"lr","param_value_internal":7.273895253819832e-05,"distribution":"{\"name\": \"FloatDistribution\", \"attributes\": {\"step\": null, \"low\": 5e-06, \"high\": 0.0003, \"log\": true}}"}
{"op_code":5,"worker_id":"e6c35a08-02fb-4e42-ab73-86fd8adba8db-136264221345280","trial_id":37,"param_name":"batch_size","param_value_internal":1,"distribution":"{\"name\": \"CategoricalDistribution\", \"attributes\": {\"choices\": [16, 32, 64]}}"}
{"op_code":5,"worker_id":"e6c35a08-02fb-4e42-ab73-86fd8adba8db-136264221345280","trial_id":37,"param_name":"weight_decay","param_value_internal":1.198418556482131e-06,"distribution":"{\"name\": \"FloatDistribution\", \"attributes\": {\"step\": null, \"low\": 1e-06, \"high\": 0.01, \"log\": true}}"}
{"op_code":5,"worker_id":"e6c35a08-02fb-4e42-ab73-86fd8adba8db-136264221345280","trial_id":37,"param_name":"dropout","param_value_internal":0.14147352054409298,"distribution":"{\"name\": \"FloatDistribution\", \"attributes\": {\"step\": null, \"low\": 0.0, \"high\": 0.3, \"log\": false}}"}
{"op_code":5,"worker_id":"e6c35a08-02fb-4e42-ab73-86fd8adba8db-136264221345280","trial_id":37,"param_name":"patience","param_value_internal":5.0,"distribution":"{\"name\": \"IntDistribution\", \"attributes\": {\"log\": false, \"step\": 1, \"low\": 2, \"high\": 5}}"}
{"op_code":7,"worker_id":"cf7d6830-0a8e-4deb-b770-6b1feb3e3282-133716344071680","trial_id":29,"step":2,"intermediate_value":0.38261470089087635}
{"op_code":6,"worker_id":"cf7d6830-0a8e-4deb-b770-6b1feb3e3282-133716344071680","trial_id":29,"state":1,"values":[0.38261470089087635],"datetime_complete":"2026-08-20T10:29:24.769871"}
{"op_code":4,"worker_id":"cf7d6830-0a8e-4deb-b770-6b1feb3e3282-133716344071680","study_id":0,"datetime_start":"2026-08-20T10:29:24.774710"}
{"op_code":5,"worker_id":"cf7d6830-0a8e-4deb-b770-6b1feb3e3282-133716344071680","trial_id":38,"param_name":"lr","param_value_internal":6.678245468829058e-05,"distribution":"{\"name\": \"FloatDistribution\", \"attributes\": {\"step\": null, \"low\": 5e-06, \"high\": 0.0003, \"log\": true}}"}
{"op_code":5,"worker_id":"cf7d6830-0a8e-4deb-b770-6b1feb3e3282-133716344071680","trial_id":38,"param_name":"batch_size","param_value_internal":1,"distribution":"{\"name\": \"CategoricalDistribution\", \"attributes\": {\"choices\": [16, 32, 64]}}"}
{"op_code":5,"worker_id":"cf7d6830-0a8e-4deb-b770-6b1feb3e3282-133716344071680","trial_id":38,"param_name":"weight_decay","param_value_internal":2.0126214643847503e-05,"distribution":"{\"name\": \"FloatDistribution\", \"attributes\": {\"step\": null, \"low\": 1e-06, \"high\": 0.01, \"log\": true}}"}
{"op_code":5,"worker_id":"cf7d6830-0a8e-4deb-b770-6b1feb3e3282-133716344071680","trial_id":38,"param_name":"dropout","param_value_internal":0.1282814091002094,"distribution":"{\"name\": \"FloatDistribution\", \"attributes\": {\"step\": null, \"low\": 0.0, \"high\": 0.3, \"log\": false}}"}
{"op_code":5,"worker_id":"cf7d6830-0a8e-4deb-b770-6b1feb3e3282-133716344071680","trial_id":38,"param_name":"patience","param_value_internal":5.0,"distribution":"{\"name\": \"IntDistribution\", \"attributes\": {\"log\": false, \"step\": 1, \"low\": 2, \"high\": 5}}"}
{"op_code":7,"worker_id":"1eac8271-c97f-4973-a60a-3164527c77cb-134904042616320","trial_id":25,"step":2,"intermediate_value":0.38054948378450726}
{"op_code":6,"worker_id":"1eac8271-c97f-4973-a60a-3164527c77cb-134904042616320","trial_id":25,"state":1,"values":[0.38054948378450726],"datetime_complete":"2026-08-20T10:29:29.719376"}
{"op_code":4,"worker_id":"1eac8271-c97f-4973-a60a-3164527c77cb-134904042616320","study_id":0,"datetime_start":"2026-08-20T10:29:29.724312"}
{"op_code":5,"worker_id":"1eac8271-c97f-4973-a60a-3164527c77cb-134904042616320","trial_id":39,"param_name":"lr","param_value_internal":7.321550294215984e-05,"distribution":"{\"name\": \"FloatDistribution\", \"attributes\": {\"step\": null, \"low\": 5e-06, \"high\": 0.0003, \"log\": true}}"}
{"op_code":5,"worker_id":"1eac8271-c97f-4973-a60a-3164527c77cb-134904042616320","trial_id":39,"param_name":"batch_size","param_value_internal":1,"distribution":"{\"name\": \"CategoricalDistribution\", \"attributes\": {\"choices\": [16, 32, 64]}}"}
{"op_code":5,"worker_id":"1eac8271-c97f-4973-a60a-3164527c77cb-134904042616320","trial_id":39,"param_name":"weight_decay","param_value_internal":2.153342898317266e-06,"distribution":"{\"name\": \"FloatDistribution\", \"attributes\": {\"step\": null, \"low\": 1e-06, \"high\": 0.01, \"log\": true}}"}
{"op_code":5,"worker_id":"1eac8271-c97f-4973-a60a-3164527c77cb-134904042616320","trial_id":39,"param_name":"dropout","param_value_internal":0.12095444712493196,"distribution":"{\"name\": \"FloatDistribution\", \"attributes\": {\"step\": null, \"low\": 0.0, \"high\": 0.3, \"log\": false}}"}
{"op_code":5,"worker_id":"1eac8271-c97f-4973-a60a-3164527c77cb-134904042616320","trial_id":39,"param_name":"patience","param_value_internal":4.0,"distribution":"{\"name\": \"IntDistribution\", \"attributes\": {\"log\": false, \"step\": 1, \"low\": 2, \"high\": 5}}"}
{"op_code":7,"worker_id":"d213cdce-6748-4049-a658-73fab6e5aeae-124400399664640","trial_id":27,"step":2,"intermediate_value":0.3894302309443557}
{"op_code":6,"worker_id":"d213cdce-6748-4049-a658-73fab6e5aeae-124400399664640","trial_id":27,"state":1,"values":[0.3894302309443557],"datetime_complete":"2026-08-20T10:29:34.382239"}
{"op_code":4,"worker_id":"d213cdce-6748-4049-a658-73fab6e5aeae-124400399664640","study_id":0,"datetime_start":"2026-08-20T10:29:34.387038"}
{"op_code":5,"worker_id":"d213cdce-6748-4049-a658-73fab6e5aeae-124400399664640","trial_id":40,"param_name":"lr","param_value_internal":8.038908108791484e-05,"distribution":"{\"name\": \"FloatDistribution\", \"attributes\": {\"step\": null, \"low\": 5e-06, \"high\": 0.0003, \"log\": true}}"}
{"op_code":5,"worker_id":"d213cdce-6748-4049-a658-73fab6e5aeae-124400399664640","trial_id":40,"param_name":"batch_size","param_value_internal":1,"distribution":"{\"name\": \"CategoricalDistribution\", \"attributes\": {\"choices\": [16, 32, 64]}}"}
{"op_code":5,"worker_id":"d213cdce-6748-4049-a658-73fab6e5aeae-124400399664640","trial_id":40,"param_name":"weight_decay","param_value_internal":2.0044221355050927e-06,"distribution":"{\"name\": \"FloatDistribution\", \"attributes\": {\"step\": null, \"low\": 1e-06, \"high\": 0.01, \"log\": true}}"}
{"op_code":5,"worker_id":"d213cdce-6748-4049-a658-73fab6e5aeae-124400399664640","trial_id":40,"param_name":"dropout","param_value_internal":0.12561043493284593,"distribution":"{\"name\": \"FloatDistribution\", \"attributes\": {\"step\": null, \"low\": 0.0, \"high\": 0.3, \"log\": false}}"}
{"op_code":5,"worker_id":"d213cdce-6748-4049-a658-73fab6e5aeae-124400399664640","trial_id":40,"param_name":"patience","param_value_internal":3.0,"distribution":"{\"name\": \"IntDistribution\", \"attributes\": {\"log\": false, \"step\": 1, \"low\": 2, \"high\": 5}}"}
{"op_code":7,"worker_id":"673a5381-68b5-4521-999a-4fc6aba1a482-130671200167424","trial_id":31,"step":2,"intermediate_value":0.3945495528214892}
{"op_code":6,"worker_id":"673a5381-68b5-4521-999a-4fc6aba1a482-130671200167424","trial_id":31,"state":1,"values":[0.3945495528214892],"datetime_complete":"2026-08-20T10:30:56.281778"}
{"op_code":4,"worker_id":"673a5381-68b5-4521-999a-4fc6aba1a482-130671200167424","study_id":0,"datetime_start":"2026-08-20T10:30:56.286722"}
{"op_code":5,"worker_id":"673a5381-68b5-4521-999a-4fc6aba1a482-130671200167424","trial_id":41,"param_name":"lr","param_value_internal":7.737994846825246e-05,"distribution":"{\"name\": \"FloatDistribution\", \"attributes\": {\"step\": null, \"low\": 5e-06, \"high\": 0.0003, \"log\": true}}"}
{"op_code":5,"worker_id":"673a5381-68b5-4521-999a-4fc6aba1a482-130671200167424","trial_id":41,"param_name":"batch_size","param_value_internal":1,"distribution":"{\"name\": \"CategoricalDistribution\", \"attributes\": {\"choices\": [16, 32, 64]}}"}
{"op_code":5,"worker_id":"673a5381-68b5-4521-999a-4fc6aba1a482-130671200167424","trial_id":41,"param_name":"weight_decay","param_value_internal":2.1028045444391057e-06,"distribution":"{\"name\": \"FloatDistribution\", \"attributes\": {\"step\": null, \"low\": 1e-06, \"high\": 0.01, \"log\": true}}"}
{"op_code":5,"worker_id":"673a5381-68b5-4521-999a-4fc6aba1a482-130671200167424","trial_id":41,"param_name":"dropout","param_value_internal":0.12197660323907922,"distribution":"{\"name\": \"FloatDistribution\", \"attributes\": {\"step\": null, \"low\": 0.0, \"high\": 0.3, \"log\": false}}"}
{"op_code":5,"worker_id":"673a5381-68b5-4521-999a-4fc6aba1a482-130671200167424","trial_id":41,"param_name":"patience","param_value_internal":3.0,"distribution":"{\"name\": \"IntDistribution\", \"attributes\": {\"log\": false, \"step\": 1, \"low\": 2, \"high\": 5}}"}
{"op_code":7,"worker_id":"37e8bd16-9218-40bf-99f3-4fa1a708a5c3-131637758723584","trial_id":26,"step":2,"intermediate_value":0.38292260159687985}
{"op_code":6,"worker_id":"37e8bd16-9218-40bf-99f3-4fa1a708a5c3-131637758723584","trial_id":26,"state":1,"values":[0.38292260159687985],"datetime_complete":"2026-08-20T10:31:14.332266"}
{"op_code":4,"worker_id":"37e8bd16-9218-40bf-99f3-4fa1a708a5c3-131637758723584","study_id":0,"datetime_start":"2026-08-20T10:31:14.337203"}
{"op_code":5,"worker_id":"37e8bd16-9218-40bf-99f3-4fa1a708a5c3-131637758723584","trial_id":42,"param_name":"lr","param_value_internal":6.671132620849338e-05,"distribution":"{\"name\": \"FloatDistribution\", \"attributes\": {\"step\": null, \"low\": 5e-06, \"high\": 0.0003, \"log\": true}}"}
{"op_code":5,"worker_id":"37e8bd16-9218-40bf-99f3-4fa1a708a5c3-131637758723584","trial_id":42,"param_name":"batch_size","param_value_internal":1,"distribution":"{\"name\": \"CategoricalDistribution\", \"attributes\": {\"choices\": [16, 32, 64]}}"}
{"op_code":5,"worker_id":"37e8bd16-9218-40bf-99f3-4fa1a708a5c3-131637758723584","trial_id":42,"param_name":"weight_decay","param_value_internal":2.090716144048124e-06,"distribution":"{\"name\": \"FloatDistribution\", \"attributes\": {\"step\": null, \"low\": 1e-06, \"high\": 0.01, \"log\": true}}"}
{"op_code":5,"worker_id":"37e8bd16-9218-40bf-99f3-4fa1a708a5c3-131637758723584","trial_id":42,"param_name":"dropout","param_value_internal":0.13082770465442584,"distribution":"{\"name\": \"FloatDistribution\", \"attributes\": {\"step\": null, \"low\": 0.0, \"high\": 0.3, \"log\": false}}"}
{"op_code":5,"worker_id":"37e8bd16-9218-40bf-99f3-4fa1a708a5c3-131637758723584","trial_id":42,"param_name":"patience","param_value_internal":4.0,"distribution":"{\"name\": \"IntDistribution\", \"attributes\": {\"log\": false, \"step\": 1, \"low\": 2, \"high\": 5}}"}
{"op_code":7,"worker_id":"b9892336-fae9-4394-9dd3-b03653e12d2a-127267409823232","trial_id":32,"step":2,"intermediate_value":0.3866003192885604}
{"op_code":6,"worker_id":"b9892336-fae9-4394-9dd3-b03653e12d2a-127267409823232","trial_id":32,"state":1,"values":[0.3866003192885604],"datetime_complete":"2026-08-20T10:31:40.129190"}
{"op_code":4,"worker_id":"b9892336-fae9-4394-9dd3-b03653e12d2a-127267409823232","study_id":0,"datetime_start":"2026-08-20T10:31:40.134027"}
{"op_code":5,"worker_id":"b9892336-fae9-4394-9dd3-b03653e12d2a-127267409823232","trial_id":43,"param_name":"lr","param_value_internal":7.433213104487003e-05,"distribution":"{\"name\": \"FloatDistribution\", \"attributes\": {\"step\": null, \"low\": 5e-06, \"high\": 0.0003, \"log\": true}}"}
{"op_code":5,"worker_id":"b9892336-fae9-4394-9dd3-b03653e12d2a-127267409823232","trial_id":43,"param_name":"batch_size","param_value_internal":1,"distribution":"{\"name\": \"CategoricalDistribution\", \"attributes\": {\"choices\": [16, 32, 64]}}"}
{"op_code":5,"worker_id":"b9892336-fae9-4394-9dd3-b03653e12d2a-127267409823232","trial_id":43,"param_name":"weight_decay","param_value_internal":2.58061268949864e-06,"distribution":"{\"name\": \"FloatDistribution\", \"attributes\": {\"step\": null, \"low\": 1e-06, \"high\": 0.01, \"log\": true}}"}
{"op_code":5,"worker_id":"b9892336-fae9-4394-9dd3-b03653e12d2a-127267409823232","trial_id":43,"param_name":"dropout","param_value_internal":0.2312861826541876,"distribution":"{\"name\": \"FloatDistribution\", \"attributes\": {\"step\": null, \"low\": 0.0, \"high\": 0.3, \"log\": false}}"}
{"op_code":5,"worker_id":"b9892336-fae9-4394-9dd3-b03653e12d2a-127267409823232","trial_id":43,"param_name":"patience","param_value_internal":4.0,"distribution":"{\"name\": \"IntDistribution\", \"attributes\": {\"log\": false, \"step\": 1, \"low\": 2, \"high\": 5}}"}
{"op_code":7,"worker_id":"fa5194fe-09ec-4cab-b26f-7ccc891e7020-124730445026816","trial_id":30,"step":2,"intermediate_value":0.3610235489172287}
{"op_code":6,"worker_id":"fa5194fe-09ec-4cab-b26f-7ccc891e7020-124730445026816","trial_id":30,"state":1,"values":[0.3610235489172287],"datetime_complete":"2026-08-20T10:32:01.024413"}
{"op_code":4,"worker_id":"fa5194fe-09ec-4cab-b26f-7ccc891e7020-124730445026816","study_id":0,"datetime_start":"2026-08-20T10:32:01.029393"}
{"op_code":5,"worker_id":"fa5194fe-09ec-4cab-b26f-7ccc891e7020-124730445026816","trial_id":44,"param_name":"lr","param_value_internal":7.40696757286948e-05,"distribution":"{\"name\": \"FloatDistribution\", \"attributes\": {\"step\": null, \"low\": 5e-06, \"high\": 0.0003, \"log\": true}}"}
{"op_code":5,"worker_id":"fa5194fe-09ec-4cab-b26f-7ccc891e7020-124730445026816","trial_id":44,"param_name":"batch_size","param_value_internal":1,"distribution":"{\"name\": \"CategoricalDistribution\", \"attributes\": {\"choices\": [16, 32, 64]}}"}
{"op_code":5,"worker_id":"fa5194fe-09ec-4cab-b26f-7ccc891e7020-124730445026816","trial_id":44,"param_name":"weight_decay","param_value_internal":2.694450065845496e-06,"distribution":"{\"name\": \"FloatDistribution\", \"attributes\": {\"step\": null, \"low\": 1e-06, \"high\": 0.01, \"log\": true}}"}
{"op_code":5,"worker_id":"fa5194fe-09ec-4cab-b26f-7ccc891e7020-124730445026816","trial_id":44,"param_name":"dropout","param_value_internal":0.24167577496708434,"distribution":"{\"name\": \"FloatDistribution\", \"attributes\": {\"step\": null, \"low\": 0.0, \"high\": 0.3, \"log\": false}}"}
{"op_code":5,"worker_id":"fa5194fe-09ec-4cab-b26f-7ccc891e7020-124730445026816","trial_id":44,"param_name":"patience","param_value_internal":5.0,"distribution":"{\"name\": \"IntDistribution\", \"attributes\": {\"log\": false, \"step\": 1, \"low\": 2, \"high\": 5}}"}
{"op_code":7,"worker_id":"79fbe97c-198d-4d0e-8786-9813e9be38e9-135126523921920","trial_id":33,"step":2,"intermediate_value":0.3771960482149085}
{"op_code":6,"worker_id":"79fbe97c-198d-4d0e-8786-9813e9be38e9-135126523921920","trial_id":33,"state":1,"values":[0.3771960482149085],"datetime_complete":"2026-08-20T10:32:11.723295"}
{"op_code":4,"worker_id":"79fbe97c-198d-4d0e-8786-9813e9be38e9-135126523921920","study_id":0,"datetime_start":"2026-08-20T10:32:11.727445"}
{"op_code":5,"worker_id":"79fbe97c-198d-4d0e-8786-9813e9be38e9-135126523921920","trial_id":45,"param_name":"lr","param_value_internal":7.214374641040784e-05,"distribution":"{\"name\": \"FloatDistribution\", \"attributes\": {\"step\": null, \"low\": 5e-06, \"high\": 0.0003, \"log\": true}}"}
{"op_code":5,"worker_id":"79fbe97c-198d-4d0e-8786-9813e9be38e9-135126523921920","trial_id":45,"param_name":"batch_size","param_value_internal":1,"distribution":"{\"name\": \"CategoricalDistribution\", \"attributes\": {\"choices\": [16, 32, 64]}}"}
{"op_code":5,"worker_id":"79fbe97c-198d-4d0e-8786-9813e9be38e9-135126523921920","trial_id":45,"param_name":"weight_decay","param_value_internal":2.7914228963735946e-06,"distribution":"{\"name\": \"FloatDistribution\", \"attributes\": {\"step\": null, \"low\": 1e-06, \"high\": 0.01, \"log\": true}}"}
{"op_code":5,"worker_id":"79fbe97c-198d-4d0e-8786-9813e9be38e9-135126523921920","trial_id":45,"param_name":"dropout","param_value_internal":0.24960730187768618,"distribution":"{\"name\": \"FloatDistribution\", \"attributes\": {\"step\": null, \"low\": 0.0, \"high\": 0.3, \"log\": false}}"}
{"op_code":5,"worker_id":"79fbe97c-198d-4d0e-8786-9813e9be38e9-135126523921920","trial_id":45,"param_name":"patience","param_value_internal":5.0,"distribution":"{\"name\": \"IntDistribution\", \"attributes\": {\"log\": false, \"step\": 1, \"low\": 2, \"high\": 5}}"}
{"op_code":7,"worker_id":"e76d18ae-e53a-4ecb-ae63-890896211a3e-132460121368064","trial_id":35,"step":1,"intermediate_value":0.3842265785162353}
{"op_code":6,"worker_id":"e76d18ae-e53a-4ecb-ae63-890896211a3e-132460121368064","trial_id":35,"state":2,"values":[0.3842265785162353],"datetime_complete":"2026-08-20T10:33:30.898667"}
{"op_code":4,"worker_id":"e76d18ae-e53a-4ecb-ae63-890896211a3e-132460121368064","study_id":0,"datetime_start":"2026-08-20T10:33:30.903540"}
{"op_code":5,"worker_id":"e76d18ae-e53a-4ecb-ae63-890896211a3e-132460121368064","trial_id":46,"param_name":"lr","param_value_internal":7.909392858171556e-05,"distribution":"{\"name\": \"FloatDistribution\", \"attributes\": {\"step\": null, \"low\": 5e-06, \"high\": 0.0003, \"log\": true}}"}
{"op_code":5,"worker_id":"e76d18ae-e53a-4ecb-ae63-890896211a3e-132460121368064","trial_id":46,"param_name":"batch_size","param_value_internal":1,"distribution":"{\"name\": \"CategoricalDistribution\", \"attributes\": {\"choices\": [16, 32, 64]}}"}
{"op_code":5,"worker_id":"e76d18ae-e53a-4ecb-ae63-890896211a3e-132460121368064","trial_id":46,"param_name":"weight_decay","param_value_internal":2.483274763047136e-06,"distribution":"{\"name\": \"FloatDistribution\", \"attributes\": {\"step\": null, \"low\": 1e-06, \"high\": 0.01, \"log\": true}}"}
{"op_code":5,"worker_id":"e76d18ae-e53a-4ecb-ae63-890896211a3e-132460121368064","trial_id":46,"param_name":"dropout","param_value_internal":0.24336443841115224,"distribution":"{\"name\": \"FloatDistribution\", \"attributes\": {\"step\": null, \"low\": 0.0, \"high\": 0.3, \"log\": false}}"}
{"op_code":5,"worker_id":"e76d18ae-e53a-4ecb-ae63-890896211a3e-132460121368064","trial_id":46,"param_name":"patience","param_value_internal":5.0,"distribution":"{\"name\": \"IntDistribution\", \"attributes\": {\"log\": false, \"step\": 1, \"low\": 2, \"high\": 5}}"}
{"op_code":7,"worker_id":"1eac8271-c97f-4973-a60a-3164527c77cb-134904042616320","trial_id":39,"step":1,"intermediate_value":0.40342438337359937}
{"op_code":6,"worker_id":"1eac8271-c97f-4973-a60a-3164527c77cb-134904042616320","trial_id":39,"state":2,"values":[0.40342438337359937],"datetime_complete":"2026-08-20T10:33:42.485736"}
{"op_code":4,"worker_id":"1eac8271-c97f-4973-a60a-3164527c77cb-134904042616320","study_id":0,"datetime_start":"2026-08-20T10:33:42.490486"}
{"op_code":5,"worker_id":"1eac8271-c97f-4973-a60a-3164527c77cb-134904042616320","trial_id":47,"param_name":"lr","param_value_internal":0.00010404861585734643,"distribution":"{\"name\": \"FloatDistribution\", \"attributes\": {\"step\": null, \"low\": 5e-06, \"high\": 0.0003, \"log\": true}}"}
{"op_code":5,"worker_id":"1eac8271-c97f-4973-a60a-3164527c77cb-134904042616320","trial_id":47,"param_name":"batch_size","param_value_internal":1,"distribution":"{\"name\": \"CategoricalDistribution\", \"attributes\": {\"choices\": [16, 32, 64]}}"}
{"op_code":5,"worker_id":"1eac8271-c97f-4973-a60a-3164527c77cb-134904042616320","trial_id":47,"param_name":"weight_decay","param_value_internal":2.3410707997226305e-06,"distribution":"{\"name\": \"FloatDistribution\", \"attributes\": {\"step\": null, \"low\": 1e-06, \"high\": 0.01, \"log\": true}}"}
{"op_code":5,"worker_id":"1eac8271-c97f-4973-a60a-3164527c77cb-134904042616320","trial_id":47,"param_name":"dropout","param_value_internal":0.25072828863194807,"distribution":"{\"name\": \"FloatDistribution\", \"attributes\": {\"step\": null, \"low\": 0.0, \"high\": 0.3, \"log\": false}}"}
{"op_code":5,"worker_id":"1eac8271-c97f-4973-a60a-3164527c77cb-134904042616320","trial_id":47,"param_name":"patience","param_value_internal":5.0,"distribution":"{\"name\": \"IntDistribution\", \"attributes\": {\"log\": false, \"step\": 1, \"low\": 2, \"high\": 5}}"}
{"op_code":7,"worker_id":"51f74a28-646c-4369-950c-66d750dd622c-131656625030656","trial_id":36,"step":1,"intermediate_value":0.3692811135075364}
{"op_code":7,"worker_id":"51636565-2f79-4a6a-a502-2d4d6d3cf543-131262308693504","trial_id":34,"step":1,"intermediate_value":0.3795634611690927}
{"op_code":7,"worker_id":"d213cdce-6748-4049-a658-73fab6e5aeae-124400399664640","trial_id":40,"step":1,"intermediate_value":0.4186143531413266}
{"op_code":6,"worker_id":"d213cdce-6748-4049-a658-73fab6e5aeae-124400399664640","trial_id":40,"state":2,"values":[0.4186143531413266],"datetime_complete":"2026-08-20T10:34:19.927206"}
{"op_code":4,"worker_id":"d213cdce-6748-4049-a658-73fab6e5aeae-124400399664640","study_id":0,"datetime_start":"2026-08-20T10:34:19.932079"}
{"op_code":5,"worker_id":"d213cdce-6748-4049-a658-73fab6e5aeae-124400399664640","trial_id":48,"param_name":"lr","param_value_internal":0.0001080135511329861,"distribution":"{\"name\": \"FloatDistribution\", \"attributes\": {\"step\": null, \"low\": 5e-06, \"high\": 0.0003, \"log\": true}}"}
{"op_code":5,"worker_id":"d213cdce-6748-4049-a658-73fab6e5aeae-124400399664640","trial_id":48,"param_name":"batch_size","param_value_internal":1,"distribution":"{\"name\": \"CategoricalDistribution\", \"attributes\": {\"choices\": [16, 32, 64]}}"}
{"op_code":5,"worker_id":"d213cdce-6748-4049-a658-73fab6e5aeae-124400399664640","trial_id":48,"param_name":"weight_decay","param_value_internal":7.09295588776581e-06,"distribution":"{\"name\": \"FloatDistribution\", \"attributes\": {\"step\": null, \"low\": 1e-06, \"high\": 0.01, \"log\": true}}"}
{"op_code":5,"worker_id":"d213cdce-6748-4049-a658-73fab6e5aeae-124400399664640","trial_id":48,"param_name":"dropout","param_value_internal":0.2520717276954221,"distribution":"{\"name\": \"FloatDistribution\", \"attributes\": {\"step\": null, \"low\": 0.0, \"high\": 0.3, \"log\": false}}"}
{"op_code":5,"worker_id":"d213cdce-6748-4049-a658-73fab6e5aeae-124400399664640","trial_id":48,"param_name":"patience","param_value_internal":5.0,"distribution":"{\"name\": \"IntDistribution\", \"attributes\": {\"log\": false, \"step\": 1, \"low\": 2, \"high\": 5}}"}
{"op_code":7,"worker_id":"e6c35a08-02fb-4e42-ab73-86fd8adba8db-136264221345280","trial_id":37,"step":1,"intermediate_value":0.3793919345904742}
{"op_code":7,"worker_id":"673a5381-68b5-4521-999a-4fc6aba1a482-130671200167424","trial_id":41,"step":1,"intermediate_value":0.3959612611659996}
{"op_code":6,"worker_id":"673a5381-68b5-4521-999a-4fc6aba1a482-130671200167424","trial_id":41,"state":2,"values":[0.3959612611659996],"datetime_complete":"2026-08-20T10:34:48.702615"}
{"op_code":4,"worker_id":"673a5381-68b5-4521-999a-4fc6aba1a482-130671200167424","study_id":0,"datetime_start":"2026-08-20T10:34:48.707467"}
{"op_code":5,"worker_id":"673a5381-68b5-4521-999a-4fc6aba1a482-130671200167424","trial_id":49,"param_name":"lr","param_value_internal":2.2527313353617654e-05,"distribution":"{\"name\": \"FloatDistribution\", \"attributes\": {\"step\": null, \"low\": 5e-06, \"high\": 0.0003, \"log\": true}}"}
{"op_code":5,"worker_id":"673a5381-68b5-4521-999a-4fc6aba1a482-130671200167424","trial_id":49,"param_name":"batch_size","param_value_internal":1,"distribution":"{\"name\": \"CategoricalDistribution\", \"attributes\": {\"choices\": [16, 32, 64]}}"}
{"op_code":5,"worker_id":"673a5381-68b5-4521-999a-4fc6aba1a482-130671200167424","trial_id":49,"param_name":"weight_decay","param_value_internal":7.739336318327271e-06,"distribution":"{\"name\": \"FloatDistribution\", \"attributes\": {\"step\": null, \"low\": 1e-06, \"high\": 0.01, \"log\": true}}"}
{"op_code":5,"worker_id":"673a5381-68b5-4521-999a-4fc6aba1a482-130671200167424","trial_id":49,"param_name":"dropout","param_value_internal":0.25446347590948537,"distribution":"{\"name\": \"FloatDistribution\", \"attributes\": {\"step\": null, \"low\": 0.0, \"high\": 0.3, \"log\": false}}"}
{"op_code":5,"worker_id":"673a5381-68b5-4521-999a-4fc6aba1a482-130671200167424","trial_id":49,"param_name":"patience","param_value_internal":5.0,"distribution":"{\"name\": \"IntDistribution\", \"attributes\": {\"log\": false, \"step\": 1, \"low\": 2, \"high\": 5}}"}
{"op_code":7,"worker_id":"cf7d6830-0a8e-4deb-b770-6b1feb3e3282-133716344071680","trial_id":38,"step":1,"intermediate_value":0.37581124316758824}
{"op_code":7,"worker_id":"b9892336-fae9-4394-9dd3-b03653e12d2a-127267409823232","trial_id":43,"step":1,"intermediate_value":0.37602778527527864}
{"op_code":7,"worker_id":"37e8bd16-9218-40bf-99f3-4fa1a708a5c3-131637758723584","trial_id":42,"step":1,"intermediate_value":0.37793932884061027}
{"op_code":7,"worker_id":"79fbe97c-198d-4d0e-8786-9813e9be38e9-135126523921920","trial_id":45,"step":1,"intermediate_value":0.37625249903175917}
{"op_code":7,"worker_id":"fa5194fe-09ec-4cab-b26f-7ccc891e7020-124730445026816","trial_id":44,"step":1,"intermediate_value":0.37355114779889725}
{"op_code":7,"worker_id":"51636565-2f79-4a6a-a502-2d4d6d3cf543-131262308693504","trial_id":34,"step":2,"intermediate_value":0.3768719408384149}
{"op_code":6,"worker_id":"51636565-2f79-4a6a-a502-2d4d6d3cf543-131262308693504","trial_id":34,"state":1,"values":[0.3768719408384149],"datetime_complete":"2026-08-20T10:38:54.687893"}
{"op_code":4,"worker_id":"51636565-2f79-4a6a-a502-2d4d6d3cf543-131262308693504","study_id":0,"datetime_start":"2026-08-20T10:38:54.692703"}
{"op_code":5,"worker_id":"51636565-2f79-4a6a-a502-2d4d6d3cf543-131262308693504","trial_id":50,"param_name":"lr","param_value_internal":9.820656374427874e-05,"distribution":"{\"name\": \"FloatDistribution\", \"attributes\": {\"step\": null, \"low\": 5e-06, \"high\": 0.0003, \"log\": true}}"}
{"op_code":5,"worker_id":"51636565-2f79-4a6a-a502-2d4d6d3cf543-131262308693504","trial_id":50,"param_name":"batch_size","param_value_internal":1,"distribution":"{\"name\": \"CategoricalDistribution\", \"attributes\": {\"choices\": [16, 32, 64]}}"}
{"op_code":5,"worker_id":"51636565-2f79-4a6a-a502-2d4d6d3cf543-131262308693504","trial_id":50,"param_name":"weight_decay","param_value_internal":7.009465289478604e-06,"distribution":"{\"name\": \"FloatDistribution\", \"attributes\": {\"step\": null, \"low\": 1e-06, \"high\": 0.01, \"log\": true}}"}
{"op_code":5,"worker_id":"51636565-2f79-4a6a-a502-2d4d6d3cf543-131262308693504","trial_id":50,"param_name":"dropout","param_value_internal":0.24573164104959683,"distribution":"{\"name\": \"FloatDistribution\", \"attributes\": {\"step\": null, \"low\": 0.0, \"high\": 0.3, \"log\": false}}"}
{"op_code":5,"worker_id":"51636565-2f79-4a6a-a502-2d4d6d3cf543-131262308693504","trial_id":50,"param_name":"patience","param_value_internal":5.0,"distribution":"{\"name\": \"IntDistribution\", \"attributes\": {\"log\": false, \"step\": 1, \"low\": 2, \"high\": 5}}"}
{"op_code":7,"worker_id":"e76d18ae-e53a-4ecb-ae63-890896211a3e-132460121368064","trial_id":46,"step":1,"intermediate_value":0.39720155509872734}
{"op_code":6,"worker_id":"e76d18ae-e53a-4ecb-ae63-890896211a3e-132460121368064","trial_id":46,"state":2,"values":[0.39720155509872734],"datetime_complete":"2026-08-20T10:38:56.919477"}
{"op_code":4,"worker_id":"e76d18ae-e53a-4ecb-ae63-890896211a3e-132460121368064","study_id":0,"datetime_start":"2026-08-20T10:38:56.923802"}
{"op_code":5,"worker_id":"e76d18ae-e53a-4ecb-ae63-890896211a3e-132460121368064","trial_id":51,"param_name":"lr","param_value_internal":2.301743507394937e-05,"distribution":"{\"name\": \"FloatDistribution\", \"attributes\": {\"step\": null, \"low\": 5e-06, \"high\": 0.0003, \"log\": true}}"}
{"op_code":5,"worker_id":"e76d18ae-e53a-4ecb-ae63-890896211a3e-132460121368064","trial_id":51,"param_name":"batch_size","param_value_internal":1,"distribution":"{\"name\": \"CategoricalDistribution\", \"attributes\": {\"choices\": [16, 32, 64]}}"}
{"op_code":5,"worker_id":"e76d18ae-e53a-4ecb-ae63-890896211a3e-132460121368064","trial_id":51,"param_name":"weight_decay","param_value_internal":7.361257689518972e-06,"distribution":"{\"name\": \"FloatDistribution\", \"attributes\": {\"step\": null, \"low\": 1e-06, \"high\": 0.01, \"log\": true}}"}
{"op_code":5,"worker_id":"e76d18ae-e53a-4ecb-ae63-890896211a3e-132460121368064","trial_id":51,"param_name":"dropout","param_value_internal":0.25574465772308497,"distribution":"{\"name\": \"FloatDistribution\", \"attributes\": {\"step\": null, \"low\": 0.0, \"high\": 0.3, \"log\": false}}"}
{"op_code":5,"worker_id":"e76d18ae-e53a-4ecb-ae63-890896211a3e-132460121368064","trial_id":51,"param_name":"patience","param_value_internal":5.0,"distribution":"{\"name\": \"IntDistribution\", \"attributes\": {\"log\": false, \"step\": 1, \"low\": 2, \"high\": 5}}"}
{"op_code":7,"worker_id":"1eac8271-c97f-4973-a60a-3164527c77cb-134904042616320","trial_id":47,"step":1,"intermediate_value":0.3903346050280123}
{"op_code":6,"worker_id":"1eac8271-c97f-4973-a60a-3164527c77cb-134904042616320","trial_id":47,"state":2,"values":[0.3903346050280123],"datetime_complete":"2026-08-20T10:39:26.974910"}
{"op_code":4,"worker_id":"1eac8271-c97f-4973-a60a-3164527c77cb-134904042616320","study_id":0,"datetime_start":"2026-08-20T10:39:26.979839"}
{"op_code":5,"worker_id":"1eac8271-c97f-4973-a60a-3164527c77cb-134904042616320","trial_id":52,"param_name":"lr","param_value_internal":2.3661245921582322e-05,"distribution":"{\"name\": \"FloatDistribution\", \"attributes\": {\"step\": null, \"low\": 5e-06, \"high\": 0.0003, \"log\": true}}"}
{"op_code":5,"worker_id":"1eac8271-c97f-4973-a60a-3164527c77cb-134904042616320","trial_id":52,"param_name":"batch_size","param_value_internal":1,"distribution":"{\"name\": \"CategoricalDistribution\", \"attributes\": {\"choices\": [16, 32, 64]}}"}
{"op_code":5,"worker_id":"1eac8271-c97f-4973-a60a-3164527c77cb-134904042616320","trial_id":52,"param_name":"weight_decay","param_value_internal":6.785683793938796e-06,"distribution":"{\"name\": \"FloatDistribution\", \"attributes\": {\"step\": null, \"low\": 1e-06, \"high\": 0.01, \"log\": true}}"}
{"op_code":5,"worker_id":"1eac8271-c97f-4973-a60a-3164527c77cb-134904042616320","trial_id":52,"param_name":"dropout","param_value_internal":0.22116340421032252,"distribution":"{\"name\": \"FloatDistribution\", \"attributes\": {\"step\": null, \"low\": 0.0, \"high\": 0.3, \"log\": false}}"}
{"op_code":5,"worker_id":"1eac8271-c97f-4973-a60a-3164527c77cb-134904042616320","trial_id":52,"param_name":"patience","param_value_internal":5.0,"distribution":"{\"name\": \"IntDistribution\", \"attributes\": {\"log\": false, \"step\": 1, \"low\": 2, \"high\": 5}}"}
{"op_code":7,"worker_id":"51f74a28-646c-4369-950c-66d750dd622c-131656625030656","trial_id":36,"step":2,"intermediate_value":0.3728065610167088}
{"op_code":6,"worker_id":"51f74a28-646c-4369-950c-66d750dd622c-131656625030656","trial_id":36,"state":1,"values":[0.3728065610167088],"datetime_complete":"2026-08-20T10:39:51.559381"}
{"op_code":4,"worker_id":"51f74a28-646c-4369-950c-66d750dd622c-131656625030656","study_id":0,"datetime_start":"2026-08-20T10:39:51.564309"}
{"op_code":5,"worker_id":"51f74a28-646c-4369-950c-66d750dd622c-131656625030656","trial_id":53,"param_name":"lr","param_value_internal":2.3159129545153992e-05,"distribution":"{\"name\": \"FloatDistribution\", \"attributes\": {\"step\": null, \"low\": 5e-06, \"high\": 0.0003, \"log\": true}}"}
{"op_code":5,"worker_id":"51f74a28-646c-4369-950c-66d750dd622c-131656625030656","trial_id":53,"param_name":"batch_size","param_value_internal":1,"distribution":"{\"name\": \"CategoricalDistribution\", \"attributes\": {\"choices\": [16, 32, 64]}}"}
{"op_code":5,"worker_id":"51f74a28-646c-4369-950c-66d750dd622c-131656625030656","trial_id":53,"param_name":"weight_decay","param_value_internal":6.920947526790496e-06,"distribution":"{\"name\": \"FloatDistribution\", \"attributes\": {\"step\": null, \"low\": 1e-06, \"high\": 0.01, \"log\": true}}"}
{"op_code":5,"worker_id":"51f74a28-646c-4369-950c-66d750dd622c-131656625030656","trial_id":53,"param_name":"dropout","param_value_internal":0.2270753882125406,"distribution":"{\"name\": \"FloatDistribution\", \"attributes\": {\"step\": null, \"low\": 0.0, \"high\": 0.3, \"log\": false}}"}
{"op_code":5,"worker_id":"51f74a28-646c-4369-950c-66d750dd622c-131656625030656","trial_id":53,"param_name":"patience","param_value_internal":5.0,"distribution":"{\"name\": \"IntDistribution\", \"attributes\": {\"log\": false, \"step\": 1, \"low\": 2, \"high\": 5}}"}
{"op_code":7,"worker_id":"e6c35a08-02fb-4e42-ab73-86fd8adba8db-136264221345280","trial_id":37,"step":2,"intermediate_value":0.3799547513650622}
{"op_code":6,"worker_id":"e6c35a08-02fb-4e42-ab73-86fd8adba8db-136264221345280","trial_id":37,"state":1,"values":[0.3799547513650622],"datetime_complete":"2026-08-20T10:40:21.966932"}
{"op_code":4,"worker_id":"e6c35a08-02fb-4e42-ab73-86fd8adba8db-136264221345280","study_id":0,"datetime_start":"2026-08-20T10:40:21.971600"}
{"op_code":5,"worker_id":"e6c35a08-02fb-4e42-ab73-86fd8adba8db-136264221345280","trial_id":54,"param_name":"lr","param_value_internal":2.0689379776093333e-05,"distribution":"{\"name\": \"FloatDistribution\", \"attributes\": {\"step\": null, \"low\": 5e-06, \"high\": 0.0003, \"log\": true}}"}
{"op_code":5,"worker_id":"e6c35a08-02fb-4e42-ab73-86fd8adba8db-136264221345280","trial_id":54,"param_name":"batch_size","param_value_internal":1,"distribution":"{\"name\": \"CategoricalDistribution\", \"attributes\": {\"choices\": [16, 32, 64]}}"}
{"op_code":5,"worker_id":"e6c35a08-02fb-4e42-ab73-86fd8adba8db-136264221345280","trial_id":54,"param_name":"weight_decay","param_value_internal":7.33913983132493e-06,"distribution":"{\"name\": \"FloatDistribution\", \"attributes\": {\"step\": null, \"low\": 1e-06, \"high\": 0.01, \"log\": true}}"}
{"op_code":5,"worker_id":"e6c35a08-02fb-4e42-ab73-86fd8adba8db-136264221345280","trial_id":54,"param_name":"dropout","param_value_internal":0.2333671241277363,"distribution":"{\"name\": \"FloatDistribution\", \"attributes\": {\"step\": null, \"low\": 0.0, \"high\": 0.3, \"log\": false}}"}
{"op_code":5,"worker_id":"e6c35a08-02fb-4e42-ab73-86fd8adba8db-136264221345280","trial_id":54,"param_name":"patience","param_value_internal":5.0,"distribution":"{\"name\": \"IntDistribution\", \"attributes\": {\"log\": false, \"step\": 1, \"low\": 2, \"high\": 5}}"}
{"op_code":7,"worker_id":"673a5381-68b5-4521-999a-4fc6aba1a482-130671200167424","trial_id":49,"step":1,"intermediate_value":0.3900585978743474}
{"op_code":6,"worker_id":"673a5381-68b5-4521-999a-4fc6aba1a482-130671200167424","trial_id":49,"state":2,"values":[0.3900585978743474],"datetime_complete":"2026-08-20T10:40:37.048540"}
{"op_code":4,"worker_id":"673a5381-68b5-4521-999a-4fc6aba1a482-130671200167424","study_id":0,"datetime_start":"2026-08-20T10:40:37.053255"}
{"op_code":5,"worker_id":"673a5381-68b5-4521-999a-4fc6aba1a482-130671200167424","trial_id":55,"param_name":"lr","param_value_internal":0.00011011733413764391,"distribution":"{\"name\": \"FloatDistribution\", \"attributes\": {\"step\": null, \"low\": 5e-06, \"high\": 0.0003, \"log\": true}}"}
{"op_code":5,"worker_id":"673a5381-68b5-4521-999a-4fc6aba1a482-130671200167424","trial_id":55,"param_name":"batch_size","param_value_internal":1,"distribution":"{\"name\": \"CategoricalDistribution\", \"attributes\": {\"choices\": [16, 32, 64]}}"}
{"op_code":5,"worker_id":"673a5381-68b5-4521-999a-4fc6aba1a482-130671200167424","trial_id":55,"param_name":"weight_decay","param_value_internal":4.478362389510722e-06,"distribution":"{\"name\": \"FloatDistribution\", \"attributes\": {\"step\": null, \"low\": 1e-06, \"high\": 0.01, \"log\": true}}"}
{"op_code":5,"worker_id":"673a5381-68b5-4521-999a-4fc6aba1a482-130671200167424","trial_id":55,"param_name":"dropout","param_value_internal":0.2192536006483279,"distribution":"{\"name\": \"FloatDistribution\", \"attributes\": {\"step\": null, \"low\": 0.0, \"high\": 0.3, \"log\": false}}"}
{"op_code":5,"worker_id":"673a5381-68b5-4521-999a-4fc6aba1a482-130671200167424","trial_id":55,"param_name":"patience","param_value_internal":5.0,"distribution":"{\"name\": \"IntDistribution\", \"attributes\": {\"log\": false, \"step\": 1, \"low\": 2, \"high\": 5}}"}
{"op_code":7,"worker_id":"d213cdce-6748-4049-a658-73fab6e5aeae-124400399664640","trial_id":48,"step":1,"intermediate_value":0.3858924721082413}
{"op_code":6,"worker_id":"d213cdce-6748-4049-a658-73fab6e5aeae-124400399664640","trial_id":48,"state":2,"values":[0.3858924721082413],"datetime_complete":"2026-08-20T10:40:48.972089"}
{"op_code":4,"worker_id":"d213cdce-6748-4049-a658-73fab6e5aeae-124400399664640","study_id":0,"datetime_start":"2026-08-20T10:40:48.977053"}
{"op_code":5,"worker_id":"d213cdce-6748-4049-a658-73fab6e5aeae-124400399664640","trial_id":56,"param_name":"lr","param_value_internal":1.9624125548860578e-05,"distribution":"{\"name\": \"FloatDistribution\", \"attributes\": {\"step\": null, \"low\": 5e-06, \"high\": 0.0003, \"log\": true}}"}
{"op_code":5,"worker_id":"d213cdce-6748-4049-a658-73fab6e5aeae-124400399664640","trial_id":56,"param_name":"batch_size","param_value_internal":1,"distribution":"{\"name\": \"CategoricalDistribution\", \"attributes\": {\"choices\": [16, 32, 64]}}"}
{"op_code":5,"worker_id":"d213cdce-6748-4049-a658-73fab6e5aeae-124400399664640","trial_id":56,"param_name":"weight_decay","param_value_internal":3.782221365323033e-06,"distribution":"{\"name\": \"FloatDistribution\", \"attributes\": {\"step\": null, \"low\": 1e-06, \"high\": 0.01, \"log\": true}}"}
{"op_code":5,"worker_id":"d213cdce-6748-4049-a658-73fab6e5aeae-124400399664640","trial_id":56,"param_name":"dropout","param_value_internal":0.2965501660736743,"distribution":"{\"name\": \"FloatDistribution\", \"attributes\": {\"step\": null, \"low\": 0.0, \"high\": 0.3, \"log\": false}}"}
{"op_code":5,"worker_id":"d213cdce-6748-4049-a658-73fab6e5aeae-124400399664640","trial_id":56,"param_name":"patience","param_value_internal":5.0,"distribution":"{\"name\": \"IntDistribution\", \"attributes\": {\"log\": false, \"step\": 1, \"low\": 2, \"high\": 5}}"}
{"op_code":7,"worker_id":"cf7d6830-0a8e-4deb-b770-6b1feb3e3282-133716344071680","trial_id":38,"step":2,"intermediate_value":0.3800310560035978}
{"op_code":6,"worker_id":"cf7d6830-0a8e-4deb-b770-6b1feb3e3282-133716344071680","trial_id":38,"state":1,"values":[0.3800310560035978],"datetime_complete":"2026-08-20T10:41:13.001602"}
{"op_code":4,"worker_id":"cf7d6830-0a8e-4deb-b770-6b1feb3e3282-133716344071680","study_id":0,"datetime_start":"2026-08-20T10:41:13.006328"}
{"op_code":5,"worker_id":"cf7d6830-0a8e-4deb-b770-6b1feb3e3282-133716344071680","trial_id":57,"param_name":"lr","param_value_internal":2.096152743806285e-05,"distribution":"{\"name\": \"FloatDistribution\", \"attributes\": {\"step\": null, \"low\": 5e-06, \"high\": 0.0003, \"log\": true}}"}
{"op_code":5,"worker_id":"cf7d6830-0a8e-4deb-b770-6b1feb3e3282-133716344071680","trial_id":57,"param_name":"batch_size","param_value_internal":1,"distribution":"{\"name\": \"CategoricalDistribution\", \"attributes\": {\"choices\": [16, 32, 64]}}"}
{"op_code":5,"worker_id":"cf7d6830-0a8e-4deb-b770-6b1feb3e3282-133716344071680","trial_id":57,"param_name":"weight_decay","param_value_internal":4.041185150289606e-06,"distribution":"{\"name\": \"FloatDistribution\", \"attributes\": {\"step\": null, \"low\": 1e-06, \"high\": 0.01, \"log\": true}}"}
{"op_code":5,"worker_id":"cf7d6830-0a8e-4deb-b770-6b1feb3e3282-133716344071680","trial_id":57,"param_name":"dropout","param_value_internal":0.2240373285783716,"distribution":"{\"name\": \"FloatDistribution\", \"attributes\": {\"step\": null, \"low\": 0.0, \"high\": 0.3, \"log\": false}}"}
{"op_code":5,"worker_id":"cf7d6830-0a8e-4deb-b770-6b1feb3e3282-133716344071680","trial_id":57,"param_name":"patience","param_value_internal":5.0,"distribution":"{\"name\": \"IntDistribution\", \"attributes\": {\"log\": false, \"step\": 1, \"low\": 2, \"high\": 5}}"}
{"op_code":7,"worker_id":"79fbe97c-198d-4d0e-8786-9813e9be38e9-135126523921920","trial_id":45,"step":2,"intermediate_value":0.3736449120927709}
{"op_code":6,"worker_id":"79fbe97c-198d-4d0e-8786-9813e9be38e9-135126523921920","trial_id":45,"state":1,"values":[0.3736449120927709],"datetime_complete":"2026-08-20T10:42:03.052041"}
{"op_code":4,"worker_id":"79fbe97c-198d-4d0e-8786-9813e9be38e9-135126523921920","study_id":0,"datetime_start":"2026-08-20T10:42:03.056699"}
{"op_code":5,"worker_id":"79fbe97c-198d-4d0e-8786-9813e9be38e9-135126523921920","trial_id":58,"param_name":"lr","param_value_internal":0.00011427323827467131,"distribution":"{\"name\": \"FloatDistribution\", \"attributes\": {\"step\": null, \"low\": 5e-06, \"high\": 0.0003, \"log\": true}}"}
{"op_code":5,"worker_id":"79fbe97c-198d-4d0e-8786-9813e9be38e9-135126523921920","trial_id":58,"param_name":"batch_size","param_value_internal":2,"distribution":"{\"name\": \"CategoricalDistribution\", \"attributes\": {\"choices\": [16, 32, 64]}}"}
{"op_code":5,"worker_id":"79fbe97c-198d-4d0e-8786-9813e9be38e9-135126523921920","trial_id":58,"param_name":"weight_decay","param_value_internal":3.876060485804541e-06,"distribution":"{\"name\": \"FloatDistribution\", \"attributes\": {\"step\": null, \"low\": 1e-06, \"high\": 0.01, \"log\": true}}"}
{"op_code":5,"worker_id":"79fbe97c-198d-4d0e-8786-9813e9be38e9-135126523921920","trial_id":58,"param_name":"dropout","param_value_internal":0.2959331960752312,"distribution":"{\"name\": \"FloatDistribution\", \"attributes\": {\"step\": null, \"low\": 0.0, \"high\": 0.3, \"log\": false}}"}
{"op_code":5,"worker_id":"79fbe97c-198d-4d0e-8786-9813e9be38e9-135126523921920","trial_id":58,"param_name":"patience","param_value_internal":5.0,"distribution":"{\"name\": \"IntDistribution\", \"attributes\": {\"log\": false, \"step\": 1, \"low\": 2, \"high\": 5}}"}
{"op_code":7,"worker_id":"fa5194fe-09ec-4cab-b26f-7ccc891e7020-124730445026816","trial_id":44,"step":2,"intermediate_value":0.36790893223496546}
{"op_code":6,"worker_id":"fa5194fe-09ec-4cab-b26f-7ccc891e7020-124730445026816","trial_id":44,"state":1,"values":[0.36790893223496546],"datetime_complete":"2026-08-20T10:42:36.241393"}
{"op_code":4,"worker_id":"fa5194fe-09ec-4cab-b26f-7ccc891e7020-124730445026816","study_id":0,"datetime_start":"2026-08-20T10:42:36.246606"}
{"op_code":5,"worker_id":"fa5194fe-09ec-4cab-b26f-7ccc891e7020-124730445026816","trial_id":59,"param_name":"lr","param_value_internal":0.00011518467307216369,"distribution":"{\"name\": \"FloatDistribution\", \"attributes\": {\"step\": null, \"low\": 5e-06, \"high\": 0.0003, \"log\": true}}"}
{"op_code":5,"worker_id":"fa5194fe-09ec-4cab-b26f-7ccc891e7020-124730445026816","trial_id":59,"param_name":"batch_size","param_value_internal":2,"distribution":"{\"name\": \"CategoricalDistribution\", \"attributes\": {\"choices\": [16, 32, 64]}}"}
{"op_code":5,"worker_id":"fa5194fe-09ec-4cab-b26f-7ccc891e7020-124730445026816","trial_id":59,"param_name":"weight_decay","param_value_internal":4.1234598494622055e-06,"distribution":"{\"name\": \"FloatDistribution\", \"attributes\": {\"step\": null, \"low\": 1e-06, \"high\": 0.01, \"log\": true}}"}
{"op_code":5,"worker_id":"fa5194fe-09ec-4cab-b26f-7ccc891e7020-124730445026816","trial_id":59,"param_name":"dropout","param_value_internal":0.2986115152202839,"distribution":"{\"name\": \"FloatDistribution\", \"attributes\": {\"step\": null, \"low\": 0.0, \"high\": 0.3, \"log\": false}}"}
{"op_code":5,"worker_id":"fa5194fe-09ec-4cab-b26f-7ccc891e7020-124730445026816","trial_id":59,"param_name":"patience","param_value_internal":5.0,"distribution":"{\"name\": \"IntDistribution\", \"attributes\": {\"log\": false, \"step\": 1, \"low\": 2, \"high\": 5}}"}
{"op_code":7,"worker_id":"b9892336-fae9-4394-9dd3-b03653e12d2a-127267409823232","trial_id":43,"step":2,"intermediate_value":0.37005349102580243}
{"op_code":6,"worker_id":"b9892336-fae9-4394-9dd3-b03653e12d2a-127267409823232","trial_id":43,"state":1,"values":[0.37005349102580243],"datetime_complete":"2026-08-20T10:43:11.573702"}
{"op_code":4,"worker_id":"b9892336-fae9-4394-9dd3-b03653e12d2a-127267409823232","study_id":0,"datetime_start":"2026-08-20T10:43:11.578528"}
{"op_code":5,"worker_id":"b9892336-fae9-4394-9dd3-b03653e12d2a-127267409823232","trial_id":60,"param_name":"lr","param_value_internal":0.00013979493210316323,"distribution":"{\"name\": \"FloatDistribution\", \"attributes\": {\"step\": null, \"low\": 5e-06, \"high\": 0.0003, \"log\": true}}"}
{"op_code":5,"worker_id":"b9892336-fae9-4394-9dd3-b03653e12d2a-127267409823232","trial_id":60,"param_name":"batch_size","param_value_internal":2,"distribution":"{\"name\": \"CategoricalDistribution\", \"attributes\": {\"choices\": [16, 32, 64]}}"}
{"op_code":5,"worker_id":"b9892336-fae9-4394-9dd3-b03653e12d2a-127267409823232","trial_id":60,"param_name":"weight_decay","param_value_internal":4.564257555687808e-06,"distribution":"{\"name\": \"FloatDistribution\", \"attributes\": {\"step\": null, \"low\": 1e-06, \"high\": 0.01, \"log\": true}}"}
{"op_code":5,"worker_id":"b9892336-fae9-4394-9dd3-b03653e12d2a-127267409823232","trial_id":60,"param_name":"dropout","param_value_internal":0.20959700493803568,"distribution":"{\"name\": \"FloatDistribution\", \"attributes\": {\"step\": null, \"low\": 0.0, \"high\": 0.3, \"log\": false}}"}
{"op_code":5,"worker_id":"b9892336-fae9-4394-9dd3-b03653e12d2a-127267409823232","trial_id":60,"param_name":"patience","param_value_internal":5.0,"distribution":"{\"name\": \"IntDistribution\", \"attributes\": {\"log\": false, \"step\": 1, \"low\": 2, \"high\": 5}}"}
{"op_code":7,"worker_id":"37e8bd16-9218-40bf-99f3-4fa1a708a5c3-131637758723584","trial_id":42,"step":2,"intermediate_value":0.3811009229314481}
{"op_code":6,"worker_id":"37e8bd16-9218-40bf-99f3-4fa1a708a5c3-131637758723584","trial_id":42,"state":1,"values":[0.3811009229314481],"datetime_complete":"2026-08-20T10:44:14.937807"}
{"op_code":4,"worker_id":"37e8bd16-9218-40bf-99f3-4fa1a708a5c3-131637758723584","study_id":0,"datetime_start":"2026-08-20T10:44:14.942751"}
{"op_code":5,"worker_id":"37e8bd16-9218-40bf-99f3-4fa1a708a5c3-131637758723584","trial_id":61,"param_name":"lr","param_value_internal":0.00013637795970421456,"distribution":"{\"name\": \"FloatDistribution\", \"attributes\": {\"step\": null, \"low\": 5e-06, \"high\": 0.0003, \"log\": true}}"}
{"op_code":5,"worker_id":"37e8bd16-9218-40bf-99f3-4fa1a708a5c3-131637758723584","trial_id":61,"param_name":"batch_size","param_value_internal":2,"distribution":"{\"name\": \"CategoricalDistribution\", \"attributes\": {\"choices\": [16, 32, 64]}}"}
{"op_code":5,"worker_id":"37e8bd16-9218-40bf-99f3-4fa1a708a5c3-131637758723584","trial_id":61,"param_name":"weight_decay","param_value_internal":4.8570388048670475e-06,"distribution":"{\"name\": \"FloatDistribution\", \"attributes\": {\"step\": null, \"low\": 1e-06, \"high\": 0.01, \"log\": true}}"}
{"op_code":5,"worker_id":"37e8bd16-9218-40bf-99f3-4fa1a708a5c3-131637758723584","trial_id":61,"param_name":"dropout","param_value_internal":0.2914941003886116,"distribution":"{\"name\": \"FloatDistribution\", \"attributes\": {\"step\": null, \"low\": 0.0, \"high\": 0.3, \"log\": false}}"}
{"op_code":5,"worker_id":"37e8bd16-9218-40bf-99f3-4fa1a708a5c3-131637758723584","trial_id":61,"param_name":"patience","param_value_internal":5.0,"distribution":"{\"name\": \"IntDistribution\", \"attributes\": {\"log\": false, \"step\": 1, \"low\": 2, \"high\": 5}}"}
{"op_code":7,"worker_id":"e76d18ae-e53a-4ecb-ae63-890896211a3e-132460121368064","trial_id":51,"step":1,"intermediate_value":0.3897532501728916}
{"op_code":6,"worker_id":"e76d18ae-e53a-4ecb-ae63-890896211a3e-132460121368064","trial_id":51,"state":2,"values":[0.3897532501728916],"datetime_complete":"2026-08-20T10:44:46.280739"}
{"op_code":4,"worker_id":"e76d18ae-e53a-4ecb-ae63-890896211a3e-132460121368064","study_id":0,"datetime_start":"2026-08-20T10:44:46.285642"}
{"op_code":5,"worker_id":"e76d18ae-e53a-4ecb-ae63-890896211a3e-132460121368064","trial_id":62,"param_name":"lr","param_value_internal":0.00013864158122661748,"distribution":"{\"name\": \"FloatDistribution\", \"attributes\": {\"step\": null, \"low\": 5e-06, \"high\": 0.0003, \"log\": true}}"}
{"op_code":5,"worker_id":"e76d18ae-e53a-4ecb-ae63-890896211a3e-132460121368064","trial_id":62,"param_name":"batch_size","param_value_internal":1,"distribution":"{\"name\": \"CategoricalDistribution\", \"attributes\": {\"choices\": [16, 32, 64]}}"}
{"op_code":5,"worker_id":"e76d18ae-e53a-4ecb-ae63-890896211a3e-132460121368064","trial_id":62,"param_name":"weight_decay","param_value_internal":3.7920038985014213e-06,"distribution":"{\"name\": \"FloatDistribution\", \"attributes\": {\"step\": null, \"low\": 1e-06, \"high\": 0.01, \"log\": true}}"}
{"op_code":5,"worker_id":"e76d18ae-e53a-4ecb-ae63-890896211a3e-132460121368064","trial_id":62,"param_name":"dropout","param_value_internal":0.22757269588760545,"distribution":"{\"name\": \"FloatDistribution\", \"attributes\": {\"step\": null, \"low\": 0.0, \"high\": 0.3, \"log\": false}}"}
{"op_code":5,"worker_id":"e76d18ae-e53a-4ecb-ae63-890896211a3e-132460121368064","trial_id":62,"param_name":"patience","param_value_internal":5.0,"distribution":"{\"name\": \"IntDistribution\", \"attributes\": {\"log\": false, \"step\": 1, \"low\": 2, \"high\": 5}}"}
{"op_code":7,"worker_id":"1eac8271-c97f-4973-a60a-3164527c77cb-134904042616320","trial_id":52,"step":1,"intermediate_value":0.39851727230191925}
{"op_code":6,"worker_id":"1eac8271-c97f-4973-a60a-3164527c77cb-134904042616320","trial_id":52,"state":2,"values":[0.39851727230191925],"datetime_complete":"2026-08-20T10:45:11.546669"}
{"op_code":4,"worker_id":"1eac8271-c97f-4973-a60a-3164527c77cb-134904042616320","study_id":0,"datetime_start":"2026-08-20T10:45:11.551147"}
{"op_code":5,"worker_id":"1eac8271-c97f-4973-a60a-3164527c77cb-134904042616320","trial_id":63,"param_name":"lr","param_value_internal":0.0001531427134358995,"distribution":"{\"name\": \"FloatDistribution\", \"attributes\": {\"step\": null, \"low\": 5e-06, \"high\": 0.0003, \"log\": true}}"}
{"op_code":5,"worker_id":"1eac8271-c97f-4973-a60a-3164527c77cb-134904042616320","trial_id":63,"param_name":"batch_size","param_value_internal":2,"distribution":"{\"name\": \"CategoricalDistribution\", \"attributes\": {\"choices\": [16, 32, 64]}}"}
{"op_code":5,"worker_id":"1eac8271-c97f-4973-a60a-3164527c77cb-134904042616320","trial_id":63,"param_name":"weight_decay","param_value_internal":3.94132341262862e-06,"distribution":"{\"name\": \"FloatDistribution\", \"attributes\": {\"step\": null, \"low\": 1e-06, \"high\": 0.01, \"log\": true}}"}
{"op_code":5,"worker_id":"1eac8271-c97f-4973-a60a-3164527c77cb-134904042616320","trial_id":63,"param_name":"dropout","param_value_internal":0.2859552780611537,"distribution":"{\"name\": \"FloatDistribution\", \"attributes\": {\"step\": null, \"low\": 0.0, \"high\": 0.3, \"log\": false}}"}
{"op_code":5,"worker_id":"1eac8271-c97f-4973-a60a-3164527c77cb-134904042616320","trial_id":63,"param_name":"patience","param_value_internal":5.0,"distribution":"{\"name\": \"IntDistribution\", \"attributes\": {\"log\": false, \"step\": 1, \"low\": 2, \"high\": 5}}"}
{"op_code":7,"worker_id":"51636565-2f79-4a6a-a502-2d4d6d3cf543-131262308693504","trial_id":50,"step":1,"intermediate_value":0.39238935676635806}
{"op_code":6,"worker_id":"51636565-2f79-4a6a-a502-2d4d6d3cf543-131262308693504","trial_id":50,"state":2,"values":[0.39238935676635806],"datetime_complete":"2026-08-20T10:45:24.757686"}
{"op_code":4,"worker_id":"51636565-2f79-4a6a-a502-2d4d6d3cf543-131262308693504","study_id":0,"datetime_start":"2026-08-20T10:45:24.762537"}
{"op_code":5,"worker_id":"51636565-2f79-4a6a-a502-2d4d6d3cf543-131262308693504","trial_id":64,"param_name":"lr","param_value_internal":0.00012122666211395446,"distribution":"{\"name\": \"FloatDistribution\", \"attributes\": {\"step\": null, \"low\": 5e-06, \"high\": 0.0003, \"log\": true}}"}
{"op_code":5,"worker_id":"51636565-2f79-4a6a-a502-2d4d6d3cf543-131262308693504","trial_id":64,"param_name":"batch_size","param_value_internal":2,"distribution":"{\"name\": \"CategoricalDistribution\", \"attributes\": {\"choices\": [16, 32, 64]}}"}
{"op_code":5,"worker_id":"51636565-2f79-4a6a-a502-2d4d6d3cf543-131262308693504","trial_id":64,"param_name":"weight_decay","param_value_internal":3.841718155209545e-06,"distribution":"{\"name\": \"FloatDistribution\", \"attributes\": {\"step\": null, \"low\": 1e-06, \"high\": 0.01, \"log\": true}}"}
{"op_code":5,"worker_id":"51636565-2f79-4a6a-a502-2d4d6d3cf543-131262308693504","trial_id":64,"param_name":"dropout","param_value_internal":0.2980085504960344,"distribution":"{\"name\": \"FloatDistribution\", \"attributes\": {\"step\": null, \"low\": 0.0, \"high\": 0.3, \"log\": false}}"}
{"op_code":5,"worker_id":"51636565-2f79-4a6a-a502-2d4d6d3cf543-131262308693504","trial_id":64,"param_name":"patience","param_value_internal":5.0,"distribution":"{\"name\": \"IntDistribution\", \"attributes\": {\"log\": false, \"step\": 1, \"low\": 2, \"high\": 5}}"}
{"op_code":7,"worker_id":"51f74a28-646c-4369-950c-66d750dd622c-131656625030656","trial_id":53,"step":1,"intermediate_value":0.3910884964449446}
{"op_code":6,"worker_id":"51f74a28-646c-4369-950c-66d750dd622c-131656625030656","trial_id":53,"state":2,"values":[0.3910884964449446],"datetime_complete":"2026-08-20T10:45:36.315061"}
{"op_code":4,"worker_id":"51f74a28-646c-4369-950c-66d750dd622c-131656625030656","study_id":0,"datetime_start":"2026-08-20T10:45:36.320301"}
{"op_code":5,"worker_id":"51f74a28-646c-4369-950c-66d750dd622c-131656625030656","trial_id":65,"param_name":"lr","param_value_internal":0.00013795560580551046,"distribution":"{\"name\": \"FloatDistribution\", \"attributes\": {\"step\": null, \"low\": 5e-06, \"high\": 0.0003, \"log\": true}}"}
{"op_code":5,"worker_id":"51f74a28-646c-4369-950c-66d750dd622c-131656625030656","trial_id":65,"param_name":"batch_size","param_value_internal":2,"distribution":"{\"name\": \"CategoricalDistribution\", \"attributes\": {\"choices\": [16, 32, 64]}}"}
{"op_code":5,"worker_id":"51f74a28-646c-4369-950c-66d750dd622c-131656625030656","trial_id":65,"param_name":"weight_decay","param_value_internal":3.829098380793498e-06,"distribution":"{\"name\": \"FloatDistribution\", \"attributes\": {\"step\": null, \"low\": 1e-06, \"high\": 0.01, \"log\": true}}"}
{"op_code":5,"worker_id":"51f74a28-646c-4369-950c-66d750dd622c-131656625030656","trial_id":65,"param_name":"dropout","param_value_internal":0.29083982478810966,"distribution":"{\"name\": \"FloatDistribution\", \"attributes\": {\"step\": null, \"low\": 0.0, \"high\": 0.3, \"log\": false}}"}
{"op_code":5,"worker_id":"51f74a28-646c-4369-950c-66d750dd622c-131656625030656","trial_id":65,"param_name":"patience","param_value_internal":5.0,"distribution":"{\"name\": \"IntDistribution\", \"attributes\": {\"log\": false, \"step\": 1, \"low\": 2, \"high\": 5}}"}
{"op_code":7,"worker_id":"b9892336-fae9-4394-9dd3-b03653e12d2a-127267409823232","trial_id":60,"step":1,"intermediate_value":0.4563709725473949}
{"op_code":6,"worker_id":"b9892336-fae9-4394-9dd3-b03653e12d2a-127267409823232","trial_id":60,"state":2,"values":[0.4563709725473949],"datetime_complete":"2026-08-20T10:45:44.419914"}
{"op_code":4,"worker_id":"b9892336-fae9-4394-9dd3-b03653e12d2a-127267409823232","study_id":0,"datetime_start":"2026-08-20T10:45:44.424703"}
{"op_code":5,"worker_id":"b9892336-fae9-4394-9dd3-b03653e12d2a-127267409823232","trial_id":66,"param_name":"lr","param_value_internal":3.5697618444487876e-05,"distribution":"{\"name\": \"FloatDistribution\", \"attributes\": {\"step\": null, \"low\": 5e-06, \"high\": 0.0003, \"log\": true}}"}
{"op_code":5,"worker_id":"b9892336-fae9-4394-9dd3-b03653e12d2a-127267409823232","trial_id":66,"param_name":"batch_size","param_value_internal":2,"distribution":"{\"name\": \"CategoricalDistribution\", \"attributes\": {\"choices\": [16, 32, 64]}}"}
{"op_code":5,"worker_id":"b9892336-fae9-4394-9dd3-b03653e12d2a-127267409823232","trial_id":66,"param_name":"weight_decay","param_value_internal":3.3876034129294193e-06,"distribution":"{\"name\": \"FloatDistribution\", \"attributes\": {\"step\": null, \"low\": 1e-06, \"high\": 0.01, \"log\": true}}"}
{"op_code":5,"worker_id":"b9892336-fae9-4394-9dd3-b03653e12d2a-127267409823232","trial_id":66,"param_name":"dropout","param_value_internal":0.2894893480852326,"distribution":"{\"name\": \"FloatDistribution\", \"attributes\": {\"step\": null, \"low\": 0.0, \"high\": 0.3, \"log\": false}}"}
{"op_code":5,"worker_id":"b9892336-fae9-4394-9dd3-b03653e12d2a-127267409823232","trial_id":66,"param_name":"patience","param_value_internal":5.0,"distribution":"{\"name\": \"IntDistribution\", \"attributes\": {\"log\": false, \"step\": 1, \"low\": 2, \"high\": 5}}"}
{"op_code":7,"worker_id":"e6c35a08-02fb-4e42-ab73-86fd8adba8db-136264221345280","trial_id":54,"step":1,"intermediate_value":0.40040783701020366}
{"op_code":6,"worker_id":"e6c35a08-02fb-4e42-ab73-86fd8adba8db-136264221345280","trial_id":54,"state":2,"values":[0.40040783701020366],"datetime_complete":"2026-08-20T10:46:07.034927"}
{"op_code":4,"worker_id":"e6c35a08-02fb-4e42-ab73-86fd8adba8db-136264221345280","study_id":0,"datetime_start":"2026-08-20T10:46:07.039614"}
{"op_code":5,"worker_id":"e6c35a08-02fb-4e42-ab73-86fd8adba8db-136264221345280","trial_id":67,"param_name":"lr","param_value_internal":0.00011936120807923047,"distribution":"{\"name\": \"FloatDistribution\", \"attributes\": {\"step\": null, \"low\": 5e-06, \"high\": 0.0003, \"log\": true}}"}
{"op_code":5,"worker_id":"e6c35a08-02fb-4e42-ab73-86fd8adba8db-136264221345280","trial_id":67,"param_name":"batch_size","param_value_internal":2,"distribution":"{\"name\": \"CategoricalDistribution\", \"attributes\": {\"choices\": [16, 32, 64]}}"}
{"op_code":5,"worker_id":"e6c35a08-02fb-4e42-ab73-86fd8adba8db-136264221345280","trial_id":67,"param_name":"weight_decay","param_value_internal":3.256157973383708e-06,"distribution":"{\"name\": \"FloatDistribution\", \"attributes\": {\"step\": null, \"low\": 1e-06, \"high\": 0.01, \"log\": true}}"}
{"op_code":5,"worker_id":"e6c35a08-02fb-4e42-ab73-86fd8adba8db-136264221345280","trial_id":67,"param_name":"dropout","param_value_internal":0.2903802629965938,"distribution":"{\"name\": \"FloatDistribution\", \"attributes\": {\"step\": null, \"low\": 0.0, \"high\": 0.3, \"log\": false}}"}
{"op_code":5,"worker_id":"e6c35a08-02fb-4e42-ab73-86fd8adba8db-136264221345280","trial_id":67,"param_name":"patience","param_value_internal":5.0,"distribution":"{\"name\": \"IntDistribution\", \"attributes\": {\"log\": false, \"step\": 1, \"low\": 2, \"high\": 5}}"}
{"op_code":7,"worker_id":"673a5381-68b5-4521-999a-4fc6aba1a482-130671200167424","trial_id":55,"step":1,"intermediate_value":0.38510455523304876}
{"op_code":6,"worker_id":"673a5381-68b5-4521-999a-4fc6aba1a482-130671200167424","trial_id":55,"state":2,"values":[0.38510455523304876],"datetime_complete":"2026-08-20T10:46:25.423565"}
{"op_code":4,"worker_id":"673a5381-68b5-4521-999a-4fc6aba1a482-130671200167424","study_id":0,"datetime_start":"2026-08-20T10:46:25.428369"}
{"op_code":5,"worker_id":"673a5381-68b5-4521-999a-4fc6aba1a482-130671200167424","trial_id":68,"param_name":"lr","param_value_internal":0.00012825129402057011,"distribution":"{\"name\": \"FloatDistribution\", \"attributes\": {\"step\": null, \"low\": 5e-06, \"high\": 0.0003, \"log\": true}}"}
{"op_code":5,"worker_id":"673a5381-68b5-4521-999a-4fc6aba1a482-130671200167424","trial_id":68,"param_name":"batch_size","param_value_internal":2,"distribution":"{\"name\": \"CategoricalDistribution\", \"attributes\": {\"choices\": [16, 32, 64]}}"}
{"op_code":5,"worker_id":"673a5381-68b5-4521-999a-4fc6aba1a482-130671200167424","trial_id":68,"param_name":"weight_decay","param_value_internal":3.0712773864196994e-06,"distribution":"{\"name\": \"FloatDistribution\", \"attributes\": {\"step\": null, \"low\": 1e-06, \"high\": 0.01, \"log\": true}}"}
{"op_code":5,"worker_id":"673a5381-68b5-4521-999a-4fc6aba1a482-130671200167424","trial_id":68,"param_name":"dropout","param_value_internal":0.28787869553093126,"distribution":"{\"name\": \"FloatDistribution\", \"attributes\": {\"step\": null, \"low\": 0.0, \"high\": 0.3, \"log\": false}}"}
{"op_code":5,"worker_id":"673a5381-68b5-4521-999a-4fc6aba1a482-130671200167424","trial_id":68,"param_name":"patience","param_value_internal":4.0,"distribution":"{\"name\": \"IntDistribution\", \"attributes\": {\"log\": false, \"step\": 1, \"low\": 2, \"high\": 5}}"}
{"op_code":7,"worker_id":"e76d18ae-e53a-4ecb-ae63-890896211a3e-132460121368064","trial_id":62,"step":1,"intermediate_value":0.6771238538548768}
{"op_code":6,"worker_id":"e76d18ae-e53a-4ecb-ae63-890896211a3e-132460121368064","trial_id":62,"state":2,"values":[0.6771238538548768],"datetime_complete":"2026-08-20T10:47:06.315232"}
{"op_code":4,"worker_id":"e76d18ae-e53a-4ecb-ae63-890896211a3e-132460121368064","study_id":0,"datetime_start":"2026-08-20T10:47:06.320132"}
{"op_code":5,"worker_id":"e76d18ae-e53a-4ecb-ae63-890896211a3e-132460121368064","trial_id":69,"param_name":"lr","param_value_internal":6.228683262760451e-05,"distribution":"{\"name\": \"FloatDistribution\", \"attributes\": {\"step\": null, \"low\": 5e-06, \"high\": 0.0003, \"log\": true}}"}
{"op_code":5,"worker_id":"e76d18ae-e53a-4ecb-ae63-890896211a3e-132460121368064","trial_id":69,"param_name":"batch_size","param_value_internal":2,"distribution":"{\"name\": \"CategoricalDistribution\", \"attributes\": {\"choices\": [16, 32, 64]}}"}
{"op_code":5,"worker_id":"e76d18ae-e53a-4ecb-ae63-890896211a3e-132460121368064","trial_id":69,"param_name":"weight_decay","param_value_internal":2.9632531308235e-06,"distribution":"{\"name\": \"FloatDistribution\", \"attributes\": {\"step\": null, \"low\": 1e-06, \"high\": 0.01, \"log\": true}}"}
{"op_code":5,"worker_id":"e76d18ae-e53a-4ecb-ae63-890896211a3e-132460121368064","trial_id":69,"param_name":"dropout","param_value_internal":0.2819996242089027,"distribution":"{\"name\": \"FloatDistribution\", \"attributes\": {\"step\": null, \"low\": 0.0, \"high\": 0.3, \"log\": false}}"}
{"op_code":5,"worker_id":"e76d18ae-e53a-4ecb-ae63-890896211a3e-132460121368064","trial_id":69,"param_name":"patience","param_value_internal":4.0,"distribution":"{\"name\": \"IntDistribution\", \"attributes\": {\"log\": false, \"step\": 1, \"low\": 2, \"high\": 5}}"}
{"op_code":7,"worker_id":"cf7d6830-0a8e-4deb-b770-6b1feb3e3282-133716344071680","trial_id":57,"step":1,"intermediate_value":0.4013585367398609}
{"op_code":6,"worker_id":"cf7d6830-0a8e-4deb-b770-6b1feb3e3282-133716344071680","trial_id":57,"state":2,"values":[0.4013585367398609],"datetime_complete":"2026-08-20T10:47:07.290161"}
{"op_code":4,"worker_id":"cf7d6830-0a8e-4deb-b770-6b1feb3e3282-133716344071680","study_id":0,"datetime_start":"2026-08-20T10:47:07.294804"}
{"op_code":5,"worker_id":"cf7d6830-0a8e-4deb-b770-6b1feb3e3282-133716344071680","trial_id":70,"param_name":"lr","param_value_internal":3.7911741587392504e-05,"distribution":"{\"name\": \"FloatDistribution\", \"attributes\": {\"step\": null, \"low\": 5e-06, \"high\": 0.0003, \"log\": true}}"}
{"op_code":5,"worker_id":"cf7d6830-0a8e-4deb-b770-6b1feb3e3282-133716344071680","trial_id":70,"param_name":"batch_size","param_value_internal":2,"distribution":"{\"name\": \"CategoricalDistribution\", \"attributes\": {\"choices\": [16, 32, 64]}}"}
{"op_code":5,"worker_id":"cf7d6830-0a8e-4deb-b770-6b1feb3e3282-133716344071680","trial_id":70,"param_name":"weight_decay","param_value_internal":3.0200084316595063e-06,"distribution":"{\"name\": \"FloatDistribution\", \"attributes\": {\"step\": null, \"low\": 1e-06, \"high\": 0.01, \"log\": true}}"}
{"op_code":5,"worker_id":"cf7d6830-0a8e-4deb-b770-6b1feb3e3282-133716344071680","trial_id":70,"param_name":"dropout","param_value_internal":0.29777846116834567,"distribution":"{\"name\": \"FloatDistribution\", \"attributes\": {\"step\": null, \"low\": 0.0, \"high\": 0.3, \"log\": false}}"}
{"op_code":5,"worker_id":"cf7d6830-0a8e-4deb-b770-6b1feb3e3282-133716344071680","trial_id":70,"param_name":"patience","param_value_internal":4.0,"distribution":"{\"name\": \"IntDistribution\", \"attributes\": {\"log\": false, \"step\": 1, \"low\": 2, \"high\": 5}}"}
{"op_code":7,"worker_id":"d213cdce-6748-4049-a658-73fab6e5aeae-124400399664640","trial_id":56,"step":1,"intermediate_value":0.3983497178154013}
{"op_code":6,"worker_id":"d213cdce-6748-4049-a658-73fab6e5aeae-124400399664640","trial_id":56,"state":2,"values":[0.3983497178154013],"datetime_complete":"2026-08-20T10:47:18.064655"}
{"op_code":4,"worker_id":"d213cdce-6748-4049-a658-73fab6e5aeae-124400399664640","study_id":0,"datetime_start":"2026-08-20T10:47:18.069712"}
{"op_code":5,"worker_id":"d213cdce-6748-4049-a658-73fab6e5aeae-124400399664640","trial_id":71,"param_name":"lr","param_value_internal":3.5641360655516776e-05,"distribution":"{\"name\": \"FloatDistribution\", \"attributes\": {\"step\": null, \"low\": 5e-06, \"high\": 0.0003, \"log\": true}}"}
{"op_code":5,"worker_id":"d213cdce-6748-4049-a658-73fab6e5aeae-124400399664640","trial_id":71,"param_name":"batch_size","param_value_internal":2,"distribution":"{\"name\": \"CategoricalDistribution\", \"attributes\": {\"choices\": [16, 32, 64]}}"}
{"op_code":5,"worker_id":"d213cdce-6748-4049-a658-73fab6e5aeae-124400399664640","trial_id":71,"param_name":"weight_decay","param_value_internal":2.881376258942122e-06,"distribution":"{\"name\": \"FloatDistribution\", \"attributes\": {\"step\": null, \"low\": 1e-06, \"high\": 0.01, \"log\": true}}"}
{"op_code":5,"worker_id":"d213cdce-6748-4049-a658-73fab6e5aeae-124400399664640","trial_id":71,"param_name":"dropout","param_value_internal":0.26343321132359176,"distribution":"{\"name\": \"FloatDistribution\", \"attributes\": {\"step\": null, \"low\": 0.0, \"high\": 0.3, \"log\": false}}"}
{"op_code":5,"worker_id":"d213cdce-6748-4049-a658-73fab6e5aeae-124400399664640","trial_id":71,"param_name":"patience","param_value_internal":4.0,"distribution":"{\"name\": \"IntDistribution\", \"attributes\": {\"log\": false, \"step\": 1, \"low\": 2, \"high\": 5}}"}
{"op_code":7,"worker_id":"79fbe97c-198d-4d0e-8786-9813e9be38e9-135126523921920","trial_id":58,"step":1,"intermediate_value":0.3842779374677969}
{"op_code":6,"worker_id":"79fbe97c-198d-4d0e-8786-9813e9be38e9-135126523921920","trial_id":58,"state":2,"values":[0.3842779374677969],"datetime_complete":"2026-08-20T10:47:25.295252"}
{"op_code":4,"worker_id":"79fbe97c-198d-4d0e-8786-9813e9be38e9-135126523921920","study_id":0,"datetime_start":"2026-08-20T10:47:25.300141"}
{"op_code":5,"worker_id":"79fbe97c-198d-4d0e-8786-9813e9be38e9-135126523921920","trial_id":72,"param_name":"lr","param_value_internal":3.4942719955008207e-05,"distribution":"{\"name\": \"FloatDistribution\", \"attributes\": {\"step\": null, \"low\": 5e-06, \"high\": 0.0003, \"log\": true}}"}
{"op_code":5,"worker_id":"79fbe97c-198d-4d0e-8786-9813e9be38e9-135126523921920","trial_id":72,"param_name":"batch_size","param_value_internal":0,"distribution":"{\"name\": \"CategoricalDistribution\", \"attributes\": {\"choices\": [16, 32, 64]}}"}
{"op_code":5,"worker_id":"79fbe97c-198d-4d0e-8786-9813e9be38e9-135126523921920","trial_id":72,"param_name":"weight_decay","param_value_internal":1.7583180162382046e-06,"distribution":"{\"name\": \"FloatDistribution\", \"attributes\": {\"step\": null, \"low\": 1e-06, \"high\": 0.01, \"log\": true}}"}
{"op_code":5,"worker_id":"79fbe97c-198d-4d0e-8786-9813e9be38e9-135126523921920","trial_id":72,"param_name":"dropout","param_value_internal":0.2656055314779179,"distribution":"{\"name\": \"FloatDistribution\", \"attributes\": {\"step\": null, \"low\": 0.0, \"high\": 0.3, \"log\": false}}"}
{"op_code":5,"worker_id":"79fbe97c-198d-4d0e-8786-9813e9be38e9-135126523921920","trial_id":72,"param_name":"patience","param_value_internal":4.0,"distribution":"{\"name\": \"IntDistribution\", \"attributes\": {\"log\": false, \"step\": 1, \"low\": 2, \"high\": 5}}"}
{"op_code":7,"worker_id":"fa5194fe-09ec-4cab-b26f-7ccc891e7020-124730445026816","trial_id":59,"step":1,"intermediate_value":0.3850244512869677}
{"op_code":6,"worker_id":"fa5194fe-09ec-4cab-b26f-7ccc891e7020-124730445026816","trial_id":59,"state":2,"values":[0.3850244512869677],"datetime_complete":"2026-08-20T10:48:10.210399"}
{"op_code":4,"worker_id":"fa5194fe-09ec-4cab-b26f-7ccc891e7020-124730445026816","study_id":0,"datetime_start":"2026-08-20T10:48:10.215505"}
{"op_code":5,"worker_id":"fa5194fe-09ec-4cab-b26f-7ccc891e7020-124730445026816","trial_id":73,"param_name":"lr","param_value_internal":6.198439805357079e-05,"distribution":"{\"name\": \"FloatDistribution\", \"attributes\": {\"step\": null, \"low\": 5e-06, \"high\": 0.0003, \"log\": true}}"}
{"op_code":5,"worker_id":"fa5194fe-09ec-4cab-b26f-7ccc891e7020-124730445026816","trial_id":73,"param_name":"batch_size","param_value_internal":0,"distribution":"{\"name\": \"CategoricalDistribution\", \"attributes\": {\"choices\": [16, 32, 64]}}"}
{"op_code":5,"worker_id":"fa5194fe-09ec-4cab-b26f-7ccc891e7020-124730445026816","trial_id":73,"param_name":"weight_decay","param_value_internal":1.641843922688474e-06,"distribution":"{\"name\": \"FloatDistribution\", \"attributes\": {\"step\": null, \"low\": 1e-06, \"high\": 0.01, \"log\": true}}"}
{"op_code":5,"worker_id":"fa5194fe-09ec-4cab-b26f-7ccc891e7020-124730445026816","trial_id":73,"param_name":"dropout","param_value_internal":0.26733710035648617,"distribution":"{\"name\": \"FloatDistribution\", \"attributes\": {\"step\": null, \"low\": 0.0, \"high\": 0.3, \"log\": false}}"}
{"op_code":5,"worker_id":"fa5194fe-09ec-4cab-b26f-7ccc891e7020-124730445026816","trial_id":73,"param_name":"patience","param_value_internal":4.0,"distribution":"{\"name\": \"IntDistribution\", \"attributes\": {\"log\": false, \"step\": 1, \"low\": 2, \"high\": 5}}"}
{"op_code":7,"worker_id":"37e8bd16-9218-40bf-99f3-4fa1a708a5c3-131637758723584","trial_id":61,"step":1,"intermediate_value":0.39478990695685434}
{"op_code":6,"worker_id":"37e8bd16-9218-40bf-99f3-4fa1a708a5c3-131637758723584","trial_id":61,"state":2,"values":[0.39478990695685434],"datetime_complete":"2026-08-20T10:48:44.890963"}
{"op_code":4,"worker_id":"37e8bd16-9218-40bf-99f3-4fa1a708a5c3-131637758723584","study_id":0,"datetime_start":"2026-08-20T10:48:44.895780"}
{"op_code":5,"worker_id":"37e8bd16-9218-40bf-99f3-4fa1a708a5c3-131637758723584","trial_id":74,"param_name":"lr","param_value_internal":8.921295836773185e-05,"distribution":"{\"name\": \"FloatDistribution\", \"attributes\": {\"step\": null, \"low\": 5e-06, \"high\": 0.0003, \"log\": true}}"}
{"op_code":5,"worker_id":"37e8bd16-9218-40bf-99f3-4fa1a708a5c3-131637758723584","trial_id":74,"param_name":"batch_size","param_value_internal":0,"distribution":"{\"name\": \"CategoricalDistribution\", \"attributes\": {\"choices\": [16, 32, 64]}}"}
{"op_code":5,"worker_id":"37e8bd16-9218-40bf-99f3-4fa1a708a5c3-131637758723584","trial_id":74,"param_name":"weight_decay","param_value_internal":1.563973819292797e-06,"distribution":"{\"name\": \"FloatDistribution\", \"attributes\": {\"step\": null, \"low\": 1e-06, \"high\": 0.01, \"log\": true}}"}
{"op_code":5,"worker_id":"37e8bd16-9218-40bf-99f3-4fa1a708a5c3-131637758723584","trial_id":74,"param_name":"dropout","param_value_internal":0.20547882820643254,"distribution":"{\"name\": \"FloatDistribution\", \"attributes\": {\"step\": null, \"low\": 0.0, \"high\": 0.3, \"log\": false}}"}
{"op_code":5,"worker_id":"37e8bd16-9218-40bf-99f3-4fa1a708a5c3-131637758723584","trial_id":74,"param_name":"patience","param_value_internal":4.0,"distribution":"{\"name\": \"IntDistribution\", \"attributes\": {\"log\": false, \"step\": 1, \"low\": 2, \"high\": 5}}"}
{"op_code":7,"worker_id":"1eac8271-c97f-4973-a60a-3164527c77cb-134904042616320","trial_id":63,"step":1,"intermediate_value":0.42089596867331713}
{"op_code":6,"worker_id":"1eac8271-c97f-4973-a60a-3164527c77cb-134904042616320","trial_id":63,"state":2,"values":[0.42089596867331713],"datetime_complete":"2026-08-20T10:48:48.763150"}
{"op_code":4,"worker_id":"1eac8271-c97f-4973-a60a-3164527c77cb-134904042616320","study_id":0,"datetime_start":"2026-08-20T10:48:48.767911"}
{"op_code":5,"worker_id":"1eac8271-c97f-4973-a60a-3164527c77cb-134904042616320","trial_id":75,"param_name":"lr","param_value_internal":6.27167465748314e-05,"distribution":"{\"name\": \"FloatDistribution\", \"attributes\": {\"step\": null, \"low\": 5e-06, \"high\": 0.0003, \"log\": true}}"}
{"op_code":5,"worker_id":"1eac8271-c97f-4973-a60a-3164527c77cb-134904042616320","trial_id":75,"param_name":"batch_size","param_value_internal":0,"distribution":"{\"name\": \"CategoricalDistribution\", \"attributes\": {\"choices\": [16, 32, 64]}}"}
{"op_code":5,"worker_id":"1eac8271-c97f-4973-a60a-3164527c77cb-134904042616320","trial_id":75,"param_name":"weight_decay","param_value_internal":1.6343643813562983e-06,"distribution":"{\"name\": \"FloatDistribution\", \"attributes\": {\"step\": null, \"low\": 1e-06, \"high\": 0.01, \"log\": true}}"}
{"op_code":5,"worker_id":"1eac8271-c97f-4973-a60a-3164527c77cb-134904042616320","trial_id":75,"param_name":"dropout","param_value_internal":0.2647418777567197,"distribution":"{\"name\": \"FloatDistribution\", \"attributes\": {\"step\": null, \"low\": 0.0, \"high\": 0.3, \"log\": false}}"}
{"op_code":5,"worker_id":"1eac8271-c97f-4973-a60a-3164527c77cb-134904042616320","trial_id":75,"param_name":"patience","param_value_internal":4.0,"distribution":"{\"name\": \"IntDistribution\", \"attributes\": {\"log\": false, \"step\": 1, \"low\": 2, \"high\": 5}}"}
{"op_code":7,"worker_id":"b9892336-fae9-4394-9dd3-b03653e12d2a-127267409823232","trial_id":66,"step":1,"intermediate_value":0.4009168748772253}
{"op_code":6,"worker_id":"b9892336-fae9-4394-9dd3-b03653e12d2a-127267409823232","trial_id":66,"state":2,"values":[0.4009168748772253],"datetime_complete":"2026-08-20T10:50:27.643528"}
{"op_code":4,"worker_id":"b9892336-fae9-4394-9dd3-b03653e12d2a-127267409823232","study_id":0,"datetime_start":"2026-08-20T10:50:27.648428"}
{"op_code":5,"worker_id":"b9892336-fae9-4394-9dd3-b03653e12d2a-127267409823232","trial_id":76,"param_name":"lr","param_value_internal":0.00019659783171980491,"distribution":"{\"name\": \"FloatDistribution\", \"attributes\": {\"step\": null, \"low\": 5e-06, \"high\": 0.0003, \"log\": true}}"}
{"op_code":5,"worker_id":"b9892336-fae9-4394-9dd3-b03653e12d2a-127267409823232","trial_id":76,"param_name":"batch_size","param_value_internal":0,"distribution":"{\"name\": \"CategoricalDistribution\", \"attributes\": {\"choices\": [16, 32, 64]}}"}
{"op_code":5,"worker_id":"b9892336-fae9-4394-9dd3-b03653e12d2a-127267409823232","trial_id":76,"param_name":"weight_decay","param_value_internal":1.6149795732181054e-06,"distribution":"{\"name\": \"FloatDistribution\", \"attributes\": {\"step\": null, \"low\": 1e-06, \"high\": 0.01, \"log\": true}}"}
{"op_code":5,"worker_id":"b9892336-fae9-4394-9dd3-b03653e12d2a-127267409823232","trial_id":76,"param_name":"dropout","param_value_internal":0.26728948234896993,"distribution":"{\"name\": \"FloatDistribution\", \"attributes\": {\"step\": null, \"low\": 0.0, \"high\": 0.3, \"log\": false}}"}
{"op_code":5,"worker_id":"b9892336-fae9-4394-9dd3-b03653e12d2a-127267409823232","trial_id":76,"param_name":"patience","param_value_internal":4.0,"distribution":"{\"name\": \"IntDistribution\", \"attributes\": {\"log\": false, \"step\": 1, \"low\": 2, \"high\": 5}}"}
{"op_code":7,"worker_id":"51f74a28-646c-4369-950c-66d750dd622c-131656625030656","trial_id":65,"step":1,"intermediate_value":0.3816080530996744}
{"op_code":6,"worker_id":"51f74a28-646c-4369-950c-66d750dd622c-131656625030656","trial_id":65,"state":2,"values":[0.3816080530996744],"datetime_complete":"2026-08-20T10:51:02.203497"}
{"op_code":4,"worker_id":"51f74a28-646c-4369-950c-66d750dd622c-131656625030656","study_id":0,"datetime_start":"2026-08-20T10:51:02.208558"}
{"op_code":5,"worker_id":"51f74a28-646c-4369-950c-66d750dd622c-131656625030656","trial_id":77,"param_name":"lr","param_value_internal":6.387458229663314e-05,"distribution":"{\"name\": \"FloatDistribution\", \"attributes\": {\"step\": null, \"low\": 5e-06, \"high\": 0.0003, \"log\": true}}"}
{"op_code":5,"worker_id":"51f74a28-646c-4369-950c-66d750dd622c-131656625030656","trial_id":77,"param_name":"batch_size","param_value_internal":0,"distribution":"{\"name\": \"CategoricalDistribution\", \"attributes\": {\"choices\": [16, 32, 64]}}"}
{"op_code":5,"worker_id":"51f74a28-646c-4369-950c-66d750dd622c-131656625030656","trial_id":77,"param_name":"weight_decay","param_value_internal":1.5862705470998977e-06,"distribution":"{\"name\": \"FloatDistribution\", \"attributes\": {\"step\": null, \"low\": 1e-06, \"high\": 0.01, \"log\": true}}"}
{"op_code":5,"worker_id":"51f74a28-646c-4369-950c-66d750dd622c-131656625030656","trial_id":77,"param_name":"dropout","param_value_internal":0.1949230926671012,"distribution":"{\"name\": \"FloatDistribution\", \"attributes\": {\"step\": null, \"low\": 0.0, \"high\": 0.3, \"log\": false}}"}
{"op_code":5,"worker_id":"51f74a28-646c-4369-950c-66d750dd622c-131656625030656","trial_id":77,"param_name":"patience","param_value_internal":4.0,"distribution":"{\"name\": \"IntDistribution\", \"attributes\": {\"log\": false, \"step\": 1, \"low\": 2, \"high\": 5}}"}
{"op_code":7,"worker_id":"51636565-2f79-4a6a-a502-2d4d6d3cf543-131262308693504","trial_id":64,"step":1,"intermediate_value":0.37627263411996187}
{"op_code":7,"worker_id":"e6c35a08-02fb-4e42-ab73-86fd8adba8db-136264221345280","trial_id":67,"step":1,"intermediate_value":0.3804374413208803}
{"op_code":6,"worker_id":"e6c35a08-02fb-4e42-ab73-86fd8adba8db-136264221345280","trial_id":67,"state":2,"values":[0.3804374413208803],"datetime_complete":"2026-08-20T10:51:33.350027"}
{"op_code":4,"worker_id":"e6c35a08-02fb-4e42-ab73-86fd8adba8db-136264221345280","study_id":0,"datetime_start":"2026-08-20T10:51:33.354785"}
{"op_code":5,"worker_id":"e6c35a08-02fb-4e42-ab73-86fd8adba8db-136264221345280","trial_id":78,"param_name":"lr","param_value_internal":6.08744786558561e-05,"distribution":"{\"name\": \"FloatDistribution\", \"attributes\": {\"step\": null, \"low\": 5e-06, \"high\": 0.0003, \"log\": true}}"}
{"op_code":5,"worker_id":"e6c35a08-02fb-4e42-ab73-86fd8adba8db-136264221345280","trial_id":78,"param_name":"batch_size","param_value_internal":0,"distribution":"{\"name\": \"CategoricalDistribution\", \"attributes\": {\"choices\": [16, 32, 64]}}"}
{"op_code":5,"worker_id":"e6c35a08-02fb-4e42-ab73-86fd8adba8db-136264221345280","trial_id":78,"param_name":"weight_decay","param_value_internal":1.6143079593098365e-06,"distribution":"{\"name\": \"FloatDistribution\", \"attributes\": {\"step\": null, \"low\": 1e-06, \"high\": 0.01, \"log\": true}}"}
{"op_code":5,"worker_id":"e6c35a08-02fb-4e42-ab73-86fd8adba8db-136264221345280","trial_id":78,"param_name":"dropout","param_value_internal":0.19520695690270873,"distribution":"{\"name\": \"FloatDistribution\", \"attributes\": {\"step\": null, \"low\": 0.0, \"high\": 0.3, \"log\": false}}"}
{"op_code":5,"worker_id":"e6c35a08-02fb-4e42-ab73-86fd8adba8db-136264221345280","trial_id":78,"param_name":"patience","param_value_internal":4.0,"distribution":"{\"name\": \"IntDistribution\", \"attributes\": {\"log\": false, \"step\": 1, \"low\": 2, \"high\": 5}}"}
{"op_code":7,"worker_id":"cf7d6830-0a8e-4deb-b770-6b1feb3e3282-133716344071680","trial_id":70,"step":1,"intermediate_value":0.41551327210267025}
{"op_code":6,"worker_id":"cf7d6830-0a8e-4deb-b770-6b1feb3e3282-133716344071680","trial_id":70,"state":2,"values":[0.41551327210267025],"datetime_complete":"2026-08-20T10:51:35.583706"}
{"op_code":4,"worker_id":"cf7d6830-0a8e-4deb-b770-6b1feb3e3282-133716344071680","study_id":0,"datetime_start":"2026-08-20T10:51:35.588386"}
{"op_code":5,"worker_id":"cf7d6830-0a8e-4deb-b770-6b1feb3e3282-133716344071680","trial_id":79,"param_name":"lr","param_value_internal":6.161476570032256e-05,"distribution":"{\"name\": \"FloatDistribution\", \"attributes\": {\"step\": null, \"low\": 5e-06, \"high\": 0.0003, \"log\": true}}"}
{"op_code":5,"worker_id":"cf7d6830-0a8e-4deb-b770-6b1feb3e3282-133716344071680","trial_id":79,"param_name":"batch_size","param_value_internal":0,"distribution":"{\"name\": \"CategoricalDistribution\", \"attributes\": {\"choices\": [16, 32, 64]}}"}
{"op_code":5,"worker_id":"cf7d6830-0a8e-4deb-b770-6b1feb3e3282-133716344071680","trial_id":79,"param_name":"weight_decay","param_value_internal":1.6733092916698663e-06,"distribution":"{\"name\": \"FloatDistribution\", \"attributes\": {\"step\": null, \"low\": 1e-06, \"high\": 0.01, \"log\": true}}"}
{"op_code":5,"worker_id":"cf7d6830-0a8e-4deb-b770-6b1feb3e3282-133716344071680","trial_id":79,"param_name":"dropout","param_value_internal":0.2686933523300408,"distribution":"{\"name\": \"FloatDistribution\", \"attributes\": {\"step\": null, \"low\": 0.0, \"high\": 0.3, \"log\": false}}"}
{"op_code":5,"worker_id":"cf7d6830-0a8e-4deb-b770-6b1feb3e3282-133716344071680","trial_id":79,"param_name":"patience","param_value_internal":4.0,"distribution":"{\"name\": \"IntDistribution\", \"attributes\": {\"log\": false, \"step\": 1, \"low\": 2, \"high\": 5}}"}
{"op_code":7,"worker_id":"673a5381-68b5-4521-999a-4fc6aba1a482-130671200167424","trial_id":68,"step":1,"intermediate_value":0.3788023162633407}
{"op_code":7,"worker_id":"d213cdce-6748-4049-a658-73fab6e5aeae-124400399664640","trial_id":71,"step":1,"intermediate_value":0.4124549052905095}
{"op_code":6,"worker_id":"d213cdce-6748-4049-a658-73fab6e5aeae-124400399664640","trial_id":71,"state":2,"values":[0.4124549052905095],"datetime_complete":"2026-08-20T10:52:11.881856"}
{"op_code":4,"worker_id":"d213cdce-6748-4049-a658-73fab6e5aeae-124400399664640","study_id":0,"datetime_start":"2026-08-20T10:52:11.886642"}
{"op_code":5,"worker_id":"d213cdce-6748-4049-a658-73fab6e5aeae-124400399664640","trial_id":80,"param_name":"lr","param_value_internal":6.553288240914107e-05,"distribution":"{\"name\": \"FloatDistribution\", \"attributes\": {\"step\": null, \"low\": 5e-06, \"high\": 0.0003, \"log\": true}}"}
{"op_code":5,"worker_id":"d213cdce-6748-4049-a658-73fab6e5aeae-124400399664640","trial_id":80,"param_name":"batch_size","param_value_internal":0,"distribution":"{\"name\": \"CategoricalDistribution\", \"attributes\": {\"choices\": [16, 32, 64]}}"}
{"op_code":5,"worker_id":"d213cdce-6748-4049-a658-73fab6e5aeae-124400399664640","trial_id":80,"param_name":"weight_decay","param_value_internal":1.6548201489517968e-06,"distribution":"{\"name\": \"FloatDistribution\", \"attributes\": {\"step\": null, \"low\": 1e-06, \"high\": 0.01, \"log\": true}}"}
{"op_code":5,"worker_id":"d213cdce-6748-4049-a658-73fab6e5aeae-124400399664640","trial_id":80,"param_name":"dropout","param_value_internal":0.09377899796420618,"distribution":"{\"name\": \"FloatDistribution\", \"attributes\": {\"step\": null, \"low\": 0.0, \"high\": 0.3, \"log\": false}}"}
{"op_code":5,"worker_id":"d213cdce-6748-4049-a658-73fab6e5aeae-124400399664640","trial_id":80,"param_name":"patience","param_value_internal":4.0,"distribution":"{\"name\": \"IntDistribution\", \"attributes\": {\"log\": false, \"step\": 1, \"low\": 2, \"high\": 5}}"}
{"op_code":7,"worker_id":"e76d18ae-e53a-4ecb-ae63-890896211a3e-132460121368064","trial_id":69,"step":1,"intermediate_value":0.3963083064251031}
{"op_code":6,"worker_id":"e76d18ae-e53a-4ecb-ae63-890896211a3e-132460121368064","trial_id":69,"state":2,"values":[0.3963083064251031],"datetime_complete":"2026-08-20T10:52:14.794147"}
{"op_code":4,"worker_id":"e76d18ae-e53a-4ecb-ae63-890896211a3e-132460121368064","study_id":0,"datetime_start":"2026-08-20T10:52:14.798974"}
{"op_code":5,"worker_id":"e76d18ae-e53a-4ecb-ae63-890896211a3e-132460121368064","trial_id":81,"param_name":"lr","param_value_internal":0.00019705125859208994,"distribution":"{\"name\": \"FloatDistribution\", \"attributes\": {\"step\": null, \"low\": 5e-06, \"high\": 0.0003, \"log\": true}}"}
{"op_code":5,"worker_id":"e76d18ae-e53a-4ecb-ae63-890896211a3e-132460121368064","trial_id":81,"param_name":"batch_size","param_value_internal":0,"distribution":"{\"name\": \"CategoricalDistribution\", \"attributes\": {\"choices\": [16, 32, 64]}}"}
{"op_code":5,"worker_id":"e76d18ae-e53a-4ecb-ae63-890896211a3e-132460121368064","trial_id":81,"param_name":"weight_decay","param_value_internal":1.6091371939016963e-06,"distribution":"{\"name\": \"FloatDistribution\", \"attributes\": {\"step\": null, \"low\": 1e-06, \"high\": 0.01, \"log\": true}}"}
{"op_code":5,"worker_id":"e76d18ae-e53a-4ecb-ae63-890896211a3e-132460121368064","trial_id":81,"param_name":"dropout","param_value_internal":0.1965022177221396,"distribution":"{\"name\": \"FloatDistribution\", \"attributes\": {\"step\": null, \"low\": 0.0, \"high\": 0.3, \"log\": false}}"}
{"op_code":5,"worker_id":"e76d18ae-e53a-4ecb-ae63-890896211a3e-132460121368064","trial_id":81,"param_name":"patience","param_value_internal":4.0,"distribution":"{\"name\": \"IntDistribution\", \"attributes\": {\"log\": false, \"step\": 1, \"low\": 2, \"high\": 5}}"}
{"op_code":7,"worker_id":"b9892336-fae9-4394-9dd3-b03653e12d2a-127267409823232","trial_id":76,"step":1,"intermediate_value":0.6268158164386697}
{"op_code":6,"worker_id":"b9892336-fae9-4394-9dd3-b03653e12d2a-127267409823232","trial_id":76,"state":2,"values":[0.6268158164386697],"datetime_complete":"2026-08-20T10:52:59.449072"}
{"op_code":4,"worker_id":"b9892336-fae9-4394-9dd3-b03653e12d2a-127267409823232","study_id":0,"datetime_start":"2026-08-20T10:52:59.453849"}
{"op_code":5,"worker_id":"b9892336-fae9-4394-9dd3-b03653e12d2a-127267409823232","trial_id":82,"param_name":"lr","param_value_internal":5.045288887244886e-05,"distribution":"{\"name\": \"FloatDistribution\", \"attributes\": {\"step\": null, \"low\": 5e-06, \"high\": 0.0003, \"log\": true}}"}
{"op_code":5,"worker_id":"b9892336-fae9-4394-9dd3-b03653e12d2a-127267409823232","trial_id":82,"param_name":"batch_size","param_value_internal":1,"distribution":"{\"name\": \"CategoricalDistribution\", \"attributes\": {\"choices\": [16, 32, 64]}}"}
{"op_code":5,"worker_id":"b9892336-fae9-4394-9dd3-b03653e12d2a-127267409823232","trial_id":82,"param_name":"weight_decay","param_value_internal":1.4513189226650219e-06,"distribution":"{\"name\": \"FloatDistribution\", \"attributes\": {\"step\": null, \"low\": 1e-06, \"high\": 0.01, \"log\": true}}"}
{"op_code":5,"worker_id":"b9892336-fae9-4394-9dd3-b03653e12d2a-127267409823232","trial_id":82,"param_name":"dropout","param_value_internal":0.2019942148336035,"distribution":"{\"name\": \"FloatDistribution\", \"attributes\": {\"step\": null, \"low\": 0.0, \"high\": 0.3, \"log\": false}}"}
{"op_code":5,"worker_id":"b9892336-fae9-4394-9dd3-b03653e12d2a-127267409823232","trial_id":82,"param_name":"patience","param_value_internal":4.0,"distribution":"{\"name\": \"IntDistribution\", \"attributes\": {\"log\": false, \"step\": 1, \"low\": 2, \"high\": 5}}"}
{"op_code":7,"worker_id":"79fbe97c-198d-4d0e-8786-9813e9be38e9-135126523921920","trial_id":72,"step":1,"intermediate_value":0.382343400076298}
{"op_code":6,"worker_id":"79fbe97c-198d-4d0e-8786-9813e9be38e9-135126523921920","trial_id":72,"state":2,"values":[0.382343400076298],"datetime_complete":"2026-08-20T10:53:38.783423"}
{"op_code":4,"worker_id":"79fbe97c-198d-4d0e-8786-9813e9be38e9-135126523921920","study_id":0,"datetime_start":"2026-08-20T10:53:38.788091"}
{"op_code":5,"worker_id":"79fbe97c-198d-4d0e-8786-9813e9be38e9-135126523921920","trial_id":83,"param_name":"lr","param_value_internal":5.214387241668773e-05,"distribution":"{\"name\": \"FloatDistribution\", \"attributes\": {\"step\": null, \"low\": 5e-06, \"high\": 0.0003, \"log\": true}}"}
{"op_code":5,"worker_id":"79fbe97c-198d-4d0e-8786-9813e9be38e9-135126523921920","trial_id":83,"param_name":"batch_size","param_value_internal":1,"distribution":"{\"name\": \"CategoricalDistribution\", \"attributes\": {\"choices\": [16, 32, 64]}}"}
{"op_code":5,"worker_id":"79fbe97c-198d-4d0e-8786-9813e9be38e9-135126523921920","trial_id":83,"param_name":"weight_decay","param_value_internal":1.6277090777572088e-06,"distribution":"{\"name\": \"FloatDistribution\", \"attributes\": {\"step\": null, \"low\": 1e-06, \"high\": 0.01, \"log\": true}}"}
{"op_code":5,"worker_id":"79fbe97c-198d-4d0e-8786-9813e9be38e9-135126523921920","trial_id":83,"param_name":"dropout","param_value_internal":0.00030886947194649905,"distribution":"{\"name\": \"FloatDistribution\", \"attributes\": {\"step\": null, \"low\": 0.0, \"high\": 0.3, \"log\": false}}"}
{"op_code":5,"worker_id":"79fbe97c-198d-4d0e-8786-9813e9be38e9-135126523921920","trial_id":83,"param_name":"patience","param_value_internal":4.0,"distribution":"{\"name\": \"IntDistribution\", \"attributes\": {\"log\": false, \"step\": 1, \"low\": 2, \"high\": 5}}"}
{"op_code":7,"worker_id":"e76d18ae-e53a-4ecb-ae63-890896211a3e-132460121368064","trial_id":81,"step":1,"intermediate_value":0.7629059773351131}
{"op_code":6,"worker_id":"e76d18ae-e53a-4ecb-ae63-890896211a3e-132460121368064","trial_id":81,"state":2,"values":[0.7629059773351131],"datetime_complete":"2026-08-20T10:54:22.501415"}
{"op_code":4,"worker_id":"e76d18ae-e53a-4ecb-ae63-890896211a3e-132460121368064","study_id":0,"datetime_start":"2026-08-20T10:54:22.506093"}
{"op_code":5,"worker_id":"e76d18ae-e53a-4ecb-ae63-890896211a3e-132460121368064","trial_id":84,"param_name":"lr","param_value_internal":4.891725054747898e-05,"distribution":"{\"name\": \"FloatDistribution\", \"attributes\": {\"step\": null, \"low\": 5e-06, \"high\": 0.0003, \"log\": true}}"}
{"op_code":5,"worker_id":"e76d18ae-e53a-4ecb-ae63-890896211a3e-132460121368064","trial_id":84,"param_name":"batch_size","param_value_internal":1,"distribution":"{\"name\": \"CategoricalDistribution\", \"attributes\": {\"choices\": [16, 32, 64]}}"}
{"op_code":5,"worker_id":"e76d18ae-e53a-4ecb-ae63-890896211a3e-132460121368064","trial_id":84,"param_name":"weight_decay","param_value_internal":1.4374052893462372e-06,"distribution":"{\"name\": \"FloatDistribution\", \"attributes\": {\"step\": null, \"low\": 1e-06, \"high\": 0.01, \"log\": true}}"}
{"op_code":5,"worker_id":"e76d18ae-e53a-4ecb-ae63-890896211a3e-132460121368064","trial_id":84,"param_name":"dropout","param_value_internal":0.004764159576904153,"distribution":"{\"name\": \"FloatDistribution\", \"attributes\": {\"step\": null, \"low\": 0.0, \"high\": 0.3, \"log\": false}}"}
{"op_code":5,"worker_id":"e76d18ae-e53a-4ecb-ae63-890896211a3e-132460121368064","trial_id":84,"param_name":"patience","param_value_internal":4.0,"distribution":"{\"name\": \"IntDistribution\", \"attributes\": {\"log\": false, \"step\": 1, \"low\": 2, \"high\": 5}}"}
{"op_code":7,"worker_id":"673a5381-68b5-4521-999a-4fc6aba1a482-130671200167424","trial_id":68,"step":2,"intermediate_value":0.40393771823008917}
{"op_code":6,"worker_id":"673a5381-68b5-4521-999a-4fc6aba1a482-130671200167424","trial_id":68,"state":1,"values":[0.40393771823008917],"datetime_complete":"2026-08-20T10:54:28.893037"}
{"op_code":4,"worker_id":"673a5381-68b5-4521-999a-4fc6aba1a482-130671200167424","study_id":0,"datetime_start":"2026-08-20T10:54:28.897772"}
{"op_code":5,"worker_id":"673a5381-68b5-4521-999a-4fc6aba1a482-130671200167424","trial_id":85,"param_name":"lr","param_value_internal":8.921095637157892e-05,"distribution":"{\"name\": \"FloatDistribution\", \"attributes\": {\"step\": null, \"low\": 5e-06, \"high\": 0.0003, \"log\": true}}"}
{"op_code":5,"worker_id":"673a5381-68b5-4521-999a-4fc6aba1a482-130671200167424","trial_id":85,"param_name":"batch_size","param_value_internal":1,"distribution":"{\"name\": \"CategoricalDistribution\", \"attributes\": {\"choices\": [16, 32, 64]}}"}
{"op_code":5,"worker_id":"673a5381-68b5-4521-999a-4fc6aba1a482-130671200167424","trial_id":85,"param_name":"weight_decay","param_value_internal":1.3916828992826115e-06,"distribution":"{\"name\": \"FloatDistribution\", \"attributes\": {\"step\": null, \"low\": 1e-06, \"high\": 0.01, \"log\": true}}"}
{"op_code":5,"worker_id":"673a5381-68b5-4521-999a-4fc6aba1a482-130671200167424","trial_id":85,"param_name":"dropout","param_value_internal":0.09736301443515724,"distribution":"{\"name\": \"FloatDistribution\", \"attributes\": {\"step\": null, \"low\": 0.0, \"high\": 0.3, \"log\": false}}"}
{"op_code":5,"worker_id":"673a5381-68b5-4521-999a-4fc6aba1a482-130671200167424","trial_id":85,"param_name":"patience","param_value_internal":3.0,"distribution":"{\"name\": \"IntDistribution\", \"attributes\": {\"log\": false, \"step\": 1, \"low\": 2, \"high\": 5}}"}
{"op_code":7,"worker_id":"fa5194fe-09ec-4cab-b26f-7ccc891e7020-124730445026816","trial_id":73,"step":1,"intermediate_value":0.3689979009814933}
{"op_code":7,"worker_id":"d213cdce-6748-4049-a658-73fab6e5aeae-124400399664640","trial_id":80,"step":1,"intermediate_value":0.43471091280230434}
{"op_code":6,"worker_id":"d213cdce-6748-4049-a658-73fab6e5aeae-124400399664640","trial_id":80,"state":2,"values":[0.43471091280230434],"datetime_complete":"2026-08-20T10:55:02.723315"}
{"op_code":4,"worker_id":"d213cdce-6748-4049-a658-73fab6e5aeae-124400399664640","study_id":0,"datetime_start":"2026-08-20T10:55:02.728145"}
{"op_code":5,"worker_id":"d213cdce-6748-4049-a658-73fab6e5aeae-124400399664640","trial_id":86,"param_name":"lr","param_value_internal":4.8710246452968906e-05,"distribution":"{\"name\": \"FloatDistribution\", \"attributes\": {\"step\": null, \"low\": 5e-06, \"high\": 0.0003, \"log\": true}}"}
{"op_code":5,"worker_id":"d213cdce-6748-4049-a658-73fab6e5aeae-124400399664640","trial_id":86,"param_name":"batch_size","param_value_internal":1,"distribution":"{\"name\": \"CategoricalDistribution\", \"attributes\": {\"choices\": [16, 32, 64]}}"}
{"op_code":5,"worker_id":"d213cdce-6748-4049-a658-73fab6e5aeae-124400399664640","trial_id":86,"param_name":"weight_decay","param_value_internal":1.5100904626473005e-06,"distribution":"{\"name\": \"FloatDistribution\", \"attributes\": {\"step\": null, \"low\": 1e-06, \"high\": 0.01, \"log\": true}}"}
{"op_code":5,"worker_id":"d213cdce-6748-4049-a658-73fab6e5aeae-124400399664640","trial_id":86,"param_name":"dropout","param_value_internal":0.21262961840176742,"distribution":"{\"name\": \"FloatDistribution\", \"attributes\": {\"step\": null, \"low\": 0.0, \"high\": 0.3, \"log\": false}}"}
{"op_code":5,"worker_id":"d213cdce-6748-4049-a658-73fab6e5aeae-124400399664640","trial_id":86,"param_name":"patience","param_value_internal":3.0,"distribution":"{\"name\": \"IntDistribution\", \"attributes\": {\"log\": false, \"step\": 1, \"low\": 2, \"high\": 5}}"}
{"op_code":7,"worker_id":"1eac8271-c97f-4973-a60a-3164527c77cb-134904042616320","trial_id":75,"step":1,"intermediate_value":0.3739637754435053}
{"op_code":7,"worker_id":"37e8bd16-9218-40bf-99f3-4fa1a708a5c3-131637758723584","trial_id":74,"step":1,"intermediate_value":0.36901972248365894}
{"op_code":7,"worker_id":"51f74a28-646c-4369-950c-66d750dd622c-131656625030656","trial_id":77,"step":1,"intermediate_value":0.36907858371894725}
{"op_code":7,"worker_id":"51636565-2f79-4a6a-a502-2d4d6d3cf543-131262308693504","trial_id":64,"step":2,"intermediate_value":0.3803886521446135}
{"op_code":6,"worker_id":"51636565-2f79-4a6a-a502-2d4d6d3cf543-131262308693504","trial_id":64,"state":1,"values":[0.3803886521446135],"datetime_complete":"2026-08-20T10:57:40.617816"}
{"op_code":4,"worker_id":"51636565-2f79-4a6a-a502-2d4d6d3cf543-131262308693504","study_id":0,"datetime_start":"2026-08-20T10:57:40.622573"}
{"op_code":5,"worker_id":"51636565-2f79-4a6a-a502-2d4d6d3cf543-131262308693504","trial_id":87,"param_name":"lr","param_value_internal":9.007305863264551e-05,"distribution":"{\"name\": \"FloatDistribution\", \"attributes\": {\"step\": null, \"low\": 5e-06, \"high\": 0.0003, \"log\": true}}"}
{"op_code":5,"worker_id":"51636565-2f79-4a6a-a502-2d4d6d3cf543-131262308693504","trial_id":87,"param_name":"batch_size","param_value_internal":1,"distribution":"{\"name\": \"CategoricalDistribution\", \"attributes\": {\"choices\": [16, 32, 64]}}"}
{"op_code":5,"worker_id":"51636565-2f79-4a6a-a502-2d4d6d3cf543-131262308693504","trial_id":87,"param_name":"weight_decay","param_value_internal":1.5485851820178715e-06,"distribution":"{\"name\": \"FloatDistribution\", \"attributes\": {\"step\": null, \"low\": 1e-06, \"high\": 0.01, \"log\": true}}"}
{"op_code":5,"worker_id":"51636565-2f79-4a6a-a502-2d4d6d3cf543-131262308693504","trial_id":87,"param_name":"dropout","param_value_internal":0.23477945795241112,"distribution":"{\"name\": \"FloatDistribution\", \"attributes\": {\"step\": null, \"low\": 0.0, \"high\": 0.3, \"log\": false}}"}
{"op_code":5,"worker_id":"51636565-2f79-4a6a-a502-2d4d6d3cf543-131262308693504","trial_id":87,"param_name":"patience","param_value_internal":3.0,"distribution":"{\"name\": \"IntDistribution\", \"attributes\": {\"log\": false, \"step\": 1, \"low\": 2, \"high\": 5}}"}
{"op_code":7,"worker_id":"e6c35a08-02fb-4e42-ab73-86fd8adba8db-136264221345280","trial_id":78,"step":1,"intermediate_value":0.37455187326833694}
{"op_code":7,"worker_id":"cf7d6830-0a8e-4deb-b770-6b1feb3e3282-133716344071680","trial_id":79,"step":1,"intermediate_value":0.34868448508028105}
{"op_code":7,"worker_id":"b9892336-fae9-4394-9dd3-b03653e12d2a-127267409823232","trial_id":82,"step":1,"intermediate_value":0.38938759733399236}
{"op_code":6,"worker_id":"b9892336-fae9-4394-9dd3-b03653e12d2a-127267409823232","trial_id":82,"state":2,"values":[0.38938759733399236],"datetime_complete":"2026-08-20T10:58:44.823490"}
{"op_code":4,"worker_id":"b9892336-fae9-4394-9dd3-b03653e12d2a-127267409823232","study_id":0,"datetime_start":"2026-08-20T10:58:44.828316"}
{"op_code":5,"worker_id":"b9892336-fae9-4394-9dd3-b03653e12d2a-127267409823232","trial_id":88,"param_name":"lr","param_value_internal":9.474497415354365e-05,"distribution":"{\"name\": \"FloatDistribution\", \"attributes\": {\"step\": null, \"low\": 5e-06, \"high\": 0.0003, \"log\": true}}"}
{"op_code":5,"worker_id":"b9892336-fae9-4394-9dd3-b03653e12d2a-127267409823232","trial_id":88,"param_name":"batch_size","param_value_internal":1,"distribution":"{\"name\": \"CategoricalDistribution\", \"attributes\": {\"choices\": [16, 32, 64]}}"}
{"op_code":5,"worker_id":"b9892336-fae9-4394-9dd3-b03653e12d2a-127267409823232","trial_id":88,"param_name":"weight_decay","param_value_internal":1.0354366835127675e-05,"distribution":"{\"name\": \"FloatDistribution\", \"attributes\": {\"step\": null, \"low\": 1e-06, \"high\": 0.01, \"log\": true}}"}
{"op_code":5,"worker_id":"b9892336-fae9-4394-9dd3-b03653e12d2a-127267409823232","trial_id":88,"param_name":"dropout","param_value_internal":0.004745459339804359,"distribution":"{\"name\": \"FloatDistribution\", \"attributes\": {\"step\": null, \"low\": 0.0, \"high\": 0.3, \"log\": false}}"}
{"op_code":5,"worker_id":"b9892336-fae9-4394-9dd3-b03653e12d2a-127267409823232","trial_id":88,"param_name":"patience","param_value_internal":4.0,"distribution":"{\"name\": \"IntDistribution\", \"attributes\": {\"log\": false, \"step\": 1, \"low\": 2, \"high\": 5}}"}
{"op_code":7,"worker_id":"79fbe97c-198d-4d0e-8786-9813e9be38e9-135126523921920","trial_id":83,"step":1,"intermediate_value":0.381343360126267}
{"op_code":6,"worker_id":"79fbe97c-198d-4d0e-8786-9813e9be38e9-135126523921920","trial_id":83,"state":2,"values":[0.381343360126267],"datetime_complete":"2026-08-20T10:59:19.234372"}
{"op_code":4,"worker_id":"79fbe97c-198d-4d0e-8786-9813e9be38e9-135126523921920","study_id":0,"datetime_start":"2026-08-20T10:59:19.238881"}
{"op_code":5,"worker_id":"79fbe97c-198d-4d0e-8786-9813e9be38e9-135126523921920","trial_id":89,"param_name":"lr","param_value_internal":8.575164962305602e-05,"distribution":"{\"name\": \"FloatDistribution\", \"attributes\": {\"step\": null, \"low\": 5e-06, \"high\": 0.0003, \"log\": true}}"}
{"op_code":5,"worker_id":"79fbe97c-198d-4d0e-8786-9813e9be38e9-135126523921920","trial_id":89,"param_name":"batch_size","param_value_internal":1,"distribution":"{\"name\": \"CategoricalDistribution\", \"attributes\": {\"choices\": [16, 32, 64]}}"}
{"op_code":5,"worker_id":"79fbe97c-198d-4d0e-8786-9813e9be38e9-135126523921920","trial_id":89,"param_name":"weight_decay","param_value_internal":8.650988071882782e-05,"distribution":"{\"name\": \"FloatDistribution\", \"attributes\": {\"step\": null, \"low\": 1e-06, \"high\": 0.01, \"log\": true}}"}
{"op_code":5,"worker_id":"79fbe97c-198d-4d0e-8786-9813e9be38e9-135126523921920","trial_id":89,"param_name":"dropout","param_value_internal":0.23824708556054502,"distribution":"{\"name\": \"FloatDistribution\", \"attributes\": {\"step\": null, \"low\": 0.0, \"high\": 0.3, \"log\": false}}"}
{"op_code":5,"worker_id":"79fbe97c-198d-4d0e-8786-9813e9be38e9-135126523921920","trial_id":89,"param_name":"patience","param_value_internal":3.0,"distribution":"{\"name\": \"IntDistribution\", \"attributes\": {\"log\": false, \"step\": 1, \"low\": 2, \"high\": 5}}"}
{"op_code":7,"worker_id":"673a5381-68b5-4521-999a-4fc6aba1a482-130671200167424","trial_id":85,"step":1,"intermediate_value":0.38911272579226747}
{"op_code":6,"worker_id":"673a5381-68b5-4521-999a-4fc6aba1a482-130671200167424","trial_id":85,"state":2,"values":[0.38911272579226747],"datetime_complete":"2026-08-20T10:59:53.873479"}
{"op_code":4,"worker_id":"673a5381-68b5-4521-999a-4fc6aba1a482-130671200167424","study_id":0,"datetime_start":"2026-08-20T10:59:53.878373"}
{"op_code":5,"worker_id":"673a5381-68b5-4521-999a-4fc6aba1a482-130671200167424","trial_id":90,"param_name":"lr","param_value_internal":2.9565786165011958e-05,"distribution":"{\"name\": \"FloatDistribution\", \"attributes\": {\"step\": null, \"low\": 5e-06, \"high\": 0.0003, \"log\": true}}"}
{"op_code":5,"worker_id":"673a5381-68b5-4521-999a-4fc6aba1a482-130671200167424","trial_id":90,"param_name":"batch_size","param_value_internal":1,"distribution":"{\"name\": \"CategoricalDistribution\", \"attributes\": {\"choices\": [16, 32, 64]}}"}
{"op_code":5,"worker_id":"673a5381-68b5-4521-999a-4fc6aba1a482-130671200167424","trial_id":90,"param_name":"weight_decay","param_value_internal":2.298542247476303e-06,"distribution":"{\"name\": \"FloatDistribution\", \"attributes\": {\"step\": null, \"low\": 1e-06, \"high\": 0.01, \"log\": true}}"}
{"op_code":5,"worker_id":"673a5381-68b5-4521-999a-4fc6aba1a482-130671200167424","trial_id":90,"param_name":"dropout","param_value_internal":0.2375556828700601,"distribution":"{\"name\": \"FloatDistribution\", \"attributes\": {\"step\": null, \"low\": 0.0, \"high\": 0.3, \"log\": false}}"}
{"op_code":5,"worker_id":"673a5381-68b5-4521-999a-4fc6aba1a482-130671200167424","trial_id":90,"param_name":"patience","param_value_internal":3.0,"distribution":"{\"name\": \"IntDistribution\", \"attributes\": {\"log\": false, \"step\": 1, \"low\": 2, \"high\": 5}}"}
{"op_code":7,"worker_id":"e76d18ae-e53a-4ecb-ae63-890896211a3e-132460121368064","trial_id":84,"step":1,"intermediate_value":0.37848168877856947}
{"op_code":7,"worker_id":"fa5194fe-09ec-4cab-b26f-7ccc891e7020-124730445026816","trial_id":73,"step":2,"intermediate_value":0.3695089601757491}
{"op_code":6,"worker_id":"fa5194fe-09ec-4cab-b26f-7ccc891e7020-124730445026816","trial_id":73,"state":1,"values":[0.3695089601757491],"datetime_complete":"2026-08-20T11:01:02.139129"}
{"op_code":4,"worker_id":"fa5194fe-09ec-4cab-b26f-7ccc891e7020-124730445026816","study_id":0,"datetime_start":"2026-08-20T11:01:02.144156"}
{"op_code":5,"worker_id":"fa5194fe-09ec-4cab-b26f-7ccc891e7020-124730445026816","trial_id":91,"param_name":"lr","param_value_internal":8.868315651264832e-05,"distribution":"{\"name\": \"FloatDistribution\", \"attributes\": {\"step\": null, \"low\": 5e-06, \"high\": 0.0003, \"log\": true}}"}
{"op_code":5,"worker_id":"fa5194fe-09ec-4cab-b26f-7ccc891e7020-124730445026816","trial_id":91,"param_name":"batch_size","param_value_internal":0,"distribution":"{\"name\": \"CategoricalDistribution\", \"attributes\": {\"choices\": [16, 32, 64]}}"}
{"op_code":5,"worker_id":"fa5194fe-09ec-4cab-b26f-7ccc891e7020-124730445026816","trial_id":91,"param_name":"weight_decay","param_value_internal":0.00017144844063362696,"distribution":"{\"name\": \"FloatDistribution\", \"attributes\": {\"step\": null, \"low\": 1e-06, \"high\": 0.01, \"log\": true}}"}
{"op_code":5,"worker_id":"fa5194fe-09ec-4cab-b26f-7ccc891e7020-124730445026816","trial_id":91,"param_name":"dropout","param_value_internal":0.23538563356990932,"distribution":"{\"name\": \"FloatDistribution\", \"attributes\": {\"step\": null, \"low\": 0.0, \"high\": 0.3, \"log\": false}}"}
{"op_code":5,"worker_id":"fa5194fe-09ec-4cab-b26f-7ccc891e7020-124730445026816","trial_id":91,"param_name":"patience","param_value_internal":4.0,"distribution":"{\"name\": \"IntDistribution\", \"attributes\": {\"log\": false, \"step\": 1, \"low\": 2, \"high\": 5}}"}
{"op_code":7,"worker_id":"d213cdce-6748-4049-a658-73fab6e5aeae-124400399664640","trial_id":86,"step":1,"intermediate_value":0.38212657539720757}
{"op_code":6,"worker_id":"d213cdce-6748-4049-a658-73fab6e5aeae-124400399664640","trial_id":86,"state":2,"values":[0.38212657539720757],"datetime_complete":"2026-08-20T11:01:05.905740"}
{"op_code":4,"worker_id":"d213cdce-6748-4049-a658-73fab6e5aeae-124400399664640","study_id":0,"datetime_start":"2026-08-20T11:01:05.910749"}
{"op_code":5,"worker_id":"d213cdce-6748-4049-a658-73fab6e5aeae-124400399664640","trial_id":92,"param_name":"lr","param_value_internal":5.9594366535419264e-05,"distribution":"{\"name\": \"FloatDistribution\", \"attributes\": {\"step\": null, \"low\": 5e-06, \"high\": 0.0003, \"log\": true}}"}
{"op_code":5,"worker_id":"d213cdce-6748-4049-a658-73fab6e5aeae-124400399664640","trial_id":92,"param_name":"batch_size","param_value_internal":0,"distribution":"{\"name\": \"CategoricalDistribution\", \"attributes\": {\"choices\": [16, 32, 64]}}"}
{"op_code":5,"worker_id":"d213cdce-6748-4049-a658-73fab6e5aeae-124400399664640","trial_id":92,"param_name":"weight_decay","param_value_internal":1.0024986777146117e-06,"distribution":"{\"name\": \"FloatDistribution\", \"attributes\": {\"step\": null, \"low\": 1e-06, \"high\": 0.01, \"log\": true}}"}
{"op_code":5,"worker_id":"d213cdce-6748-4049-a658-73fab6e5aeae-124400399664640","trial_id":92,"param_name":"dropout","param_value_internal":0.19188075462196522,"distribution":"{\"name\": \"FloatDistribution\", \"attributes\": {\"step\": null, \"low\": 0.0, \"high\": 0.3, \"log\": false}}"}
{"op_code":5,"worker_id":"d213cdce-6748-4049-a658-73fab6e5aeae-124400399664640","trial_id":92,"param_name":"patience","param_value_internal":4.0,"distribution":"{\"name\": \"IntDistribution\", \"attributes\": {\"log\": false, \"step\": 1, \"low\": 2, \"high\": 5}}"}
{"op_code":7,"worker_id":"1eac8271-c97f-4973-a60a-3164527c77cb-134904042616320","trial_id":75,"step":2,"intermediate_value":0.3707927452326161}
{"op_code":6,"worker_id":"1eac8271-c97f-4973-a60a-3164527c77cb-134904042616320","trial_id":75,"state":1,"values":[0.3707927452326161],"datetime_complete":"2026-08-20T11:01:23.130101"}
{"op_code":4,"worker_id":"1eac8271-c97f-4973-a60a-3164527c77cb-134904042616320","study_id":0,"datetime_start":"2026-08-20T11:01:23.134782"}
{"op_code":5,"worker_id":"1eac8271-c97f-4973-a60a-3164527c77cb-134904042616320","trial_id":93,"param_name":"lr","param_value_internal":5.9313112357921686e-05,"distribution":"{\"name\": \"FloatDistribution\", \"attributes\": {\"step\": null, \"low\": 5e-06, \"high\": 0.0003, \"log\": true}}"}
{"op_code":5,"worker_id":"1eac8271-c97f-4973-a60a-3164527c77cb-134904042616320","trial_id":93,"param_name":"batch_size","param_value_internal":0,"distribution":"{\"name\": \"CategoricalDistribution\", \"attributes\": {\"choices\": [16, 32, 64]}}"}
{"op_code":5,"worker_id":"1eac8271-c97f-4973-a60a-3164527c77cb-134904042616320","trial_id":93,"param_name":"weight_decay","param_value_internal":1.0121605096312793e-05,"distribution":"{\"name\": \"FloatDistribution\", \"attributes\": {\"step\": null, \"low\": 1e-06, \"high\": 0.01, \"log\": true}}"}
{"op_code":5,"worker_id":"1eac8271-c97f-4973-a60a-3164527c77cb-134904042616320","trial_id":93,"param_name":"dropout","param_value_internal":0.27828617056315824,"distribution":"{\"name\": \"FloatDistribution\", \"attributes\": {\"step\": null, \"low\": 0.0, \"high\": 0.3, \"log\": false}}"}
{"op_code":5,"worker_id":"1eac8271-c97f-4973-a60a-3164527c77cb-134904042616320","trial_id":93,"param_name":"patience","param_value_internal":4.0,"distribution":"{\"name\": \"IntDistribution\", \"attributes\": {\"log\": false, \"step\": 1, \"low\": 2, \"high\": 5}}"}
{"op_code":7,"worker_id":"79fbe97c-198d-4d0e-8786-9813e9be38e9-135126523921920","trial_id":89,"step":1,"intermediate_value":0.45364459701208887}
{"op_code":6,"worker_id":"79fbe97c-198d-4d0e-8786-9813e9be38e9-135126523921920","trial_id":89,"state":2,"values":[0.45364459701208887],"datetime_complete":"2026-08-20T11:02:21.171362"}
{"op_code":4,"worker_id":"79fbe97c-198d-4d0e-8786-9813e9be38e9-135126523921920","study_id":0,"datetime_start":"2026-08-20T11:02:21.176125"}
{"op_code":5,"worker_id":"79fbe97c-198d-4d0e-8786-9813e9be38e9-135126523921920","trial_id":94,"param_name":"lr","param_value_internal":5.717888257706045e-05,"distribution":"{\"name\": \"FloatDistribution\", \"attributes\": {\"step\": null, \"low\": 5e-06, \"high\": 0.0003, \"log\": true}}"}
{"op_code":5,"worker_id":"79fbe97c-198d-4d0e-8786-9813e9be38e9-135126523921920","trial_id":94,"param_name":"batch_size","param_value_internal":0,"distribution":"{\"name\": \"CategoricalDistribution\", \"attributes\": {\"choices\": [16, 32, 64]}}"}
{"op_code":5,"worker_id":"79fbe97c-198d-4d0e-8786-9813e9be38e9-135126523921920","trial_id":94,"param_name":"weight_decay","param_value_internal":1.0291618753356573e-05,"distribution":"{\"name\": \"FloatDistribution\", \"attributes\": {\"step\": null, \"low\": 1e-06, \"high\": 0.01, \"log\": true}}"}
{"op_code":5,"worker_id":"79fbe97c-198d-4d0e-8786-9813e9be38e9-135126523921920","trial_id":94,"param_name":"dropout","param_value_internal":0.23521537856056723,"distribution":"{\"name\": \"FloatDistribution\", \"attributes\": {\"step\": null, \"low\": 0.0, \"high\": 0.3, \"log\": false}}"}
{"op_code":5,"worker_id":"79fbe97c-198d-4d0e-8786-9813e9be38e9-135126523921920","trial_id":94,"param_name":"patience","param_value_internal":4.0,"distribution":"{\"name\": \"IntDistribution\", \"attributes\": {\"log\": false, \"step\": 1, \"low\": 2, \"high\": 5}}"}
{"op_code":7,"worker_id":"51636565-2f79-4a6a-a502-2d4d6d3cf543-131262308693504","trial_id":87,"step":1,"intermediate_value":0.41600408833038083}
{"op_code":6,"worker_id":"51636565-2f79-4a6a-a502-2d4d6d3cf543-131262308693504","trial_id":87,"state":2,"values":[0.41600408833038083],"datetime_complete":"2026-08-20T11:02:26.804675"}
{"op_code":4,"worker_id":"51636565-2f79-4a6a-a502-2d4d6d3cf543-131262308693504","study_id":0,"datetime_start":"2026-08-20T11:02:26.809271"}
{"op_code":5,"worker_id":"51636565-2f79-4a6a-a502-2d4d6d3cf543-131262308693504","trial_id":95,"param_name":"lr","param_value_internal":2.8874074802613148e-05,"distribution":"{\"name\": \"FloatDistribution\", \"attributes\": {\"step\": null, \"low\": 5e-06, \"high\": 0.0003, \"log\": true}}"}
{"op_code":5,"worker_id":"51636565-2f79-4a6a-a502-2d4d6d3cf543-131262308693504","trial_id":95,"param_name":"batch_size","param_value_internal":0,"distribution":"{\"name\": \"CategoricalDistribution\", \"attributes\": {\"choices\": [16, 32, 64]}}"}
{"op_code":5,"worker_id":"51636565-2f79-4a6a-a502-2d4d6d3cf543-131262308693504","trial_id":95,"param_name":"weight_decay","param_value_internal":2.4180655825467696e-06,"distribution":"{\"name\": \"FloatDistribution\", \"attributes\": {\"step\": null, \"low\": 1e-06, \"high\": 0.01, \"log\": true}}"}
{"op_code":5,"worker_id":"51636565-2f79-4a6a-a502-2d4d6d3cf543-131262308693504","trial_id":95,"param_name":"dropout","param_value_internal":0.27307522833188547,"distribution":"{\"name\": \"FloatDistribution\", \"attributes\": {\"step\": null, \"low\": 0.0, \"high\": 0.3, \"log\": false}}"}
{"op_code":5,"worker_id":"51636565-2f79-4a6a-a502-2d4d6d3cf543-131262308693504","trial_id":95,"param_name":"patience","param_value_internal":4.0,"distribution":"{\"name\": \"IntDistribution\", \"attributes\": {\"log\": false, \"step\": 1, \"low\": 2, \"high\": 5}}"}
{"op_code":7,"worker_id":"b9892336-fae9-4394-9dd3-b03653e12d2a-127267409823232","trial_id":88,"step":1,"intermediate_value":0.4156547111077447}
{"op_code":6,"worker_id":"b9892336-fae9-4394-9dd3-b03653e12d2a-127267409823232","trial_id":88,"state":2,"values":[0.4156547111077447],"datetime_complete":"2026-08-20T11:02:35.419521"}
{"op_code":4,"worker_id":"b9892336-fae9-4394-9dd3-b03653e12d2a-127267409823232","study_id":0,"datetime_start":"2026-08-20T11:02:35.424318"}
{"op_code":5,"worker_id":"b9892336-fae9-4394-9dd3-b03653e12d2a-127267409823232","trial_id":96,"param_name":"lr","param_value_internal":5.833207103681833e-05,"distribution":"{\"name\": \"FloatDistribution\", \"attributes\": {\"step\": null, \"low\": 5e-06, \"high\": 0.0003, \"log\": true}}"}
{"op_code":5,"worker_id":"b9892336-fae9-4394-9dd3-b03653e12d2a-127267409823232","trial_id":96,"param_name":"batch_size","param_value_internal":0,"distribution":"{\"name\": \"CategoricalDistribution\", \"attributes\": {\"choices\": [16, 32, 64]}}"}
{"op_code":5,"worker_id":"b9892336-fae9-4394-9dd3-b03653e12d2a-127267409823232","trial_id":96,"param_name":"weight_decay","param_value_internal":2.488132319807777e-06,"distribution":"{\"name\": \"FloatDistribution\", \"attributes\": {\"step\": null, \"low\": 1e-06, \"high\": 0.01, \"log\": true}}"}
{"op_code":5,"worker_id":"b9892336-fae9-4394-9dd3-b03653e12d2a-127267409823232","trial_id":96,"param_name":"dropout","param_value_internal":0.27611264921838136,"distribution":"{\"name\": \"FloatDistribution\", \"attributes\": {\"step\": null, \"low\": 0.0, \"high\": 0.3, \"log\": false}}"}
{"op_code":5,"worker_id":"b9892336-fae9-4394-9dd3-b03653e12d2a-127267409823232","trial_id":96,"param_name":"patience","param_value_internal":4.0,"distribution":"{\"name\": \"IntDistribution\", \"attributes\": {\"log\": false, \"step\": 1, \"low\": 2, \"high\": 5}}"}
{"op_code":7,"worker_id":"37e8bd16-9218-40bf-99f3-4fa1a708a5c3-131637758723584","trial_id":74,"step":2,"intermediate_value":0.3678605885396875}
{"op_code":6,"worker_id":"37e8bd16-9218-40bf-99f3-4fa1a708a5c3-131637758723584","trial_id":74,"state":1,"values":[0.3678605885396875],"datetime_complete":"2026-08-20T11:03:00.219171"}
{"op_code":4,"worker_id":"37e8bd16-9218-40bf-99f3-4fa1a708a5c3-131637758723584","study_id":0,"datetime_start":"2026-08-20T11:03:00.223810"}
{"op_code":5,"worker_id":"37e8bd16-9218-40bf-99f3-4fa1a708a5c3-131637758723584","trial_id":97,"param_name":"lr","param_value_internal":5.934955316219101e-05,"distribution":"{\"name\": \"FloatDistribution\", \"attributes\": {\"step\": null, \"low\": 5e-06, \"high\": 0.0003, \"log\": true}}"}
{"op_code":5,"worker_id":"37e8bd16-9218-40bf-99f3-4fa1a708a5c3-131637758723584","trial_id":97,"param_name":"batch_size","param_value_internal":0,"distribution":"{\"name\": \"CategoricalDistribution\", \"attributes\": {\"choices\": [16, 32, 64]}}"}
{"op_code":5,"worker_id":"37e8bd16-9218-40bf-99f3-4fa1a708a5c3-131637758723584","trial_id":97,"param_name":"weight_decay","param_value_internal":2.4513795151410952e-06,"distribution":"{\"name\": \"FloatDistribution\", \"attributes\": {\"step\": null, \"low\": 1e-06, \"high\": 0.01, \"log\": true}}"}
{"op_code":5,"worker_id":"37e8bd16-9218-40bf-99f3-4fa1a708a5c3-131637758723584","trial_id":97,"param_name":"dropout","param_value_internal":0.16212892739541923,"distribution":"{\"name\": \"FloatDistribution\", \"attributes\": {\"step\": null, \"low\": 0.0, \"high\": 0.3, \"log\": false}}"}
{"op_code":5,"worker_id":"37e8bd16-9218-40bf-99f3-4fa1a708a5c3-131637758723584","trial_id":97,"param_name":"patience","param_value_internal":4.0,"distribution":"{\"name\": \"IntDistribution\", \"attributes\": {\"log\": false, \"step\": 1, \"low\": 2, \"high\": 5}}"}
{"op_code":7,"worker_id":"51f74a28-646c-4369-950c-66d750dd622c-131656625030656","trial_id":77,"step":2,"intermediate_value":0.36092698156617664}
{"op_code":6,"worker_id":"51f74a28-646c-4369-950c-66d750dd622c-131656625030656","trial_id":77,"state":1,"values":[0.36092698156617664],"datetime_complete":"2026-08-20T11:03:36.649626"}
{"op_code":4,"worker_id":"51f74a28-646c-4369-950c-66d750dd622c-131656625030656","study_id":0,"datetime_start":"2026-08-20T11:03:36.654700"}
{"op_code":5,"worker_id":"51f74a28-646c-4369-950c-66d750dd622c-131656625030656","trial_id":98,"param_name":"lr","param_value_internal":5.814258572664276e-05,"distribution":"{\"name\": \"FloatDistribution\", \"attributes\": {\"step\": null, \"low\": 5e-06, \"high\": 0.0003, \"log\": true}}"}
{"op_code":5,"worker_id":"51f74a28-646c-4369-950c-66d750dd622c-131656625030656","trial_id":98,"param_name":"batch_size","param_value_internal":0,"distribution":"{\"name\": \"CategoricalDistribution\", \"attributes\": {\"choices\": [16, 32, 64]}}"}
{"op_code":5,"worker_id":"51f74a28-646c-4369-950c-66d750dd622c-131656625030656","trial_id":98,"param_name":"weight_decay","param_value_internal":2.3772520761368482e-06,"distribution":"{\"name\": \"FloatDistribution\", \"attributes\": {\"step\": null, \"low\": 1e-06, \"high\": 0.01, \"log\": true}}"}
{"op_code":5,"worker_id":"51f74a28-646c-4369-950c-66d750dd622c-131656625030656","trial_id":98,"param_name":"dropout","param_value_internal":0.19053262588171102,"distribution":"{\"name\": \"FloatDistribution\", \"attributes\": {\"step\": null, \"low\": 0.0, \"high\": 0.3, \"log\": false}}"}
{"op_code":5,"worker_id":"51f74a28-646c-4369-950c-66d750dd622c-131656625030656","trial_id":98,"param_name":"patience","param_value_internal":4.0,"distribution":"{\"name\": \"IntDistribution\", \"attributes\": {\"log\": false, \"step\": 1, \"low\": 2, \"high\": 5}}"}
{"op_code":7,"worker_id":"e76d18ae-e53a-4ecb-ae63-890896211a3e-132460121368064","trial_id":84,"step":2,"intermediate_value":0.3742560092421814}
{"op_code":6,"worker_id":"e76d18ae-e53a-4ecb-ae63-890896211a3e-132460121368064","trial_id":84,"state":1,"values":[0.3742560092421814],"datetime_complete":"2026-08-20T11:04:04.892321"}
{"op_code":4,"worker_id":"e76d18ae-e53a-4ecb-ae63-890896211a3e-132460121368064","study_id":0,"datetime_start":"2026-08-20T11:04:04.897103"}
{"op_code":5,"worker_id":"e76d18ae-e53a-4ecb-ae63-890896211a3e-132460121368064","trial_id":99,"param_name":"lr","param_value_internal":6.057238196987175e-05,"distribution":"{\"name\": \"FloatDistribution\", \"attributes\": {\"step\": null, \"low\": 5e-06, \"high\": 0.0003, \"log\": true}}"}
{"op_code":5,"worker_id":"e76d18ae-e53a-4ecb-ae63-890896211a3e-132460121368064","trial_id":99,"param_name":"batch_size","param_value_internal":0,"distribution":"{\"name\": \"CategoricalDistribution\", \"attributes\": {\"choices\": [16, 32, 64]}}"}
{"op_code":5,"worker_id":"e76d18ae-e53a-4ecb-ae63-890896211a3e-132460121368064","trial_id":99,"param_name":"weight_decay","param_value_internal":2.3560163557198595e-06,"distribution":"{\"name\": \"FloatDistribution\", \"attributes\": {\"step\": null, \"low\": 1e-06, \"high\": 0.01, \"log\": true}}"}
{"op_code":5,"worker_id":"e76d18ae-e53a-4ecb-ae63-890896211a3e-132460121368064","trial_id":99,"param_name":"dropout","param_value_internal":0.19221645317892538,"distribution":"{\"name\": \"FloatDistribution\", \"attributes\": {\"step\": null, \"low\": 0.0, \"high\": 0.3, \"log\": false}}"}
{"op_code":5,"worker_id":"e76d18ae-e53a-4ecb-ae63-890896211a3e-132460121368064","trial_id":99,"param_name":"patience","param_value_internal":4.0,"distribution":"{\"name\": \"IntDistribution\", \"attributes\": {\"log\": false, \"step\": 1, \"low\": 2, \"high\": 5}}"}
{"op_code":7,"worker_id":"e6c35a08-02fb-4e42-ab73-86fd8adba8db-136264221345280","trial_id":78,"step":2,"intermediate_value":0.3663031692247028}
{"op_code":6,"worker_id":"e6c35a08-02fb-4e42-ab73-86fd8adba8db-136264221345280","trial_id":78,"state":1,"values":[0.3663031692247028],"datetime_complete":"2026-08-20T11:04:09.367414"}
{"op_code":4,"worker_id":"e6c35a08-02fb-4e42-ab73-86fd8adba8db-136264221345280","study_id":0,"datetime_start":"2026-08-20T11:04:09.371968"}
{"op_code":5,"worker_id":"e6c35a08-02fb-4e42-ab73-86fd8adba8db-136264221345280","trial_id":100,"param_name":"lr","param_value_internal":6.02394472969063e-05,"distribution":"{\"name\": \"FloatDistribution\", \"attributes\": {\"step\": null, \"low\": 5e-06, \"high\": 0.0003, \"log\": true}}"}
{"op_code":5,"worker_id":"e6c35a08-02fb-4e42-ab73-86fd8adba8db-136264221345280","trial_id":100,"param_name":"batch_size","param_value_internal":0,"distribution":"{\"name\": \"CategoricalDistribution\", \"attributes\": {\"choices\": [16, 32, 64]}}"}
{"op_code":5,"worker_id":"e6c35a08-02fb-4e42-ab73-86fd8adba8db-136264221345280","trial_id":100,"param_name":"weight_decay","param_value_internal":2.1154159457237353e-06,"distribution":"{\"name\": \"FloatDistribution\", \"attributes\": {\"step\": null, \"low\": 1e-06, \"high\": 0.01, \"log\": true}}"}
{"op_code":5,"worker_id":"e6c35a08-02fb-4e42-ab73-86fd8adba8db-136264221345280","trial_id":100,"param_name":"dropout","param_value_internal":0.19124847228022374,"distribution":"{\"name\": \"FloatDistribution\", \"attributes\": {\"step\": null, \"low\": 0.0, \"high\": 0.3, \"log\": false}}"}
{"op_code":5,"worker_id":"e6c35a08-02fb-4e42-ab73-86fd8adba8db-136264221345280","trial_id":100,"param_name":"patience","param_value_internal":4.0,"distribution":"{\"name\": \"IntDistribution\", \"attributes\": {\"log\": false, \"step\": 1, \"low\": 2, \"high\": 5}}"}
{"op_code":7,"worker_id":"cf7d6830-0a8e-4deb-b770-6b1feb3e3282-133716344071680","trial_id":79,"step":2,"intermediate_value":0.3514557994995935}
{"op_code":6,"worker_id":"cf7d6830-0a8e-4deb-b770-6b1feb3e3282-133716344071680","trial_id":79,"state":1,"values":[0.3514557994995935],"datetime_complete":"2026-08-20T11:04:29.918412"}
{"op_code":4,"worker_id":"cf7d6830-0a8e-4deb-b770-6b1feb3e3282-133716344071680","study_id":0,"datetime_start":"2026-08-20T11:04:29.923220"}
{"op_code":5,"worker_id":"cf7d6830-0a8e-4deb-b770-6b1feb3e3282-133716344071680","trial_id":101,"param_name":"lr","param_value_internal":5.907347472865064e-05,"distribution":"{\"name\": \"FloatDistribution\", \"attributes\": {\"step\": null, \"low\": 5e-06, \"high\": 0.0003, \"log\": true}}"}
{"op_code":5,"worker_id":"cf7d6830-0a8e-4deb-b770-6b1feb3e3282-133716344071680","trial_id":101,"param_name":"batch_size","param_value_internal":0,"distribution":"{\"name\": \"CategoricalDistribution\", \"attributes\": {\"choices\": [16, 32, 64]}}"}
{"op_code":5,"worker_id":"cf7d6830-0a8e-4deb-b770-6b1feb3e3282-133716344071680","trial_id":101,"param_name":"weight_decay","param_value_internal":2.3369274358612272e-06,"distribution":"{\"name\": \"FloatDistribution\", \"attributes\": {\"step\": null, \"low\": 1e-06, \"high\": 0.01, \"log\": true}}"}
{"op_code":5,"worker_id":"cf7d6830-0a8e-4deb-b770-6b1feb3e3282-133716344071680","trial_id":101,"param_name":"dropout","param_value_internal":0.19269814919651543,"distribution":"{\"name\": \"FloatDistribution\", \"attributes\": {\"step\": null, \"low\": 0.0, \"high\": 0.3, \"log\": false}}"}
{"op_code":5,"worker_id":"cf7d6830-0a8e-4deb-b770-6b1feb3e3282-133716344071680","trial_id":101,"param_name":"patience","param_value_internal":4.0,"distribution":"{\"name\": \"IntDistribution\", \"attributes\": {\"log\": false, \"step\": 1, \"low\": 2, \"high\": 5}}"}
{"op_code":7,"worker_id":"673a5381-68b5-4521-999a-4fc6aba1a482-130671200167424","trial_id":90,"step":1,"intermediate_value":0.37230693588339053}
{"op_code":7,"worker_id":"d213cdce-6748-4049-a658-73fab6e5aeae-124400399664640","trial_id":92,"step":1,"intermediate_value":0.4185675989295169}
{"op_code":6,"worker_id":"d213cdce-6748-4049-a658-73fab6e5aeae-124400399664640","trial_id":92,"state":2,"values":[0.4185675989295169],"datetime_complete":"2026-08-20T11:05:21.832576"}
{"op_code":4,"worker_id":"d213cdce-6748-4049-a658-73fab6e5aeae-124400399664640","study_id":0,"datetime_start":"2026-08-20T11:05:21.837336"}
{"op_code":5,"worker_id":"d213cdce-6748-4049-a658-73fab6e5aeae-124400399664640","trial_id":102,"param_name":"lr","param_value_internal":7.056009894087389e-05,"distribution":"{\"name\": \"FloatDistribution\", \"attributes\": {\"step\": null, \"low\": 5e-06, \"high\": 0.0003, \"log\": true}}"}
{"op_code":5,"worker_id":"d213cdce-6748-4049-a658-73fab6e5aeae-124400399664640","trial_id":102,"param_name":"batch_size","param_value_internal":0,"distribution":"{\"name\": \"CategoricalDistribution\", \"attributes\": {\"choices\": [16, 32, 64]}}"}
{"op_code":5,"worker_id":"d213cdce-6748-4049-a658-73fab6e5aeae-124400399664640","trial_id":102,"param_name":"weight_decay","param_value_internal":2.5467946523174917e-06,"distribution":"{\"name\": \"FloatDistribution\", \"attributes\": {\"step\": null, \"low\": 1e-06, \"high\": 0.01, \"log\": true}}"}
{"op_code":5,"worker_id":"d213cdce-6748-4049-a658-73fab6e5aeae-124400399664640","trial_id":102,"param_name":"dropout","param_value_internal":0.273223025924568,"distribution":"{\"name\": \"FloatDistribution\", \"attributes\": {\"step\": null, \"low\": 0.0, \"high\": 0.3, \"log\": false}}"}
{"op_code":5,"worker_id":"d213cdce-6748-4049-a658-73fab6e5aeae-124400399664640","trial_id":102,"param_name":"patience","param_value_internal":4.0,"distribution":"{\"name\": \"IntDistribution\", \"attributes\": {\"log\": false, \"step\": 1, \"low\": 2, \"high\": 5}}"}
{"op_code":7,"worker_id":"fa5194fe-09ec-4cab-b26f-7ccc891e7020-124730445026816","trial_id":91,"step":1,"intermediate_value":0.363735755830192}
{"op_code":7,"worker_id":"e76d18ae-e53a-4ecb-ae63-890896211a3e-132460121368064","trial_id":99,"step":1,"intermediate_value":0.43012536056786577}
{"op_code":6,"worker_id":"e76d18ae-e53a-4ecb-ae63-890896211a3e-132460121368064","trial_id":99,"state":2,"values":[0.43012536056786577],"datetime_complete":"2026-08-20T11:07:28.965515"}
{"op_code":4,"worker_id":"e76d18ae-e53a-4ecb-ae63-890896211a3e-132460121368064","study_id":0,"datetime_start":"2026-08-20T11:07:28.970279"}
{"op_code":5,"worker_id":"e76d18ae-e53a-4ecb-ae63-890896211a3e-132460121368064","trial_id":103,"param_name":"lr","param_value_internal":7.041657887009895e-05,"distribution":"{\"name\": \"FloatDistribution\", \"attributes\": {\"step\": null, \"low\": 5e-06, \"high\": 0.0003, \"log\": true}}"}
{"op_code":5,"worker_id":"e76d18ae-e53a-4ecb-ae63-890896211a3e-132460121368064","trial_id":103,"param_name":"batch_size","param_value_internal":0,"distribution":"{\"name\": \"CategoricalDistribution\", \"attributes\": {\"choices\": [16, 32, 64]}}"}
{"op_code":5,"worker_id":"e76d18ae-e53a-4ecb-ae63-890896211a3e-132460121368064","trial_id":103,"param_name":"weight_decay","param_value_internal":1.944348189210321e-06,"distribution":"{\"name\": \"FloatDistribution\", \"attributes\": {\"step\": null, \"low\": 1e-06, \"high\": 0.01, \"log\": true}}"}
{"op_code":5,"worker_id":"e76d18ae-e53a-4ecb-ae63-890896211a3e-132460121368064","trial_id":103,"param_name":"dropout","param_value_internal":0.21104654529935213,"distribution":"{\"name\": \"FloatDistribution\", \"attributes\": {\"step\": null, \"low\": 0.0, \"high\": 0.3, \"log\": false}}"}
{"op_code":5,"worker_id":"e76d18ae-e53a-4ecb-ae63-890896211a3e-132460121368064","trial_id":103,"param_name":"patience","param_value_internal":4.0,"distribution":"{\"name\": \"IntDistribution\", \"attributes\": {\"log\": false, \"step\": 1, \"low\": 2, \"high\": 5}}"}
{"op_code":7,"worker_id":"1eac8271-c97f-4973-a60a-3164527c77cb-134904042616320","trial_id":93,"step":1,"intermediate_value":0.3572441007210933}
{"op_code":7,"worker_id":"79fbe97c-198d-4d0e-8786-9813e9be38e9-135126523921920","trial_id":94,"step":1,"intermediate_value":0.37596590040936767}
{"op_code":7,"worker_id":"673a5381-68b5-4521-999a-4fc6aba1a482-130671200167424","trial_id":90,"step":2,"intermediate_value":0.3842066986513548}
{"op_code":6,"worker_id":"673a5381-68b5-4521-999a-4fc6aba1a482-130671200167424","trial_id":90,"state":1,"values":[0.3842066986513548],"datetime_complete":"2026-08-20T11:08:48.298680"}
{"op_code":4,"worker_id":"673a5381-68b5-4521-999a-4fc6aba1a482-130671200167424","study_id":0,"datetime_start":"2026-08-20T11:08:48.303452"}
{"op_code":5,"worker_id":"673a5381-68b5-4521-999a-4fc6aba1a482-130671200167424","trial_id":104,"param_name":"lr","param_value_internal":7.056448164924705e-05,"distribution":"{\"name\": \"FloatDistribution\", \"attributes\": {\"step\": null, \"low\": 5e-06, \"high\": 0.0003, \"log\": true}}"}
{"op_code":5,"worker_id":"673a5381-68b5-4521-999a-4fc6aba1a482-130671200167424","trial_id":104,"param_name":"batch_size","param_value_internal":0,"distribution":"{\"name\": \"CategoricalDistribution\", \"attributes\": {\"choices\": [16, 32, 64]}}"}
{"op_code":5,"worker_id":"673a5381-68b5-4521-999a-4fc6aba1a482-130671200167424","trial_id":104,"param_name":"weight_decay","param_value_internal":1.9229448892849126e-06,"distribution":"{\"name\": \"FloatDistribution\", \"attributes\": {\"step\": null, \"low\": 1e-06, \"high\": 0.01, \"log\": true}}"}
{"op_code":5,"worker_id":"673a5381-68b5-4521-999a-4fc6aba1a482-130671200167424","trial_id":104,"param_name":"dropout","param_value_internal":0.2774932649523087,"distribution":"{\"name\": \"FloatDistribution\", \"attributes\": {\"step\": null, \"low\": 0.0, \"high\": 0.3, \"log\": false}}"}
{"op_code":5,"worker_id":"673a5381-68b5-4521-999a-4fc6aba1a482-130671200167424","trial_id":104,"param_name":"patience","param_value_internal":4.0,"distribution":"{\"name\": \"IntDistribution\", \"attributes\": {\"log\": false, \"step\": 1, \"low\": 2, \"high\": 5}}"}
{"op_code":7,"worker_id":"b9892336-fae9-4394-9dd3-b03653e12d2a-127267409823232","trial_id":96,"step":1,"intermediate_value":0.3743983480195337}
{"op_code":7,"worker_id":"51636565-2f79-4a6a-a502-2d4d6d3cf543-131262308693504","trial_id":95,"step":1,"intermediate_value":0.3868200862826653}
{"op_code":6,"worker_id":"51636565-2f79-4a6a-a502-2d4d6d3cf543-131262308693504","trial_id":95,"state":2,"values":[0.3868200862826653],"datetime_complete":"2026-08-20T11:09:33.956516"}
{"op_code":4,"worker_id":"51636565-2f79-4a6a-a502-2d4d6d3cf543-131262308693504","study_id":0,"datetime_start":"2026-08-20T11:09:33.961362"}
{"op_code":5,"worker_id":"51636565-2f79-4a6a-a502-2d4d6d3cf543-131262308693504","trial_id":105,"param_name":"lr","param_value_internal":7.006213749035006e-05,"distribution":"{\"name\": \"FloatDistribution\", \"attributes\": {\"step\": null, \"low\": 5e-06, \"high\": 0.0003, \"log\": true}}"}
{"op_code":5,"worker_id":"51636565-2f79-4a6a-a502-2d4d6d3cf543-131262308693504","trial_id":105,"param_name":"batch_size","param_value_internal":0,"distribution":"{\"name\": \"CategoricalDistribution\", \"attributes\": {\"choices\": [16, 32, 64]}}"}
{"op_code":5,"worker_id":"51636565-2f79-4a6a-a502-2d4d6d3cf543-131262308693504","trial_id":105,"param_name":"weight_decay","param_value_internal":1.9534555791611534e-06,"distribution":"{\"name\": \"FloatDistribution\", \"attributes\": {\"step\": null, \"low\": 1e-06, \"high\": 0.01, \"log\": true}}"}
{"op_code":5,"worker_id":"51636565-2f79-4a6a-a502-2d4d6d3cf543-131262308693504","trial_id":105,"param_name":"dropout","param_value_internal":0.1625351097553235,"distribution":"{\"name\": \"FloatDistribution\", \"attributes\": {\"step\": null, \"low\": 0.0, \"high\": 0.3, \"log\": false}}"}
{"op_code":5,"worker_id":"51636565-2f79-4a6a-a502-2d4d6d3cf543-131262308693504","trial_id":105,"param_name":"patience","param_value_internal":4.0,"distribution":"{\"name\": \"IntDistribution\", \"attributes\": {\"log\": false, \"step\": 1, \"low\": 2, \"high\": 5}}"}
{"op_code":7,"worker_id":"51f74a28-646c-4369-950c-66d750dd622c-131656625030656","trial_id":98,"step":1,"intermediate_value":0.3447162565934926}
{"op_code":7,"worker_id":"d213cdce-6748-4049-a658-73fab6e5aeae-124400399664640","trial_id":102,"step":1,"intermediate_value":0.4178746146878007}
{"op_code":6,"worker_id":"d213cdce-6748-4049-a658-73fab6e5aeae-124400399664640","trial_id":102,"state":2,"values":[0.4178746146878007],"datetime_complete":"2026-08-20T11:10:06.120549"}
{"op_code":4,"worker_id":"d213cdce-6748-4049-a658-73fab6e5aeae-124400399664640","study_id":0,"datetime_start":"2026-08-20T11:10:06.125515"}
{"op_code":5,"worker_id":"d213cdce-6748-4049-a658-73fab6e5aeae-124400399664640","trial_id":106,"param_name":"lr","param_value_internal":8.283667633563796e-05,"distribution":"{\"name\": \"FloatDistribution\", \"attributes\": {\"step\": null, \"low\": 5e-06, \"high\": 0.0003, \"log\": true}}"}
{"op_code":5,"worker_id":"d213cdce-6748-4049-a658-73fab6e5aeae-124400399664640","trial_id":106,"param_name":"batch_size","param_value_internal":0,"distribution":"{\"name\": \"CategoricalDistribution\", \"attributes\": {\"choices\": [16, 32, 64]}}"}
{"op_code":5,"worker_id":"d213cdce-6748-4049-a658-73fab6e5aeae-124400399664640","trial_id":106,"param_name":"weight_decay","param_value_internal":5.329964688866218e-06,"distribution":"{\"name\": \"FloatDistribution\", \"attributes\": {\"step\": null, \"low\": 1e-06, \"high\": 0.01, \"log\": true}}"}
{"op_code":5,"worker_id":"d213cdce-6748-4049-a658-73fab6e5aeae-124400399664640","trial_id":106,"param_name":"dropout","param_value_internal":0.2604489839021887,"distribution":"{\"name\": \"FloatDistribution\", \"attributes\": {\"step\": null, \"low\": 0.0, \"high\": 0.3, \"log\": false}}"}
{"op_code":5,"worker_id":"d213cdce-6748-4049-a658-73fab6e5aeae-124400399664640","trial_id":106,"param_name":"patience","param_value_internal":4.0,"distribution":"{\"name\": \"IntDistribution\", \"attributes\": {\"log\": false, \"step\": 1, \"low\": 2, \"high\": 5}}"}
{"op_code":7,"worker_id":"37e8bd16-9218-40bf-99f3-4fa1a708a5c3-131637758723584","trial_id":97,"step":1,"intermediate_value":0.3610920040524936}
{"op_code":7,"worker_id":"e6c35a08-02fb-4e42-ab73-86fd8adba8db-136264221345280","trial_id":100,"step":1,"intermediate_value":0.36716916232694224}
{"op_code":7,"worker_id":"fa5194fe-09ec-4cab-b26f-7ccc891e7020-124730445026816","trial_id":91,"step":2,"intermediate_value":0.4014970229036152}
{"op_code":6,"worker_id":"fa5194fe-09ec-4cab-b26f-7ccc891e7020-124730445026816","trial_id":91,"state":1,"values":[0.4014970229036152],"datetime_complete":"2026-08-20T11:10:54.717671"}
{"op_code":4,"worker_id":"fa5194fe-09ec-4cab-b26f-7ccc891e7020-124730445026816","study_id":0,"datetime_start":"2026-08-20T11:10:54.722088"}
{"op_code":5,"worker_id":"fa5194fe-09ec-4cab-b26f-7ccc891e7020-124730445026816","trial_id":107,"param_name":"lr","param_value_internal":7.619910630190896e-05,"distribution":"{\"name\": \"FloatDistribution\", \"attributes\": {\"step\": null, \"low\": 5e-06, \"high\": 0.0003, \"log\": true}}"}
{"op_code":5,"worker_id":"fa5194fe-09ec-4cab-b26f-7ccc891e7020-124730445026816","trial_id":107,"param_name":"batch_size","param_value_internal":0,"distribution":"{\"name\": \"CategoricalDistribution\", \"attributes\": {\"choices\": [16, 32, 64]}}"}
{"op_code":5,"worker_id":"fa5194fe-09ec-4cab-b26f-7ccc891e7020-124730445026816","trial_id":107,"param_name":"weight_decay","param_value_internal":1.8678736846174669e-06,"distribution":"{\"name\": \"FloatDistribution\", \"attributes\": {\"step\": null, \"low\": 1e-06, \"high\": 0.01, \"log\": true}}"}
{"op_code":5,"worker_id":"fa5194fe-09ec-4cab-b26f-7ccc891e7020-124730445026816","trial_id":107,"param_name":"dropout","param_value_internal":0.21137034518639214,"distribution":"{\"name\": \"FloatDistribution\", \"attributes\": {\"step\": null, \"low\": 0.0, \"high\": 0.3, \"log\": false}}"}
{"op_code":5,"worker_id":"fa5194fe-09ec-4cab-b26f-7ccc891e7020-124730445026816","trial_id":107,"param_name":"patience","param_value_internal":4.0,"distribution":"{\"name\": \"IntDistribution\", \"attributes\": {\"log\": false, \"step\": 1, \"low\": 2, \"high\": 5}}"}
{"op_code":7,"worker_id":"cf7d6830-0a8e-4deb-b770-6b1feb3e3282-133716344071680","trial_id":101,"step":1,"intermediate_value":0.3701965374196426}
{"op_code":7,"worker_id":"b9892336-fae9-4394-9dd3-b03653e12d2a-127267409823232","trial_id":96,"step":2,"intermediate_value":0.3758035121545683}
{"op_code":6,"worker_id":"b9892336-fae9-4394-9dd3-b03653e12d2a-127267409823232","trial_id":96,"state":1,"values":[0.3758035121545683],"datetime_complete":"2026-08-20T11:12:41.844805"}
{"op_code":4,"worker_id":"b9892336-fae9-4394-9dd3-b03653e12d2a-127267409823232","study_id":0,"datetime_start":"2026-08-20T11:12:41.849664"}
{"op_code":5,"worker_id":"b9892336-fae9-4394-9dd3-b03653e12d2a-127267409823232","trial_id":108,"param_name":"lr","param_value_internal":7.837377837597216e-05,"distribution":"{\"name\": \"FloatDistribution\", \"attributes\": {\"step\": null, \"low\": 5e-06, \"high\": 0.0003, \"log\": true}}"}
{"op_code":5,"worker_id":"b9892336-fae9-4394-9dd3-b03653e12d2a-127267409823232","trial_id":108,"param_name":"batch_size","param_value_internal":0,"distribution":"{\"name\": \"CategoricalDistribution\", \"attributes\": {\"choices\": [16, 32, 64]}}"}
{"op_code":5,"worker_id":"b9892336-fae9-4394-9dd3-b03653e12d2a-127267409823232","trial_id":108,"param_name":"weight_decay","param_value_internal":5.521037255048864e-06,"distribution":"{\"name\": \"FloatDistribution\", \"attributes\": {\"step\": null, \"low\": 1e-06, \"high\": 0.01, \"log\": true}}"}
{"op_code":5,"worker_id":"b9892336-fae9-4394-9dd3-b03653e12d2a-127267409823232","trial_id":108,"param_name":"dropout","param_value_internal":0.21466043587460862,"distribution":"{\"name\": \"FloatDistribution\", \"attributes\": {\"step\": null, \"low\": 0.0, \"high\": 0.3, \"log\": false}}"}
{"op_code":5,"worker_id":"b9892336-fae9-4394-9dd3-b03653e12d2a-127267409823232","trial_id":108,"param_name":"patience","param_value_internal":4.0,"distribution":"{\"name\": \"IntDistribution\", \"attributes\": {\"log\": false, \"step\": 1, \"low\": 2, \"high\": 5}}"}
{"op_code":7,"worker_id":"e76d18ae-e53a-4ecb-ae63-890896211a3e-132460121368064","trial_id":103,"step":1,"intermediate_value":0.37540239055622593}
{"op_code":7,"worker_id":"1eac8271-c97f-4973-a60a-3164527c77cb-134904042616320","trial_id":93,"step":2,"intermediate_value":0.3553351890120495}
{"op_code":6,"worker_id":"1eac8271-c97f-4973-a60a-3164527c77cb-134904042616320","trial_id":93,"state":1,"values":[0.3553351890120495],"datetime_complete":"2026-08-20T11:13:57.611659"}
{"op_code":4,"worker_id":"1eac8271-c97f-4973-a60a-3164527c77cb-134904042616320","study_id":0,"datetime_start":"2026-08-20T11:13:57.616840"}
{"op_code":5,"worker_id":"1eac8271-c97f-4973-a60a-3164527c77cb-134904042616320","trial_id":109,"param_name":"lr","param_value_internal":7.949409282423323e-05,"distribution":"{\"name\": \"FloatDistribution\", \"attributes\": {\"step\": null, \"low\": 5e-06, \"high\": 0.0003, \"log\": true}}"}
{"op_code":5,"worker_id":"1eac8271-c97f-4973-a60a-3164527c77cb-134904042616320","trial_id":109,"param_name":"batch_size","param_value_internal":0,"distribution":"{\"name\": \"CategoricalDistribution\", \"attributes\": {\"choices\": [16, 32, 64]}}"}
{"op_code":5,"worker_id":"1eac8271-c97f-4973-a60a-3164527c77cb-134904042616320","trial_id":109,"param_name":"weight_decay","param_value_internal":4.089293087638522e-05,"distribution":"{\"name\": \"FloatDistribution\", \"attributes\": {\"step\": null, \"low\": 1e-06, \"high\": 0.01, \"log\": true}}"}
{"op_code":5,"worker_id":"1eac8271-c97f-4973-a60a-3164527c77cb-134904042616320","trial_id":109,"param_name":"dropout","param_value_internal":0.21165695083010191,"distribution":"{\"name\": \"FloatDistribution\", \"attributes\": {\"step\": null, \"low\": 0.0, \"high\": 0.3, \"log\": false}}"}
{"op_code":5,"worker_id":"1eac8271-c97f-4973-a60a-3164527c77cb-134904042616320","trial_id":109,"param_name":"patience","param_value_internal":4.0,"distribution":"{\"name\": \"IntDistribution\", \"attributes\": {\"log\": false, \"step\": 1, \"low\": 2, \"high\": 5}}"}
{"op_code":7,"worker_id":"79fbe97c-198d-4d0e-8786-9813e9be38e9-135126523921920","trial_id":94,"step":2,"intermediate_value":0.3690702337520153}
{"op_code":6,"worker_id":"79fbe97c-198d-4d0e-8786-9813e9be38e9-135126523921920","trial_id":94,"state":1,"values":[0.3690702337520153],"datetime_complete":"2026-08-20T11:14:49.846576"}
{"op_code":4,"worker_id":"79fbe97c-198d-4d0e-8786-9813e9be38e9-135126523921920","study_id":0,"datetime_start":"2026-08-20T11:14:49.851555"}
{"op_code":5,"worker_id":"79fbe97c-198d-4d0e-8786-9813e9be38e9-135126523921920","trial_id":110,"param_name":"lr","param_value_internal":4.4981137083416404e-05,"distribution":"{\"name\": \"FloatDistribution\", \"attributes\": {\"step\": null, \"low\": 5e-06, \"high\": 0.0003, \"log\": true}}"}
{"op_code":5,"worker_id":"79fbe97c-198d-4d0e-8786-9813e9be38e9-135126523921920","trial_id":110,"param_name":"batch_size","param_value_internal":0,"distribution":"{\"name\": \"CategoricalDistribution\", \"attributes\": {\"choices\": [16, 32, 64]}}"}
{"op_code":5,"worker_id":"79fbe97c-198d-4d0e-8786-9813e9be38e9-135126523921920","trial_id":110,"param_name":"weight_decay","param_value_internal":3.482332913880219e-05,"distribution":"{\"name\": \"FloatDistribution\", \"attributes\": {\"step\": null, \"low\": 1e-06, \"high\": 0.01, \"log\": true}}"}
{"op_code":5,"worker_id":"79fbe97c-198d-4d0e-8786-9813e9be38e9-135126523921920","trial_id":110,"param_name":"dropout","param_value_internal":0.20545058008028078,"distribution":"{\"name\": \"FloatDistribution\", \"attributes\": {\"step\": null, \"low\": 0.0, \"high\": 0.3, \"log\": false}}"}
{"op_code":5,"worker_id":"79fbe97c-198d-4d0e-8786-9813e9be38e9-135126523921920","trial_id":110,"param_name":"patience","param_value_internal":4.0,"distribution":"{\"name\": \"IntDistribution\", \"attributes\": {\"log\": false, \"step\": 1, \"low\": 2, \"high\": 5}}"}
{"op_code":7,"worker_id":"673a5381-68b5-4521-999a-4fc6aba1a482-130671200167424","trial_id":104,"step":1,"intermediate_value":0.3736005570330815}
{"op_code":7,"worker_id":"51f74a28-646c-4369-950c-66d750dd622c-131656625030656","trial_id":98,"step":2,"intermediate_value":0.34418325367292724}
{"op_code":6,"worker_id":"51f74a28-646c-4369-950c-66d750dd622c-131656625030656","trial_id":98,"state":1,"values":[0.34418325367292724],"datetime_complete":"2026-08-20T11:16:11.695460"}
{"op_code":4,"worker_id":"51f74a28-646c-4369-950c-66d750dd622c-131656625030656","study_id":0,"datetime_start":"2026-08-20T11:16:11.700181"}
{"op_code":5,"worker_id":"51f74a28-646c-4369-950c-66d750dd622c-131656625030656","trial_id":111,"param_name":"lr","param_value_internal":4.5081641365434365e-05,"distribution":"{\"name\": \"FloatDistribution\", \"attributes\": {\"step\": null, \"low\": 5e-06, \"high\": 0.0003, \"log\": true}}"}
{"op_code":5,"worker_id":"51f74a28-646c-4369-950c-66d750dd622c-131656625030656","trial_id":111,"param_name":"batch_size","param_value_internal":0,"distribution":"{\"name\": \"CategoricalDistribution\", \"attributes\": {\"choices\": [16, 32, 64]}}"}
{"op_code":5,"worker_id":"51f74a28-646c-4369-950c-66d750dd622c-131656625030656","trial_id":111,"param_name":"weight_decay","param_value_internal":3.2864162981064275e-05,"distribution":"{\"name\": \"FloatDistribution\", \"attributes\": {\"step\": null, \"low\": 1e-06, \"high\": 0.01, \"log\": true}}"}
{"op_code":5,"worker_id":"51f74a28-646c-4369-950c-66d750dd622c-131656625030656","trial_id":111,"param_name":"dropout","param_value_internal":0.1566185769543862,"distribution":"{\"name\": \"FloatDistribution\", \"attributes\": {\"step\": null, \"low\": 0.0, \"high\": 0.3, \"log\": false}}"}
{"op_code":5,"worker_id":"51f74a28-646c-4369-950c-66d750dd622c-131656625030656","trial_id":111,"param_name":"patience","param_value_internal":4.0,"distribution":"{\"name\": \"IntDistribution\", \"attributes\": {\"log\": false, \"step\": 1, \"low\": 2, \"high\": 5}}"}
{"op_code":7,"worker_id":"51636565-2f79-4a6a-a502-2d4d6d3cf543-131262308693504","trial_id":105,"step":1,"intermediate_value":0.36724487901950637}
{"op_code":7,"worker_id":"e6c35a08-02fb-4e42-ab73-86fd8adba8db-136264221345280","trial_id":100,"step":2,"intermediate_value":0.36666340871579917}
{"op_code":6,"worker_id":"e6c35a08-02fb-4e42-ab73-86fd8adba8db-136264221345280","trial_id":100,"state":1,"values":[0.36666340871579917],"datetime_complete":"2026-08-20T11:16:45.655333"}
{"op_code":4,"worker_id":"e6c35a08-02fb-4e42-ab73-86fd8adba8db-136264221345280","study_id":0,"datetime_start":"2026-08-20T11:16:45.659962"}
{"op_code":5,"worker_id":"e6c35a08-02fb-4e42-ab73-86fd8adba8db-136264221345280","trial_id":112,"param_name":"lr","param_value_internal":4.6697810222536676e-05,"distribution":"{\"name\": \"FloatDistribution\", \"attributes\": {\"step\": null, \"low\": 5e-06, \"high\": 0.0003, \"log\": true}}"}
{"op_code":5,"worker_id":"e6c35a08-02fb-4e42-ab73-86fd8adba8db-136264221345280","trial_id":112,"param_name":"batch_size","param_value_internal":0,"distribution":"{\"name\": \"CategoricalDistribution\", \"attributes\": {\"choices\": [16, 32, 64]}}"}
{"op_code":5,"worker_id":"e6c35a08-02fb-4e42-ab73-86fd8adba8db-136264221345280","trial_id":112,"param_name":"weight_decay","param_value_internal":5.227599015966949e-06,"distribution":"{\"name\": \"FloatDistribution\", \"attributes\": {\"step\": null, \"low\": 1e-06, \"high\": 0.01, \"log\": true}}"}
{"op_code":5,"worker_id":"e6c35a08-02fb-4e42-ab73-86fd8adba8db-136264221345280","trial_id":112,"param_name":"dropout","param_value_internal":0.16567997930284517,"distribution":"{\"name\": \"FloatDistribution\", \"attributes\": {\"step\": null, \"low\": 0.0, \"high\": 0.3, \"log\": false}}"}
{"op_code":5,"worker_id":"e6c35a08-02fb-4e42-ab73-86fd8adba8db-136264221345280","trial_id":112,"param_name":"patience","param_value_internal":4.0,"distribution":"{\"name\": \"IntDistribution\", \"attributes\": {\"log\": false, \"step\": 1, \"low\": 2, \"high\": 5}}"}
{"op_code":7,"worker_id":"d213cdce-6748-4049-a658-73fab6e5aeae-124400399664640","trial_id":106,"step":1,"intermediate_value":0.3707045523317343}
{"op_code":7,"worker_id":"37e8bd16-9218-40bf-99f3-4fa1a708a5c3-131637758723584","trial_id":97,"step":2,"intermediate_value":0.36140228018003384}
{"op_code":6,"worker_id":"37e8bd16-9218-40bf-99f3-4fa1a708a5c3-131637758723584","trial_id":97,"state":1,"values":[0.36140228018003384],"datetime_complete":"2026-08-20T11:17:15.620650"}
{"op_code":4,"worker_id":"37e8bd16-9218-40bf-99f3-4fa1a708a5c3-131637758723584","study_id":0,"datetime_start":"2026-08-20T11:17:15.625424"}
{"op_code":5,"worker_id":"37e8bd16-9218-40bf-99f3-4fa1a708a5c3-131637758723584","trial_id":113,"param_name":"lr","param_value_internal":4.556856451877523e-05,"distribution":"{\"name\": \"FloatDistribution\", \"attributes\": {\"step\": null, \"low\": 5e-06, \"high\": 0.0003, \"log\": true}}"}
{"op_code":5,"worker_id":"37e8bd16-9218-40bf-99f3-4fa1a708a5c3-131637758723584","trial_id":113,"param_name":"batch_size","param_value_internal":0,"distribution":"{\"name\": \"CategoricalDistribution\", \"attributes\": {\"choices\": [16, 32, 64]}}"}
{"op_code":5,"worker_id":"37e8bd16-9218-40bf-99f3-4fa1a708a5c3-131637758723584","trial_id":113,"param_name":"weight_decay","param_value_internal":5.390111182242553e-06,"distribution":"{\"name\": \"FloatDistribution\", \"attributes\": {\"step\": null, \"low\": 1e-06, \"high\": 0.01, \"log\": true}}"}
{"op_code":5,"worker_id":"37e8bd16-9218-40bf-99f3-4fa1a708a5c3-131637758723584","trial_id":113,"param_name":"dropout","param_value_internal":0.16048306848966595,"distribution":"{\"name\": \"FloatDistribution\", \"attributes\": {\"step\": null, \"low\": 0.0, \"high\": 0.3, \"log\": false}}"}
{"op_code":5,"worker_id":"37e8bd16-9218-40bf-99f3-4fa1a708a5c3-131637758723584","trial_id":113,"param_name":"patience","param_value_internal":4.0,"distribution":"{\"name\": \"IntDistribution\", \"attributes\": {\"log\": false, \"step\": 1, \"low\": 2, \"high\": 5}}"}
{"op_code":7,"worker_id":"fa5194fe-09ec-4cab-b26f-7ccc891e7020-124730445026816","trial_id":107,"step":1,"intermediate_value":0.3785797672410616}
{"op_code":6,"worker_id":"fa5194fe-09ec-4cab-b26f-7ccc891e7020-124730445026816","trial_id":107,"state":2,"values":[0.3785797672410616],"datetime_complete":"2026-08-20T11:17:21.083056"}
{"op_code":4,"worker_id":"fa5194fe-09ec-4cab-b26f-7ccc891e7020-124730445026816","study_id":0,"datetime_start":"2026-08-20T11:17:21.087949"}
{"op_code":5,"worker_id":"fa5194fe-09ec-4cab-b26f-7ccc891e7020-124730445026816","trial_id":114,"param_name":"lr","param_value_internal":6.871763292459906e-05,"distribution":"{\"name\": \"FloatDistribution\", \"attributes\": {\"step\": null, \"low\": 5e-06, \"high\": 0.0003, \"log\": true}}"}
{"op_code":5,"worker_id":"fa5194fe-09ec-4cab-b26f-7ccc891e7020-124730445026816","trial_id":114,"param_name":"batch_size","param_value_internal":0,"distribution":"{\"name\": \"CategoricalDistribution\", \"attributes\": {\"choices\": [16, 32, 64]}}"}
{"op_code":5,"worker_id":"fa5194fe-09ec-4cab-b26f-7ccc891e7020-124730445026816","trial_id":114,"param_name":"weight_decay","param_value_internal":1.1748456104403102e-05,"distribution":"{\"name\": \"FloatDistribution\", \"attributes\": {\"step\": null, \"low\": 1e-06, \"high\": 0.01, \"log\": true}}"}
{"op_code":5,"worker_id":"fa5194fe-09ec-4cab-b26f-7ccc891e7020-124730445026816","trial_id":114,"param_name":"dropout","param_value_internal":0.16459366719187657,"distribution":"{\"name\": \"FloatDistribution\", \"attributes\": {\"step\": null, \"low\": 0.0, \"high\": 0.3, \"log\": false}}"}
{"op_code":5,"worker_id":"fa5194fe-09ec-4cab-b26f-7ccc891e7020-124730445026816","trial_id":114,"param_name":"patience","param_value_internal":4.0,"distribution":"{\"name\": \"IntDistribution\", \"attributes\": {\"log\": false, \"step\": 1, \"low\": 2, \"high\": 5}}"}
{"op_code":7,"worker_id":"cf7d6830-0a8e-4deb-b770-6b1feb3e3282-133716344071680","trial_id":101,"step":2,"intermediate_value":0.3671921899226276}
{"op_code":6,"worker_id":"cf7d6830-0a8e-4deb-b770-6b1feb3e3282-133716344071680","trial_id":101,"state":1,"values":[0.3671921899226276],"datetime_complete":"2026-08-20T11:17:24.952774"}
{"op_code":4,"worker_id":"cf7d6830-0a8e-4deb-b770-6b1feb3e3282-133716344071680","study_id":0,"datetime_start":"2026-08-20T11:17:24.957553"}
{"op_code":5,"worker_id":"cf7d6830-0a8e-4deb-b770-6b1feb3e3282-133716344071680","trial_id":115,"param_name":"lr","param_value_internal":4.678314630844968e-05,"distribution":"{\"name\": \"FloatDistribution\", \"attributes\": {\"step\": null, \"low\": 5e-06, \"high\": 0.0003, \"log\": true}}"}
{"op_code":5,"worker_id":"cf7d6830-0a8e-4deb-b770-6b1feb3e3282-133716344071680","trial_id":115,"param_name":"batch_size","param_value_internal":0,"distribution":"{\"name\": \"CategoricalDistribution\", \"attributes\": {\"choices\": [16, 32, 64]}}"}
{"op_code":5,"worker_id":"cf7d6830-0a8e-4deb-b770-6b1feb3e3282-133716344071680","trial_id":115,"param_name":"weight_decay","param_value_internal":5.507261042711076e-06,"distribution":"{\"name\": \"FloatDistribution\", \"attributes\": {\"step\": null, \"low\": 1e-06, \"high\": 0.01, \"log\": true}}"}
{"op_code":5,"worker_id":"cf7d6830-0a8e-4deb-b770-6b1feb3e3282-133716344071680","trial_id":115,"param_name":"dropout","param_value_internal":0.16095032963031894,"distribution":"{\"name\": \"FloatDistribution\", \"attributes\": {\"step\": null, \"low\": 0.0, \"high\": 0.3, \"log\": false}}"}
{"op_code":5,"worker_id":"cf7d6830-0a8e-4deb-b770-6b1feb3e3282-133716344071680","trial_id":115,"param_name":"patience","param_value_internal":4.0,"distribution":"{\"name\": \"IntDistribution\", \"attributes\": {\"log\": false, \"step\": 1, \"low\": 2, \"high\": 5}}"}
{"op_code":7,"worker_id":"673a5381-68b5-4521-999a-4fc6aba1a482-130671200167424","trial_id":104,"step":2,"intermediate_value":0.38512187260047737}
{"op_code":6,"worker_id":"673a5381-68b5-4521-999a-4fc6aba1a482-130671200167424","trial_id":104,"state":1,"values":[0.38512187260047737],"datetime_complete":"2026-08-20T11:18:58.946697"}
{"op_code":4,"worker_id":"673a5381-68b5-4521-999a-4fc6aba1a482-130671200167424","study_id":0,"datetime_start":"2026-08-20T11:18:58.951605"}
{"op_code":5,"worker_id":"673a5381-68b5-4521-999a-4fc6aba1a482-130671200167424","trial_id":116,"param_name":"lr","param_value_internal":4.610136320642799e-05,"distribution":"{\"name\": \"FloatDistribution\", \"attributes\": {\"step\": null, \"low\": 5e-06, \"high\": 0.0003, \"log\": true}}"}
{"op_code":5,"worker_id":"673a5381-68b5-4521-999a-4fc6aba1a482-130671200167424","trial_id":116,"param_name":"batch_size","param_value_internal":0,"distribution":"{\"name\": \"CategoricalDistribution\", \"attributes\": {\"choices\": [16, 32, 64]}}"}
{"op_code":5,"worker_id":"673a5381-68b5-4521-999a-4fc6aba1a482-130671200167424","trial_id":116,"param_name":"weight_decay","param_value_internal":5.635974357558712e-06,"distribution":"{\"name\": \"FloatDistribution\", \"attributes\": {\"step\": null, \"low\": 1e-06, \"high\": 0.01, \"log\": true}}"}
{"op_code":5,"worker_id":"673a5381-68b5-4521-999a-4fc6aba1a482-130671200167424","trial_id":116,"param_name":"dropout","param_value_internal":0.16321549524560147,"distribution":"{\"name\": \"FloatDistribution\", \"attributes\": {\"step\": null, \"low\": 0.0, \"high\": 0.3, \"log\": false}}"}
{"op_code":5,"worker_id":"673a5381-68b5-4521-999a-4fc6aba1a482-130671200167424","trial_id":116,"param_name":"patience","param_value_internal":4.0,"distribution":"{\"name\": \"IntDistribution\", \"attributes\": {\"log\": false, \"step\": 1, \"low\": 2, \"high\": 5}}"}
{"op_code":7,"worker_id":"b9892336-fae9-4394-9dd3-b03653e12d2a-127267409823232","trial_id":108,"step":1,"intermediate_value":0.3581652054218347}
{"op_code":7,"worker_id":"1eac8271-c97f-4973-a60a-3164527c77cb-134904042616320","trial_id":109,"step":1,"intermediate_value":0.37138217378898797}
{"op_code":7,"worker_id":"e76d18ae-e53a-4ecb-ae63-890896211a3e-132460121368064","trial_id":103,"step":2,"intermediate_value":0.3685305924012346}
{"op_code":6,"worker_id":"e76d18ae-e53a-4ecb-ae63-890896211a3e-132460121368064","trial_id":103,"state":1,"values":[0.3685305924012346],"datetime_complete":"2026-08-20T11:20:13.262419"}
{"op_code":7,"worker_id":"79fbe97c-198d-4d0e-8786-9813e9be38e9-135126523921920","trial_id":110,"step":1,"intermediate_value":0.38438167755966873}
{"op_code":6,"worker_id":"79fbe97c-198d-4d0e-8786-9813e9be38e9-135126523921920","trial_id":110,"state":2,"values":[0.38438167755966873],"datetime_complete":"2026-08-20T11:21:03.914658"}
{"op_code":4,"worker_id":"79fbe97c-198d-4d0e-8786-9813e9be38e9-135126523921920","study_id":0,"datetime_start":"2026-08-20T11:21:03.919499"}
{"op_code":5,"worker_id":"79fbe97c-198d-4d0e-8786-9813e9be38e9-135126523921920","trial_id":117,"param_name":"lr","param_value_internal":4.687890251298729e-05,"distribution":"{\"name\": \"FloatDistribution\", \"attributes\": {\"step\": null, \"low\": 5e-06, \"high\": 0.0003, \"log\": true}}"}
{"op_code":5,"worker_id":"79fbe97c-198d-4d0e-8786-9813e9be38e9-135126523921920","trial_id":117,"param_name":"batch_size","param_value_internal":0,"distribution":"{\"name\": \"CategoricalDistribution\", \"attributes\": {\"choices\": [16, 32, 64]}}"}
{"op_code":5,"worker_id":"79fbe97c-198d-4d0e-8786-9813e9be38e9-135126523921920","trial_id":117,"param_name":"weight_decay","param_value_internal":5.091794224379261e-06,"distribution":"{\"name\": \"FloatDistribution\", \"attributes\": {\"step\": null, \"low\": 1e-06, \"high\": 0.01, \"log\": true}}"}
{"op_code":5,"worker_id":"79fbe97c-198d-4d0e-8786-9813e9be38e9-135126523921920","trial_id":117,"param_name":"dropout","param_value_internal":0.16194808017874485,"distribution":"{\"name\": \"FloatDistribution\", \"attributes\": {\"step\": null, \"low\": 0.0, \"high\": 0.3, \"log\": false}}"}
{"op_code":5,"worker_id":"79fbe97c-198d-4d0e-8786-9813e9be38e9-135126523921920","trial_id":117,"param_name":"patience","param_value_internal":4.0,"distribution":"{\"name\": \"IntDistribution\", \"attributes\": {\"log\": false, \"step\": 1, \"low\": 2, \"high\": 5}}"}
{"op_code":7,"worker_id":"51f74a28-646c-4369-950c-66d750dd622c-131656625030656","trial_id":111,"step":1,"intermediate_value":0.36699209588829057}
{"op_code":7,"worker_id":"e6c35a08-02fb-4e42-ab73-86fd8adba8db-136264221345280","trial_id":112,"step":1,"intermediate_value":0.36306159099491453}
{"op_code":7,"worker_id":"51636565-2f79-4a6a-a502-2d4d6d3cf543-131262308693504","trial_id":105,"step":2,"intermediate_value":0.3607008015218789}
{"op_code":6,"worker_id":"51636565-2f79-4a6a-a502-2d4d6d3cf543-131262308693504","trial_id":105,"state":1,"values":[0.3607008015218789],"datetime_complete":"2026-08-20T11:23:19.772433"}
{"op_code":4,"worker_id":"51636565-2f79-4a6a-a502-2d4d6d3cf543-131262308693504","study_id":0,"datetime_start":"2026-08-20T11:23:19.777343"}
{"op_code":5,"worker_id":"51636565-2f79-4a6a-a502-2d4d6d3cf543-131262308693504","trial_id":118,"param_name":"lr","param_value_internal":4.5595633242471283e-05,"distribution":"{\"name\": \"FloatDistribution\", \"attributes\": {\"step\": null, \"low\": 5e-06, \"high\": 0.0003, \"log\": true}}"}
{"op_code":5,"worker_id":"51636565-2f79-4a6a-a502-2d4d6d3cf543-131262308693504","trial_id":118,"param_name":"batch_size","param_value_internal":0,"distribution":"{\"name\": \"CategoricalDistribution\", \"attributes\": {\"choices\": [16, 32, 64]}}"}
{"op_code":5,"worker_id":"51636565-2f79-4a6a-a502-2d4d6d3cf543-131262308693504","trial_id":118,"param_name":"weight_decay","param_value_internal":1.3304924367125998e-06,"distribution":"{\"name\": \"FloatDistribution\", \"attributes\": {\"step\": null, \"low\": 1e-06, \"high\": 0.01, \"log\": true}}"}
{"op_code":5,"worker_id":"51636565-2f79-4a6a-a502-2d4d6d3cf543-131262308693504","trial_id":118,"param_name":"dropout","param_value_internal":0.16082020231655147,"distribution":"{\"name\": \"FloatDistribution\", \"attributes\": {\"step\": null, \"low\": 0.0, \"high\": 0.3, \"log\": false}}"}
{"op_code":5,"worker_id":"51636565-2f79-4a6a-a502-2d4d6d3cf543-131262308693504","trial_id":118,"param_name":"patience","param_value_internal":4.0,"distribution":"{\"name\": \"IntDistribution\", \"attributes\": {\"log\": false, \"step\": 1, \"low\": 2, \"high\": 5}}"}
{"op_code":7,"worker_id":"37e8bd16-9218-40bf-99f3-4fa1a708a5c3-131637758723584","trial_id":113,"step":1,"intermediate_value":0.3888633298812547}
{"op_code":6,"worker_id":"37e8bd16-9218-40bf-99f3-4fa1a708a5c3-131637758723584","trial_id":113,"state":2,"values":[0.3888633298812547],"datetime_complete":"2026-08-20T11:23:26.399284"}
{"op_code":4,"worker_id":"37e8bd16-9218-40bf-99f3-4fa1a708a5c3-131637758723584","study_id":0,"datetime_start":"2026-08-20T11:23:26.404102"}
{"op_code":5,"worker_id":"37e8bd16-9218-40bf-99f3-4fa1a708a5c3-131637758723584","trial_id":119,"param_name":"lr","param_value_internal":5.488825845950067e-05,"distribution":"{\"name\": \"FloatDistribution\", \"attributes\": {\"step\": null, \"low\": 5e-06, \"high\": 0.0003, \"log\": true}}"}
{"op_code":5,"worker_id":"37e8bd16-9218-40bf-99f3-4fa1a708a5c3-131637758723584","trial_id":119,"param_name":"batch_size","param_value_internal":0,"distribution":"{\"name\": \"CategoricalDistribution\", \"attributes\": {\"choices\": [16, 32, 64]}}"}
{"op_code":5,"worker_id":"37e8bd16-9218-40bf-99f3-4fa1a708a5c3-131637758723584","trial_id":119,"param_name":"weight_decay","param_value_internal":5.329668934049949e-06,"distribution":"{\"name\": \"FloatDistribution\", \"attributes\": {\"step\": null, \"low\": 1e-06, \"high\": 0.01, \"log\": true}}"}
{"op_code":5,"worker_id":"37e8bd16-9218-40bf-99f3-4fa1a708a5c3-131637758723584","trial_id":119,"param_name":"dropout","param_value_internal":0.18503554513675122,"distribution":"{\"name\": \"FloatDistribution\", \"attributes\": {\"step\": null, \"low\": 0.0, \"high\": 0.3, \"log\": false}}"}
{"op_code":5,"worker_id":"37e8bd16-9218-40bf-99f3-4fa1a708a5c3-131637758723584","trial_id":119,"param_name":"patience","param_value_internal":4.0,"distribution":"{\"name\": \"IntDistribution\", \"attributes\": {\"log\": false, \"step\": 1, \"low\": 2, \"high\": 5}}"}
{"op_code":7,"worker_id":"fa5194fe-09ec-4cab-b26f-7ccc891e7020-124730445026816","trial_id":114,"step":1,"intermediate_value":0.35987973366328707}
{"op_code":7,"worker_id":"cf7d6830-0a8e-4deb-b770-6b1feb3e3282-133716344071680","trial_id":115,"step":1,"intermediate_value":0.3674478215173052}
{"op_code":7,"worker_id":"d213cdce-6748-4049-a658-73fab6e5aeae-124400399664640","trial_id":106,"step":2,"intermediate_value":0.38068661950493443}
{"op_code":6,"worker_id":"d213cdce-6748-4049-a658-73fab6e5aeae-124400399664640","trial_id":106,"state":1,"values":[0.38068661950493443],"datetime_complete":"2026-08-20T11:24:18.360406"}
{"op_code":7,"worker_id":"b9892336-fae9-4394-9dd3-b03653e12d2a-127267409823232","trial_id":108,"step":2,"intermediate_value":0.3748832887329413}
{"op_code":6,"worker_id":"b9892336-fae9-4394-9dd3-b03653e12d2a-127267409823232","trial_id":108,"state":1,"values":[0.3748832887329413],"datetime_complete":"2026-08-20T11:25:19.942354"}
{"op_code":4,"worker_id":"b9892336-fae9-4394-9dd3-b03653e12d2a-127267409823232","study_id":0,"datetime_start":"2026-08-20T11:25:19.946833"}
{"op_code":5,"worker_id":"b9892336-fae9-4394-9dd3-b03653e12d2a-127267409823232","trial_id":120,"param_name":"lr","param_value_internal":5.48348495824689e-05,"distribution":"{\"name\": \"FloatDistribution\", \"attributes\": {\"step\": null, \"low\": 5e-06, \"high\": 0.0003, \"log\": true}}"}
{"op_code":5,"worker_id":"b9892336-fae9-4394-9dd3-b03653e12d2a-127267409823232","trial_id":120,"param_name":"batch_size","param_value_internal":0,"distribution":"{\"name\": \"CategoricalDistribution\", \"attributes\": {\"choices\": [16, 32, 64]}}"}
{"op_code":5,"worker_id":"b9892336-fae9-4394-9dd3-b03653e12d2a-127267409823232","trial_id":120,"param_name":"weight_decay","param_value_internal":1.2718734654561633e-06,"distribution":"{\"name\": \"FloatDistribution\", \"attributes\": {\"step\": null, \"low\": 1e-06, \"high\": 0.01, \"log\": true}}"}
{"op_code":5,"worker_id":"b9892336-fae9-4394-9dd3-b03653e12d2a-127267409823232","trial_id":120,"param_name":"dropout","param_value_internal":0.1630042638606341,"distribution":"{\"name\": \"FloatDistribution\", \"attributes\": {\"step\": null, \"low\": 0.0, \"high\": 0.3, \"log\": false}}"}
{"op_code":5,"worker_id":"b9892336-fae9-4394-9dd3-b03653e12d2a-127267409823232","trial_id":120,"param_name":"patience","param_value_internal":4.0,"distribution":"{\"name\": \"IntDistribution\", \"attributes\": {\"log\": false, \"step\": 1, \"low\": 2, \"high\": 5}}"}
{"op_code":7,"worker_id":"673a5381-68b5-4521-999a-4fc6aba1a482-130671200167424","trial_id":116,"step":1,"intermediate_value":0.37227881117147743}
{"op_code":7,"worker_id":"1eac8271-c97f-4973-a60a-3164527c77cb-134904042616320","trial_id":109,"step":2,"intermediate_value":0.3799597486799082}
{"op_code":6,"worker_id":"1eac8271-c97f-4973-a60a-3164527c77cb-134904042616320","trial_id":109,"state":1,"values":[0.3799597486799082],"datetime_complete":"2026-08-20T11:25:42.304930"}
{"op_code":4,"worker_id":"1eac8271-c97f-4973-a60a-3164527c77cb-134904042616320","study_id":0,"datetime_start":"2026-08-20T11:25:42.309897"}
{"op_code":5,"worker_id":"1eac8271-c97f-4973-a60a-3164527c77cb-134904042616320","trial_id":121,"param_name":"lr","param_value_internal":5.401216193793207e-05,"distribution":"{\"name\": \"FloatDistribution\", \"attributes\": {\"step\": null, \"low\": 5e-06, \"high\": 0.0003, \"log\": true}}"}
{"op_code":5,"worker_id":"1eac8271-c97f-4973-a60a-3164527c77cb-134904042616320","trial_id":121,"param_name":"batch_size","param_value_internal":0,"distribution":"{\"name\": \"CategoricalDistribution\", \"attributes\": {\"choices\": [16, 32, 64]}}"}
{"op_code":5,"worker_id":"1eac8271-c97f-4973-a60a-3164527c77cb-134904042616320","trial_id":121,"param_name":"weight_decay","param_value_internal":1.2617670028305074e-06,"distribution":"{\"name\": \"FloatDistribution\", \"attributes\": {\"step\": null, \"low\": 1e-06, \"high\": 0.01, \"log\": true}}"}
{"op_code":5,"worker_id":"1eac8271-c97f-4973-a60a-3164527c77cb-134904042616320","trial_id":121,"param_name":"dropout","param_value_internal":0.15794611116109544,"distribution":"{\"name\": \"FloatDistribution\", \"attributes\": {\"step\": null, \"low\": 0.0, \"high\": 0.3, \"log\": false}}"}
{"op_code":5,"worker_id":"1eac8271-c97f-4973-a60a-3164527c77cb-134904042616320","trial_id":121,"param_name":"patience","param_value_internal":4.0,"distribution":"{\"name\": \"IntDistribution\", \"attributes\": {\"log\": false, \"step\": 1, \"low\": 2, \"high\": 5}}"}
{"op_code":7,"worker_id":"51f74a28-646c-4369-950c-66d750dd622c-131656625030656","trial_id":111,"step":2,"intermediate_value":0.3856517608422846}
{"op_code":6,"worker_id":"51f74a28-646c-4369-950c-66d750dd622c-131656625030656","trial_id":111,"state":1,"values":[0.3856517608422846],"datetime_complete":"2026-08-20T11:26:16.353200"}
{"op_code":4,"worker_id":"51f74a28-646c-4369-950c-66d750dd622c-131656625030656","study_id":0,"datetime_start":"2026-08-20T11:26:16.358337"}
{"op_code":5,"worker_id":"51f74a28-646c-4369-950c-66d750dd622c-131656625030656","trial_id":122,"param_name":"lr","param_value_internal":5.295793749467687e-05,"distribution":"{\"name\": \"FloatDistribution\", \"attributes\": {\"step\": null, \"low\": 5e-06, \"high\": 0.0003, \"log\": true}}"}
{"op_code":5,"worker_id":"51f74a28-646c-4369-950c-66d750dd622c-131656625030656","trial_id":122,"param_name":"batch_size","param_value_internal":0,"distribution":"{\"name\": \"CategoricalDistribution\", \"attributes\": {\"choices\": [16, 32, 64]}}"}
{"op_code":5,"worker_id":"51f74a28-646c-4369-950c-66d750dd622c-131656625030656","trial_id":122,"param_name":"weight_decay","param_value_internal":1.266683187962097e-06,"distribution":"{\"name\": \"FloatDistribution\", \"attributes\": {\"step\": null, \"low\": 1e-06, \"high\": 0.01, \"log\": true}}"}
{"op_code":5,"worker_id":"51f74a28-646c-4369-950c-66d750dd622c-131656625030656","trial_id":122,"param_name":"dropout","param_value_internal":0.18748490946854177,"distribution":"{\"name\": \"FloatDistribution\", \"attributes\": {\"step\": null, \"low\": 0.0, \"high\": 0.3, \"log\": false}}"}
{"op_code":5,"worker_id":"51f74a28-646c-4369-950c-66d750dd622c-131656625030656","trial_id":122,"param_name":"patience","param_value_internal":4.0,"distribution":"{\"name\": \"IntDistribution\", \"attributes\": {\"log\": false, \"step\": 1, \"low\": 2, \"high\": 5}}"}
{"op_code":7,"worker_id":"e6c35a08-02fb-4e42-ab73-86fd8adba8db-136264221345280","trial_id":112,"step":2,"intermediate_value":0.37204610500297985}
{"op_code":6,"worker_id":"e6c35a08-02fb-4e42-ab73-86fd8adba8db-136264221345280","trial_id":112,"state":1,"values":[0.37204610500297985],"datetime_complete":"2026-08-20T11:26:51.564403"}
{"op_code":4,"worker_id":"e6c35a08-02fb-4e42-ab73-86fd8adba8db-136264221345280","study_id":0,"datetime_start":"2026-08-20T11:26:51.568978"}
{"op_code":5,"worker_id":"e6c35a08-02fb-4e42-ab73-86fd8adba8db-136264221345280","trial_id":123,"param_name":"lr","param_value_internal":3.9757515135496053e-05,"distribution":"{\"name\": \"FloatDistribution\", \"attributes\": {\"step\": null, \"low\": 5e-06, \"high\": 0.0003, \"log\": true}}"}
{"op_code":5,"worker_id":"e6c35a08-02fb-4e42-ab73-86fd8adba8db-136264221345280","trial_id":123,"param_name":"batch_size","param_value_internal":0,"distribution":"{\"name\": \"CategoricalDistribution\", \"attributes\": {\"choices\": [16, 32, 64]}}"}
{"op_code":5,"worker_id":"e6c35a08-02fb-4e42-ab73-86fd8adba8db-136264221345280","trial_id":123,"param_name":"weight_decay","param_value_internal":1.3211304662768126e-06,"distribution":"{\"name\": \"FloatDistribution\", \"attributes\": {\"step\": null, \"low\": 1e-06, \"high\": 0.01, \"log\": true}}"}
{"op_code":5,"worker_id":"e6c35a08-02fb-4e42-ab73-86fd8adba8db-136264221345280","trial_id":123,"param_name":"dropout","param_value_internal":0.18608881345772504,"distribution":"{\"name\": \"FloatDistribution\", \"attributes\": {\"step\": null, \"low\": 0.0, \"high\": 0.3, \"log\": false}}"}
{"op_code":5,"worker_id":"e6c35a08-02fb-4e42-ab73-86fd8adba8db-136264221345280","trial_id":123,"param_name":"patience","param_value_internal":4.0,"distribution":"{\"name\": \"IntDistribution\", \"attributes\": {\"log\": false, \"step\": 1, \"low\": 2, \"high\": 5}}"}
{"op_code":7,"worker_id":"79fbe97c-198d-4d0e-8786-9813e9be38e9-135126523921920","trial_id":117,"step":1,"intermediate_value":0.3710897394321324}
{"op_code":7,"worker_id":"cf7d6830-0a8e-4deb-b770-6b1feb3e3282-133716344071680","trial_id":115,"step":2,"intermediate_value":0.3812381919539985}
{"op_code":6,"worker_id":"cf7d6830-0a8e-4deb-b770-6b1feb3e3282-133716344071680","trial_id":115,"state":1,"values":[0.3812381919539985],"datetime_complete":"2026-08-20T11:27:45.797323"}
{"op_code":4,"worker_id":"cf7d6830-0a8e-4deb-b770-6b1feb3e3282-133716344071680","study_id":0,"datetime_start":"2026-08-20T11:27:45.802289"}
{"op_code":5,"worker_id":"cf7d6830-0a8e-4deb-b770-6b1feb3e3282-133716344071680","trial_id":124,"param_name":"lr","param_value_internal":6.499798612238209e-05,"distribution":"{\"name\": \"FloatDistribution\", \"attributes\": {\"step\": null, \"low\": 5e-06, \"high\": 0.0003, \"log\": true}}"}
{"op_code":5,"worker_id":"cf7d6830-0a8e-4deb-b770-6b1feb3e3282-133716344071680","trial_id":124,"param_name":"batch_size","param_value_internal":0,"distribution":"{\"name\": \"CategoricalDistribution\", \"attributes\": {\"choices\": [16, 32, 64]}}"}
{"op_code":5,"worker_id":"cf7d6830-0a8e-4deb-b770-6b1feb3e3282-133716344071680","trial_id":124,"param_name":"weight_decay","param_value_internal":1.2524228655429675e-06,"distribution":"{\"name\": \"FloatDistribution\", \"attributes\": {\"step\": null, \"low\": 1e-06, \"high\": 0.01, \"log\": true}}"}
{"op_code":5,"worker_id":"cf7d6830-0a8e-4deb-b770-6b1feb3e3282-133716344071680","trial_id":124,"param_name":"dropout","param_value_internal":0.18511533573356312,"distribution":"{\"name\": \"FloatDistribution\", \"attributes\": {\"step\": null, \"low\": 0.0, \"high\": 0.3, \"log\": false}}"}
{"op_code":5,"worker_id":"cf7d6830-0a8e-4deb-b770-6b1feb3e3282-133716344071680","trial_id":124,"param_name":"patience","param_value_internal":4.0,"distribution":"{\"name\": \"IntDistribution\", \"attributes\": {\"log\": false, \"step\": 1, \"low\": 2, \"high\": 5}}"}
{"op_code":7,"worker_id":"b9892336-fae9-4394-9dd3-b03653e12d2a-127267409823232","trial_id":120,"step":1,"intermediate_value":0.4350208750235063}
{"op_code":6,"worker_id":"b9892336-fae9-4394-9dd3-b03653e12d2a-127267409823232","trial_id":120,"state":2,"values":[0.4350208750235063],"datetime_complete":"2026-08-20T11:27:52.055860"}
{"op_code":7,"worker_id":"673a5381-68b5-4521-999a-4fc6aba1a482-130671200167424","trial_id":116,"step":2,"intermediate_value":0.3863439872795819}
{"op_code":6,"worker_id":"673a5381-68b5-4521-999a-4fc6aba1a482-130671200167424","trial_id":116,"state":1,"values":[0.3863439872795819],"datetime_complete":"2026-08-20T11:29:09.672448"}
{"op_code":4,"worker_id":"673a5381-68b5-4521-999a-4fc6aba1a482-130671200167424","study_id":0,"datetime_start":"2026-08-20T11:29:09.677022"}
{"op_code":5,"worker_id":"673a5381-68b5-4521-999a-4fc6aba1a482-130671200167424","trial_id":125,"param_name":"lr","param_value_internal":5.413558783742869e-05,"distribution":"{\"name\": \"FloatDistribution\", \"attributes\": {\"step\": null, \"low\": 5e-06, \"high\": 0.0003, \"log\": true}}"}
{"op_code":5,"worker_id":"673a5381-68b5-4521-999a-4fc6aba1a482-130671200167424","trial_id":125,"param_name":"batch_size","param_value_internal":0,"distribution":"{\"name\": \"CategoricalDistribution\", \"attributes\": {\"choices\": [16, 32, 64]}}"}
{"op_code":5,"worker_id":"673a5381-68b5-4521-999a-4fc6aba1a482-130671200167424","trial_id":125,"param_name":"weight_decay","param_value_internal":1.2501270164453232e-06,"distribution":"{\"name\": \"FloatDistribution\", \"attributes\": {\"step\": null, \"low\": 1e-06, \"high\": 0.01, \"log\": true}}"}
{"op_code":5,"worker_id":"673a5381-68b5-4521-999a-4fc6aba1a482-130671200167424","trial_id":125,"param_name":"dropout","param_value_internal":0.1855861901600217,"distribution":"{\"name\": \"FloatDistribution\", \"attributes\": {\"step\": null, \"low\": 0.0, \"high\": 0.3, \"log\": false}}"}
{"op_code":5,"worker_id":"673a5381-68b5-4521-999a-4fc6aba1a482-130671200167424","trial_id":125,"param_name":"patience","param_value_internal":2.0,"distribution":"{\"name\": \"IntDistribution\", \"attributes\": {\"log\": false, \"step\": 1, \"low\": 2, \"high\": 5}}"}
{"op_code":7,"worker_id":"fa5194fe-09ec-4cab-b26f-7ccc891e7020-124730445026816","trial_id":114,"step":2,"intermediate_value":0.3717023255480709}
{"op_code":6,"worker_id":"fa5194fe-09ec-4cab-b26f-7ccc891e7020-124730445026816","trial_id":114,"state":1,"values":[0.3717023255480709],"datetime_complete":"2026-08-20T11:30:13.920153"}
{"op_code":4,"worker_id":"fa5194fe-09ec-4cab-b26f-7ccc891e7020-124730445026816","study_id":0,"datetime_start":"2026-08-20T11:30:13.925141"}
{"op_code":5,"worker_id":"fa5194fe-09ec-4cab-b26f-7ccc891e7020-124730445026816","trial_id":126,"param_name":"lr","param_value_internal":0.00010152865174548392,"distribution":"{\"name\": \"FloatDistribution\", \"attributes\": {\"step\": null, \"low\": 5e-06, \"high\": 0.0003, \"log\": true}}"}
{"op_code":5,"worker_id":"fa5194fe-09ec-4cab-b26f-7ccc891e7020-124730445026816","trial_id":126,"param_name":"batch_size","param_value_internal":0,"distribution":"{\"name\": \"CategoricalDistribution\", \"attributes\": {\"choices\": [16, 32, 64]}}"}
{"op_code":5,"worker_id":"fa5194fe-09ec-4cab-b26f-7ccc891e7020-124730445026816","trial_id":126,"param_name":"weight_decay","param_value_internal":1.1961374816215877e-06,"distribution":"{\"name\": \"FloatDistribution\", \"attributes\": {\"step\": null, \"low\": 1e-06, \"high\": 0.01, \"log\": true}}"}
{"op_code":5,"worker_id":"fa5194fe-09ec-4cab-b26f-7ccc891e7020-124730445026816","trial_id":126,"param_name":"dropout","param_value_internal":0.18523950631388159,"distribution":"{\"name\": \"FloatDistribution\", \"attributes\": {\"step\": null, \"low\": 0.0, \"high\": 0.3, \"log\": false}}"}
{"op_code":5,"worker_id":"fa5194fe-09ec-4cab-b26f-7ccc891e7020-124730445026816","trial_id":126,"param_name":"patience","param_value_internal":4.0,"distribution":"{\"name\": \"IntDistribution\", \"attributes\": {\"log\": false, \"step\": 1, \"low\": 2, \"high\": 5}}"}
{"op_code":7,"worker_id":"51636565-2f79-4a6a-a502-2d4d6d3cf543-131262308693504","trial_id":118,"step":1,"intermediate_value":0.361043021085404}
{"op_code":7,"worker_id":"37e8bd16-9218-40bf-99f3-4fa1a708a5c3-131637758723584","trial_id":119,"step":1,"intermediate_value":0.3631282128857663}
{"op_code":7,"worker_id":"673a5381-68b5-4521-999a-4fc6aba1a482-130671200167424","trial_id":125,"step":1,"intermediate_value":0.4567549914030144}
{"op_code":6,"worker_id":"673a5381-68b5-4521-999a-4fc6aba1a482-130671200167424","trial_id":125,"state":2,"values":[0.4567549914030144],"datetime_complete":"2026-08-20T11:30:51.896365"}
{"op_code":7,"worker_id":"79fbe97c-198d-4d0e-8786-9813e9be38e9-135126523921920","trial_id":117,"step":2,"intermediate_value":0.3892960347603804}
{"op_code":6,"worker_id":"79fbe97c-198d-4d0e-8786-9813e9be38e9-135126523921920","trial_id":117,"state":1,"values":[0.3892960347603804],"datetime_complete":"2026-08-20T11:31:02.641846"}
{"op_code":4,"worker_id":"79fbe97c-198d-4d0e-8786-9813e9be38e9-135126523921920","study_id":0,"datetime_start":"2026-08-20T11:31:02.646636"}
{"op_code":5,"worker_id":"79fbe97c-198d-4d0e-8786-9813e9be38e9-135126523921920","trial_id":127,"param_name":"lr","param_value_internal":4.1759068911161816e-05,"distribution":"{\"name\": \"FloatDistribution\", \"attributes\": {\"step\": null, \"low\": 5e-06, \"high\": 0.0003, \"log\": true}}"}
{"op_code":5,"worker_id":"79fbe97c-198d-4d0e-8786-9813e9be38e9-135126523921920","trial_id":127,"param_name":"batch_size","param_value_internal":0,"distribution":"{\"name\": \"CategoricalDistribution\", \"attributes\": {\"choices\": [16, 32, 64]}}"}
{"op_code":5,"worker_id":"79fbe97c-198d-4d0e-8786-9813e9be38e9-135126523921920","trial_id":127,"param_name":"weight_decay","param_value_internal":2.019926739975274e-06,"distribution":"{\"name\": \"FloatDistribution\", \"attributes\": {\"step\": null, \"low\": 1e-06, \"high\": 0.01, \"log\": true}}"}
{"op_code":5,"worker_id":"79fbe97c-198d-4d0e-8786-9813e9be38e9-135126523921920","trial_id":127,"param_name":"dropout","param_value_internal":0.18624891560722126,"distribution":"{\"name\": \"FloatDistribution\", \"attributes\": {\"step\": null, \"low\": 0.0, \"high\": 0.3, \"log\": false}}"}
{"op_code":5,"worker_id":"79fbe97c-198d-4d0e-8786-9813e9be38e9-135126523921920","trial_id":127,"param_name":"patience","param_value_internal":4.0,"distribution":"{\"name\": \"IntDistribution\", \"attributes\": {\"log\": false, \"step\": 1, \"low\": 2, \"high\": 5}}"}
{"op_code":7,"worker_id":"1eac8271-c97f-4973-a60a-3164527c77cb-134904042616320","trial_id":121,"step":1,"intermediate_value":0.36438738662220405}
{"op_code":7,"worker_id":"51f74a28-646c-4369-950c-66d750dd622c-131656625030656","trial_id":122,"step":1,"intermediate_value":0.3724943914997869}
{"op_code":7,"worker_id":"e6c35a08-02fb-4e42-ab73-86fd8adba8db-136264221345280","trial_id":123,"step":1,"intermediate_value":0.37018828950023674}
{"op_code":7,"worker_id":"fa5194fe-09ec-4cab-b26f-7ccc891e7020-124730445026816","trial_id":126,"step":1,"intermediate_value":0.42165631989326613}
{"op_code":6,"worker_id":"fa5194fe-09ec-4cab-b26f-7ccc891e7020-124730445026816","trial_id":126,"state":2,"values":[0.42165631989326613],"datetime_complete":"2026-08-20T11:33:40.237963"}
{"op_code":4,"worker_id":"fa5194fe-09ec-4cab-b26f-7ccc891e7020-124730445026816","study_id":0,"datetime_start":"2026-08-20T11:33:40.243062"}
{"op_code":5,"worker_id":"fa5194fe-09ec-4cab-b26f-7ccc891e7020-124730445026816","trial_id":128,"param_name":"lr","param_value_internal":6.547351126266441e-05,"distribution":"{\"name\": \"FloatDistribution\", \"attributes\": {\"step\": null, \"low\": 5e-06, \"high\": 0.0003, \"log\": true}}"}
{"op_code":5,"worker_id":"fa5194fe-09ec-4cab-b26f-7ccc891e7020-124730445026816","trial_id":128,"param_name":"batch_size","param_value_internal":0,"distribution":"{\"name\": \"CategoricalDistribution\", \"attributes\": {\"choices\": [16, 32, 64]}}"}
{"op_code":5,"worker_id":"fa5194fe-09ec-4cab-b26f-7ccc891e7020-124730445026816","trial_id":128,"param_name":"weight_decay","param_value_internal":2.0543266039318235e-06,"distribution":"{\"name\": \"FloatDistribution\", \"attributes\": {\"step\": null, \"low\": 1e-06, \"high\": 0.01, \"log\": true}}"}
{"op_code":5,"worker_id":"fa5194fe-09ec-4cab-b26f-7ccc891e7020-124730445026816","trial_id":128,"param_name":"dropout","param_value_internal":0.19497697961134422,"distribution":"{\"name\": \"FloatDistribution\", \"attributes\": {\"step\": null, \"low\": 0.0, \"high\": 0.3, \"log\": false}}"}
{"op_code":5,"worker_id":"fa5194fe-09ec-4cab-b26f-7ccc891e7020-124730445026816","trial_id":128,"param_name":"patience","param_value_internal":4.0,"distribution":"{\"name\": \"IntDistribution\", \"attributes\": {\"log\": false, \"step\": 1, \"low\": 2, \"high\": 5}}"}
{"op_code":7,"worker_id":"cf7d6830-0a8e-4deb-b770-6b1feb3e3282-133716344071680","trial_id":124,"step":1,"intermediate_value":0.3415004850320599}
{"op_code":7,"worker_id":"51636565-2f79-4a6a-a502-2d4d6d3cf543-131262308693504","trial_id":118,"step":2,"intermediate_value":0.3840886834402431}
{"op_code":6,"worker_id":"51636565-2f79-4a6a-a502-2d4d6d3cf543-131262308693504","trial_id":118,"state":1,"values":[0.3840886834402431],"datetime_complete":"2026-08-20T11:34:43.433089"}
{"op_code":4,"worker_id":"51636565-2f79-4a6a-a502-2d4d6d3cf543-131262308693504","study_id":0,"datetime_start":"2026-08-20T11:34:43.437689"}
{"op_code":5,"worker_id":"51636565-2f79-4a6a-a502-2d4d6d3cf543-131262308693504","trial_id":129,"param_name":"lr","param_value_internal":6.582008360067722e-05,"distribution":"{\"name\": \"FloatDistribution\", \"attributes\": {\"step\": null, \"low\": 5e-06, \"high\": 0.0003, \"log\": true}}"}
{"op_code":5,"worker_id":"51636565-2f79-4a6a-a502-2d4d6d3cf543-131262308693504","trial_id":129,"param_name":"batch_size","param_value_internal":0,"distribution":"{\"name\": \"CategoricalDistribution\", \"attributes\": {\"choices\": [16, 32, 64]}}"}
{"op_code":5,"worker_id":"51636565-2f79-4a6a-a502-2d4d6d3cf543-131262308693504","trial_id":129,"param_name":"weight_decay","param_value_internal":2.030413349484499e-06,"distribution":"{\"name\": \"FloatDistribution\", \"attributes\": {\"step\": null, \"low\": 1e-06, \"high\": 0.01, \"log\": true}}"}
{"op_code":5,"worker_id":"51636565-2f79-4a6a-a502-2d4d6d3cf543-131262308693504","trial_id":129,"param_name":"dropout","param_value_internal":0.19821271552929762,"distribution":"{\"name\": \"FloatDistribution\", \"attributes\": {\"step\": null, \"low\": 0.0, \"high\": 0.3, \"log\": false}}"}
{"op_code":5,"worker_id":"51636565-2f79-4a6a-a502-2d4d6d3cf543-131262308693504","trial_id":129,"param_name":"patience","param_value_internal":4.0,"distribution":"{\"name\": \"IntDistribution\", \"attributes\": {\"log\": false, \"step\": 1, \"low\": 2, \"high\": 5}}"}
{"op_code":7,"worker_id":"37e8bd16-9218-40bf-99f3-4fa1a708a5c3-131637758723584","trial_id":119,"step":2,"intermediate_value":0.3814763751247605}
{"op_code":6,"worker_id":"37e8bd16-9218-40bf-99f3-4fa1a708a5c3-131637758723584","trial_id":119,"state":1,"values":[0.3814763751247605],"datetime_complete":"2026-08-20T11:34:51.035327"}
{"op_code":4,"worker_id":"37e8bd16-9218-40bf-99f3-4fa1a708a5c3-131637758723584","study_id":0,"datetime_start":"2026-08-20T11:34:51.040073"}
{"op_code":5,"worker_id":"37e8bd16-9218-40bf-99f3-4fa1a708a5c3-131637758723584","trial_id":130,"param_name":"lr","param_value_internal":6.759641732133348e-05,"distribution":"{\"name\": \"FloatDistribution\", \"attributes\": {\"step\": null, \"low\": 5e-06, \"high\": 0.0003, \"log\": true}}"}
{"op_code":5,"worker_id":"37e8bd16-9218-40bf-99f3-4fa1a708a5c3-131637758723584","trial_id":130,"param_name":"batch_size","param_value_internal":0,"distribution":"{\"name\": \"CategoricalDistribution\", \"attributes\": {\"choices\": [16, 32, 64]}}"}
{"op_code":5,"worker_id":"37e8bd16-9218-40bf-99f3-4fa1a708a5c3-131637758723584","trial_id":130,"param_name":"weight_decay","param_value_internal":2.0943414185661747e-06,"distribution":"{\"name\": \"FloatDistribution\", \"attributes\": {\"step\": null, \"low\": 1e-06, \"high\": 0.01, \"log\": true}}"}
{"op_code":5,"worker_id":"37e8bd16-9218-40bf-99f3-4fa1a708a5c3-131637758723584","trial_id":130,"param_name":"dropout","param_value_internal":0.17048196744878627,"distribution":"{\"name\": \"FloatDistribution\", \"attributes\": {\"step\": null, \"low\": 0.0, \"high\": 0.3, \"log\": false}}"}
{"op_code":5,"worker_id":"37e8bd16-9218-40bf-99f3-4fa1a708a5c3-131637758723584","trial_id":130,"param_name":"patience","param_value_internal":4.0,"distribution":"{\"name\": \"IntDistribution\", \"attributes\": {\"log\": false, \"step\": 1, \"low\": 2, \"high\": 5}}"}
{"op_code":7,"worker_id":"51f74a28-646c-4369-950c-66d750dd622c-131656625030656","trial_id":122,"step":2,"intermediate_value":0.3787543583552977}
{"op_code":6,"worker_id":"51f74a28-646c-4369-950c-66d750dd622c-131656625030656","trial_id":122,"state":1,"values":[0.3787543583552977],"datetime_complete":"2026-08-20T11:36:20.927120"}
{"op_code":4,"worker_id":"51f74a28-646c-4369-950c-66d750dd622c-131656625030656","study_id":0,"datetime_start":"2026-08-20T11:36:20.932212"}
{"op_code":5,"worker_id":"51f74a28-646c-4369-950c-66d750dd622c-131656625030656","trial_id":131,"param_name":"lr","param_value_internal":6.617671429985211e-05,"distribution":"{\"name\": \"FloatDistribution\", \"attributes\": {\"step\": null, \"low\": 5e-06, \"high\": 0.0003, \"log\": true}}"}
{"op_code":5,"worker_id":"51f74a28-646c-4369-950c-66d750dd622c-131656625030656","trial_id":131,"param_name":"batch_size","param_value_internal":0,"distribution":"{\"name\": \"CategoricalDistribution\", \"attributes\": {\"choices\": [16, 32, 64]}}"}
{"op_code":5,"worker_id":"51f74a28-646c-4369-950c-66d750dd622c-131656625030656","trial_id":131,"param_name":"weight_decay","param_value_internal":1.913857899481703e-06,"distribution":"{\"name\": \"FloatDistribution\", \"attributes\": {\"step\": null, \"low\": 1e-06, \"high\": 0.01, \"log\": true}}"}
{"op_code":5,"worker_id":"51f74a28-646c-4369-950c-66d750dd622c-131656625030656","trial_id":131,"param_name":"dropout","param_value_internal":0.19646841548808297,"distribution":"{\"name\": \"FloatDistribution\", \"attributes\": {\"step\": null, \"low\": 0.0, \"high\": 0.3, \"log\": false}}"}
{"op_code":5,"worker_id":"51f74a28-646c-4369-950c-66d750dd622c-131656625030656","trial_id":131,"param_name":"patience","param_value_internal":4.0,"distribution":"{\"name\": \"IntDistribution\", \"attributes\": {\"log\": false, \"step\": 1, \"low\": 2, \"high\": 5}}"}
{"op_code":7,"worker_id":"79fbe97c-198d-4d0e-8786-9813e9be38e9-135126523921920","trial_id":127,"step":1,"intermediate_value":0.3806248421669707}
{"op_code":6,"worker_id":"79fbe97c-198d-4d0e-8786-9813e9be38e9-135126523921920","trial_id":127,"state":2,"values":[0.3806248421669707],"datetime_complete":"2026-08-20T11:36:26.605493"}
{"op_code":7,"worker_id":"e6c35a08-02fb-4e42-ab73-86fd8adba8db-136264221345280","trial_id":123,"step":2,"intermediate_value":0.3734851650755051}
{"op_code":6,"worker_id":"e6c35a08-02fb-4e42-ab73-86fd8adba8db-136264221345280","trial_id":123,"state":1,"values":[0.3734851650755051],"datetime_complete":"2026-08-20T11:36:57.227907"}
{"op_code":4,"worker_id":"e6c35a08-02fb-4e42-ab73-86fd8adba8db-136264221345280","study_id":0,"datetime_start":"2026-08-20T11:36:57.232678"}
{"op_code":5,"worker_id":"e6c35a08-02fb-4e42-ab73-86fd8adba8db-136264221345280","trial_id":132,"param_name":"lr","param_value_internal":6.391870387601485e-05,"distribution":"{\"name\": \"FloatDistribution\", \"attributes\": {\"step\": null, \"low\": 5e-06, \"high\": 0.0003, \"log\": true}}"}
{"op_code":5,"worker_id":"e6c35a08-02fb-4e42-ab73-86fd8adba8db-136264221345280","trial_id":132,"param_name":"batch_size","param_value_internal":0,"distribution":"{\"name\": \"CategoricalDistribution\", \"attributes\": {\"choices\": [16, 32, 64]}}"}
{"op_code":5,"worker_id":"e6c35a08-02fb-4e42-ab73-86fd8adba8db-136264221345280","trial_id":132,"param_name":"weight_decay","param_value_internal":3.126190822279908e-06,"distribution":"{\"name\": \"FloatDistribution\", \"attributes\": {\"step\": null, \"low\": 1e-06, \"high\": 0.01, \"log\": true}}"}
{"op_code":5,"worker_id":"e6c35a08-02fb-4e42-ab73-86fd8adba8db-136264221345280","trial_id":132,"param_name":"dropout","param_value_internal":0.1744965814870162,"distribution":"{\"name\": \"FloatDistribution\", \"attributes\": {\"step\": null, \"low\": 0.0, \"high\": 0.3, \"log\": false}}"}
{"op_code":5,"worker_id":"e6c35a08-02fb-4e42-ab73-86fd8adba8db-136264221345280","trial_id":132,"param_name":"patience","param_value_internal":4.0,"distribution":"{\"name\": \"IntDistribution\", \"attributes\": {\"log\": false, \"step\": 1, \"low\": 2, \"high\": 5}}"}
{"op_code":7,"worker_id":"fa5194fe-09ec-4cab-b26f-7ccc891e7020-124730445026816","trial_id":128,"step":1,"intermediate_value":1.515581687120307}
{"op_code":6,"worker_id":"fa5194fe-09ec-4cab-b26f-7ccc891e7020-124730445026816","trial_id":128,"state":2,"values":[1.515581687120307],"datetime_complete":"2026-08-20T11:37:06.255649"}
{"op_code":7,"worker_id":"37e8bd16-9218-40bf-99f3-4fa1a708a5c3-131637758723584","trial_id":130,"step":1,"intermediate_value":0.4382426603659094}
{"op_code":6,"worker_id":"37e8bd16-9218-40bf-99f3-4fa1a708a5c3-131637758723584","trial_id":130,"state":2,"values":[0.4382426603659094],"datetime_complete":"2026-08-20T11:37:42.527272"}
{"op_code":4,"worker_id":"37e8bd16-9218-40bf-99f3-4fa1a708a5c3-131637758723584","study_id":0,"datetime_start":"2026-08-20T11:37:42.531890"}
{"op_code":5,"worker_id":"37e8bd16-9218-40bf-99f3-4fa1a708a5c3-131637758723584","trial_id":133,"param_name":"lr","param_value_internal":6.292485362642059e-05,"distribution":"{\"name\": \"FloatDistribution\", \"attributes\": {\"step\": null, \"low\": 5e-06, \"high\": 0.0003, \"log\": true}}"}
{"op_code":5,"worker_id":"37e8bd16-9218-40bf-99f3-4fa1a708a5c3-131637758723584","trial_id":133,"param_name":"batch_size","param_value_internal":0,"distribution":"{\"name\": \"CategoricalDistribution\", \"attributes\": {\"choices\": [16, 32, 64]}}"}
{"op_code":5,"worker_id":"37e8bd16-9218-40bf-99f3-4fa1a708a5c3-131637758723584","trial_id":133,"param_name":"weight_decay","param_value_internal":3.0184738214954637e-06,"distribution":"{\"name\": \"FloatDistribution\", \"attributes\": {\"step\": null, \"low\": 1e-06, \"high\": 0.01, \"log\": true}}"}
{"op_code":5,"worker_id":"37e8bd16-9218-40bf-99f3-4fa1a708a5c3-131637758723584","trial_id":133,"param_name":"dropout","param_value_internal":0.1762886695421912,"distribution":"{\"name\": \"FloatDistribution\", \"attributes\": {\"step\": null, \"low\": 0.0, \"high\": 0.3, \"log\": false}}"}
{"op_code":5,"worker_id":"37e8bd16-9218-40bf-99f3-4fa1a708a5c3-131637758723584","trial_id":133,"param_name":"patience","param_value_internal":4.0,"distribution":"{\"name\": \"IntDistribution\", \"attributes\": {\"log\": false, \"step\": 1, \"low\": 2, \"high\": 5}}"}
{"op_code":7,"worker_id":"1eac8271-c97f-4973-a60a-3164527c77cb-134904042616320","trial_id":121,"step":2,"intermediate_value":0.3570950176749129}
{"op_code":6,"worker_id":"1eac8271-c97f-4973-a60a-3164527c77cb-134904042616320","trial_id":121,"state":1,"values":[0.3570950176749129],"datetime_complete":"2026-08-20T11:38:17.309793"}
{"op_code":4,"worker_id":"1eac8271-c97f-4973-a60a-3164527c77cb-134904042616320","study_id":0,"datetime_start":"2026-08-20T11:38:17.314722"}
{"op_code":5,"worker_id":"1eac8271-c97f-4973-a60a-3164527c77cb-134904042616320","trial_id":134,"param_name":"lr","param_value_internal":6.31893539474086e-05,"distribution":"{\"name\": \"FloatDistribution\", \"attributes\": {\"step\": null, \"low\": 5e-06, \"high\": 0.0003, \"log\": true}}"}
{"op_code":5,"worker_id":"1eac8271-c97f-4973-a60a-3164527c77cb-134904042616320","trial_id":134,"param_name":"batch_size","param_value_internal":0,"distribution":"{\"name\": \"CategoricalDistribution\", \"attributes\": {\"choices\": [16, 32, 64]}}"}
{"op_code":5,"worker_id":"1eac8271-c97f-4973-a60a-3164527c77cb-134904042616320","trial_id":134,"param_name":"weight_decay","param_value_internal":2.8656078475511774e-06,"distribution":"{\"name\": \"FloatDistribution\", \"attributes\": {\"step\": null, \"low\": 1e-06, \"high\": 0.01, \"log\": true}}"}
{"op_code":5,"worker_id":"1eac8271-c97f-4973-a60a-3164527c77cb-134904042616320","trial_id":134,"param_name":"dropout","param_value_internal":0.14512968230729972,"distribution":"{\"name\": \"FloatDistribution\", \"attributes\": {\"step\": null, \"low\": 0.0, \"high\": 0.3, \"log\": false}}"}
{"op_code":5,"worker_id":"1eac8271-c97f-4973-a60a-3164527c77cb-134904042616320","trial_id":134,"param_name":"patience","param_value_internal":4.0,"distribution":"{\"name\": \"IntDistribution\", \"attributes\": {\"log\": false, \"step\": 1, \"low\": 2, \"high\": 5}}"}
{"op_code":7,"worker_id":"e6c35a08-02fb-4e42-ab73-86fd8adba8db-136264221345280","trial_id":132,"step":1,"intermediate_value":0.44471042359471}
{"op_code":6,"worker_id":"e6c35a08-02fb-4e42-ab73-86fd8adba8db-136264221345280","trial_id":132,"state":2,"values":[0.44471042359471],"datetime_complete":"2026-08-20T11:39:28.889076"}
{"op_code":4,"worker_id":"e6c35a08-02fb-4e42-ab73-86fd8adba8db-136264221345280","study_id":0,"datetime_start":"2026-08-20T11:39:28.893636"}
{"op_code":5,"worker_id":"e6c35a08-02fb-4e42-ab73-86fd8adba8db-136264221345280","trial_id":135,"param_name":"lr","param_value_internal":5.9917423101943925e-05,"distribution":"{\"name\": \"FloatDistribution\", \"attributes\": {\"step\": null, \"low\": 5e-06, \"high\": 0.0003, \"log\": true}}"}
{"op_code":5,"worker_id":"e6c35a08-02fb-4e42-ab73-86fd8adba8db-136264221345280","trial_id":135,"param_name":"batch_size","param_value_internal":0,"distribution":"{\"name\": \"CategoricalDistribution\", \"attributes\": {\"choices\": [16, 32, 64]}}"}
{"op_code":5,"worker_id":"e6c35a08-02fb-4e42-ab73-86fd8adba8db-136264221345280","trial_id":135,"param_name":"weight_decay","param_value_internal":3.0306396739213995e-06,"distribution":"{\"name\": \"FloatDistribution\", \"attributes\": {\"step\": null, \"low\": 1e-06, \"high\": 0.01, \"log\": true}}"}
{"op_code":5,"worker_id":"e6c35a08-02fb-4e42-ab73-86fd8adba8db-136264221345280","trial_id":135,"param_name":"dropout","param_value_internal":0.15378041190546854,"distribution":"{\"name\": \"FloatDistribution\", \"attributes\": {\"step\": null, \"low\": 0.0, \"high\": 0.3, \"log\": false}}"}
{"op_code":5,"worker_id":"e6c35a08-02fb-4e42-ab73-86fd8adba8db-136264221345280","trial_id":135,"param_name":"patience","param_value_internal":4.0,"distribution":"{\"name\": \"IntDistribution\", \"attributes\": {\"log\": false, \"step\": 1, \"low\": 2, \"high\": 5}}"}
{"op_code":7,"worker_id":"cf7d6830-0a8e-4deb-b770-6b1feb3e3282-133716344071680","trial_id":124,"step":2,"intermediate_value":0.3508918906145816}
{"op_code":6,"worker_id":"cf7d6830-0a8e-4deb-b770-6b1feb3e3282-133716344071680","trial_id":124,"state":1,"values":[0.3508918906145816],"datetime_complete":"2026-08-20T11:40:15.779631"}
{"op_code":4,"worker_id":"cf7d6830-0a8e-4deb-b770-6b1feb3e3282-133716344071680","study_id":0,"datetime_start":"2026-08-20T11:40:15.784325"}
{"op_code":5,"worker_id":"cf7d6830-0a8e-4deb-b770-6b1feb3e3282-133716344071680","trial_id":136,"param_name":"lr","param_value_internal":5.808944417736299e-05,"distribution":"{\"name\": \"FloatDistribution\", \"attributes\": {\"step\": null, \"low\": 5e-06, \"high\": 0.0003, \"log\": true}}"}
{"op_code":5,"worker_id":"cf7d6830-0a8e-4deb-b770-6b1feb3e3282-133716344071680","trial_id":136,"param_name":"batch_size","param_value_internal":0,"distribution":"{\"name\": \"CategoricalDistribution\", \"attributes\": {\"choices\": [16, 32, 64]}}"}
{"op_code":5,"worker_id":"cf7d6830-0a8e-4deb-b770-6b1feb3e3282-133716344071680","trial_id":136,"param_name":"weight_decay","param_value_internal":2.761119747764092e-06,"distribution":"{\"name\": \"FloatDistribution\", \"attributes\": {\"step\": null, \"low\": 1e-06, \"high\": 0.01, \"log\": true}}"}
{"op_code":5,"worker_id":"cf7d6830-0a8e-4deb-b770-6b1feb3e3282-133716344071680","trial_id":136,"param_name":"dropout","param_value_internal":0.1469020844316137,"distribution":"{\"name\": \"FloatDistribution\", \"attributes\": {\"step\": null, \"low\": 0.0, \"high\": 0.3, \"log\": false}}"}
{"op_code":5,"worker_id":"cf7d6830-0a8e-4deb-b770-6b1feb3e3282-133716344071680","trial_id":136,"param_name":"patience","param_value_internal":4.0,"distribution":"{\"name\": \"IntDistribution\", \"attributes\": {\"log\": false, \"step\": 1, \"low\": 2, \"high\": 5}}"}
{"op_code":7,"worker_id":"51636565-2f79-4a6a-a502-2d4d6d3cf543-131262308693504","trial_id":129,"step":1,"intermediate_value":0.3613519635521416}
{"op_code":7,"worker_id":"51f74a28-646c-4369-950c-66d750dd622c-131656625030656","trial_id":131,"step":1,"intermediate_value":0.35049196191121573}
{"op_code":7,"worker_id":"e6c35a08-02fb-4e42-ab73-86fd8adba8db-136264221345280","trial_id":135,"step":1,"intermediate_value":0.42480306705227866}
{"op_code":6,"worker_id":"e6c35a08-02fb-4e42-ab73-86fd8adba8db-136264221345280","trial_id":135,"state":2,"values":[0.42480306705227866],"datetime_complete":"2026-08-20T11:43:16.106190"}
{"op_code":4,"worker_id":"e6c35a08-02fb-4e42-ab73-86fd8adba8db-136264221345280","study_id":0,"datetime_start":"2026-08-20T11:43:16.110772"}
{"op_code":5,"worker_id":"e6c35a08-02fb-4e42-ab73-86fd8adba8db-136264221345280","trial_id":137,"param_name":"lr","param_value_internal":7.312117110993237e-05,"distribution":"{\"name\": \"FloatDistribution\", \"attributes\": {\"step\": null, \"low\": 5e-06, \"high\": 0.0003, \"log\": true}}"}
{"op_code":5,"worker_id":"e6c35a08-02fb-4e42-ab73-86fd8adba8db-136264221345280","trial_id":137,"param_name":"batch_size","param_value_internal":0,"distribution":"{\"name\": \"CategoricalDistribution\", \"attributes\": {\"choices\": [16, 32, 64]}}"}
{"op_code":5,"worker_id":"e6c35a08-02fb-4e42-ab73-86fd8adba8db-136264221345280","trial_id":137,"param_name":"weight_decay","param_value_internal":1.052519391114909e-06,"distribution":"{\"name\": \"FloatDistribution\", \"attributes\": {\"step\": null, \"low\": 1e-06, \"high\": 0.01, \"log\": true}}"}
{"op_code":5,"worker_id":"e6c35a08-02fb-4e42-ab73-86fd8adba8db-136264221345280","trial_id":137,"param_name":"dropout","param_value_internal":0.20122355644363243,"distribution":"{\"name\": \"FloatDistribution\", \"attributes\": {\"step\": null, \"low\": 0.0, \"high\": 0.3, \"log\": false}}"}
{"op_code":5,"worker_id":"e6c35a08-02fb-4e42-ab73-86fd8adba8db-136264221345280","trial_id":137,"param_name":"patience","param_value_internal":4.0,"distribution":"{\"name\": \"IntDistribution\", \"attributes\": {\"log\": false, \"step\": 1, \"low\": 2, \"high\": 5}}"}
{"op_code":7,"worker_id":"1eac8271-c97f-4973-a60a-3164527c77cb-134904042616320","trial_id":134,"step":1,"intermediate_value":0.3489087467618927}
{"op_code":7,"worker_id":"37e8bd16-9218-40bf-99f3-4fa1a708a5c3-131637758723584","trial_id":133,"step":1,"intermediate_value":0.3677580139289529}
{"op_code":7,"worker_id":"cf7d6830-0a8e-4deb-b770-6b1feb3e3282-133716344071680","trial_id":136,"step":1,"intermediate_value":0.36566087404720926}
{"op_code":7,"worker_id":"51636565-2f79-4a6a-a502-2d4d6d3cf543-131262308693504","trial_id":129,"step":2,"intermediate_value":0.3710531997928354}
{"op_code":6,"worker_id":"51636565-2f79-4a6a-a502-2d4d6d3cf543-131262308693504","trial_id":129,"state":1,"values":[0.3710531997928354],"datetime_complete":"2026-08-20T11:48:29.146000"}
{"op_code":4,"worker_id":"51636565-2f79-4a6a-a502-2d4d6d3cf543-131262308693504","study_id":0,"datetime_start":"2026-08-20T11:48:29.150435"}
{"op_code":5,"worker_id":"51636565-2f79-4a6a-a502-2d4d6d3cf543-131262308693504","trial_id":138,"param_name":"lr","param_value_internal":7.450161994070683e-05,"distribution":"{\"name\": \"FloatDistribution\", \"attributes\": {\"step\": null, \"low\": 5e-06, \"high\": 0.0003, \"log\": true}}"}
{"op_code":5,"worker_id":"51636565-2f79-4a6a-a502-2d4d6d3cf543-131262308693504","trial_id":138,"param_name":"batch_size","param_value_internal":0,"distribution":"{\"name\": \"CategoricalDistribution\", \"attributes\": {\"choices\": [16, 32, 64]}}"}
{"op_code":5,"worker_id":"51636565-2f79-4a6a-a502-2d4d6d3cf543-131262308693504","trial_id":138,"param_name":"weight_decay","param_value_internal":1.0233712974375941e-06,"distribution":"{\"name\": \"FloatDistribution\", \"attributes\": {\"step\": null, \"low\": 1e-06, \"high\": 0.01, \"log\": true}}"}
{"op_code":5,"worker_id":"51636565-2f79-4a6a-a502-2d4d6d3cf543-131262308693504","trial_id":138,"param_name":"dropout","param_value_internal":0.14620312122649623,"distribution":"{\"name\": \"FloatDistribution\", \"attributes\": {\"step\": null, \"low\": 0.0, \"high\": 0.3, \"log\": false}}"}
{"op_code":5,"worker_id":"51636565-2f79-4a6a-a502-2d4d6d3cf543-131262308693504","trial_id":138,"param_name":"patience","param_value_internal":4.0,"distribution":"{\"name\": \"IntDistribution\", \"attributes\": {\"log\": false, \"step\": 1, \"low\": 2, \"high\": 5}}"}
{"op_code":7,"worker_id":"51f74a28-646c-4369-950c-66d750dd622c-131656625030656","trial_id":131,"step":2,"intermediate_value":0.35592422947747326}
{"op_code":6,"worker_id":"51f74a28-646c-4369-950c-66d750dd622c-131656625030656","trial_id":131,"state":1,"values":[0.35592422947747326],"datetime_complete":"2026-08-20T11:48:55.753629"}
{"op_code":4,"worker_id":"51f74a28-646c-4369-950c-66d750dd622c-131656625030656","study_id":0,"datetime_start":"2026-08-20T11:48:55.758511"}
{"op_code":5,"worker_id":"51f74a28-646c-4369-950c-66d750dd622c-131656625030656","trial_id":139,"param_name":"lr","param_value_internal":6.316528563059839e-06,"distribution":"{\"name\": \"FloatDistribution\", \"attributes\": {\"step\": null, \"low\": 5e-06, \"high\": 0.0003, \"log\": true}}"}
{"op_code":5,"worker_id":"51f74a28-646c-4369-950c-66d750dd622c-131656625030656","trial_id":139,"param_name":"batch_size","param_value_internal":0,"distribution":"{\"name\": \"CategoricalDistribution\", \"attributes\": {\"choices\": [16, 32, 64]}}"}
{"op_code":5,"worker_id":"51f74a28-646c-4369-950c-66d750dd622c-131656625030656","trial_id":139,"param_name":"weight_decay","param_value_internal":1.0730496268917611e-06,"distribution":"{\"name\": \"FloatDistribution\", \"attributes\": {\"step\": null, \"low\": 1e-06, \"high\": 0.01, \"log\": true}}"}
{"op_code":5,"worker_id":"51f74a28-646c-4369-950c-66d750dd622c-131656625030656","trial_id":139,"param_name":"dropout","param_value_internal":0.17947258926953694,"distribution":"{\"name\": \"FloatDistribution\", \"attributes\": {\"step\": null, \"low\": 0.0, \"high\": 0.3, \"log\": false}}"}
{"op_code":5,"worker_id":"51f74a28-646c-4369-950c-66d750dd622c-131656625030656","trial_id":139,"param_name":"patience","param_value_internal":4.0,"distribution":"{\"name\": \"IntDistribution\", \"attributes\": {\"log\": false, \"step\": 1, \"low\": 2, \"high\": 5}}"}
{"op_code":7,"worker_id":"e6c35a08-02fb-4e42-ab73-86fd8adba8db-136264221345280","trial_id":137,"step":1,"intermediate_value":0.3811043538258127}
{"op_code":6,"worker_id":"e6c35a08-02fb-4e42-ab73-86fd8adba8db-136264221345280","trial_id":137,"state":2,"values":[0.3811043538258127],"datetime_complete":"2026-08-20T11:49:34.396308"}
{"op_code":7,"worker_id":"1eac8271-c97f-4973-a60a-3164527c77cb-134904042616320","trial_id":134,"step":2,"intermediate_value":0.3613641106667653}
{"op_code":6,"worker_id":"1eac8271-c97f-4973-a60a-3164527c77cb-134904042616320","trial_id":134,"state":1,"values":[0.3613641106667653],"datetime_complete":"2026-08-20T11:50:51.607808"}
{"op_code":7,"worker_id":"37e8bd16-9218-40bf-99f3-4fa1a708a5c3-131637758723584","trial_id":133,"step":2,"intermediate_value":0.36274826154575046}
{"op_code":6,"worker_id":"37e8bd16-9218-40bf-99f3-4fa1a708a5c3-131637758723584","trial_id":133,"state":1,"values":[0.36274826154575046],"datetime_complete":"2026-08-20T11:51:57.811273"}
{"op_code":4,"worker_id":"37e8bd16-9218-40bf-99f3-4fa1a708a5c3-131637758723584","study_id":0,"datetime_start":"2026-08-20T11:51:57.815446"}
{"op_code":5,"worker_id":"37e8bd16-9218-40bf-99f3-4fa1a708a5c3-131637758723584","trial_id":140,"param_name":"lr","param_value_internal":5.5994261885432976e-05,"distribution":"{\"name\": \"FloatDistribution\", \"attributes\": {\"step\": null, \"low\": 5e-06, \"high\": 0.0003, \"log\": true}}"}
{"op_code":5,"worker_id":"37e8bd16-9218-40bf-99f3-4fa1a708a5c3-131637758723584","trial_id":140,"param_name":"batch_size","param_value_internal":0,"distribution":"{\"name\": \"CategoricalDistribution\", \"attributes\": {\"choices\": [16, 32, 64]}}"}
{"op_code":5,"worker_id":"37e8bd16-9218-40bf-99f3-4fa1a708a5c3-131637758723584","trial_id":140,"param_name":"weight_decay","param_value_internal":1.7349696358443163e-06,"distribution":"{\"name\": \"FloatDistribution\", \"attributes\": {\"step\": null, \"low\": 1e-06, \"high\": 0.01, \"log\": true}}"}
{"op_code":5,"worker_id":"37e8bd16-9218-40bf-99f3-4fa1a708a5c3-131637758723584","trial_id":140,"param_name":"dropout","param_value_internal":0.1437743962211219,"distribution":"{\"name\": \"FloatDistribution\", \"attributes\": {\"step\": null, \"low\": 0.0, \"high\": 0.3, \"log\": false}}"}
{"op_code":5,"worker_id":"37e8bd16-9218-40bf-99f3-4fa1a708a5c3-131637758723584","trial_id":140,"param_name":"patience","param_value_internal":4.0,"distribution":"{\"name\": \"IntDistribution\", \"attributes\": {\"log\": false, \"step\": 1, \"low\": 2, \"high\": 5}}"}
{"op_code":7,"worker_id":"cf7d6830-0a8e-4deb-b770-6b1feb3e3282-133716344071680","trial_id":136,"step":2,"intermediate_value":0.36535377021304827}
{"op_code":6,"worker_id":"cf7d6830-0a8e-4deb-b770-6b1feb3e3282-133716344071680","trial_id":136,"state":1,"values":[0.36535377021304827],"datetime_complete":"2026-08-20T11:53:10.609075"}
{"op_code":4,"worker_id":"cf7d6830-0a8e-4deb-b770-6b1feb3e3282-133716344071680","study_id":0,"datetime_start":"2026-08-20T11:53:10.613632"}
{"op_code":5,"worker_id":"cf7d6830-0a8e-4deb-b770-6b1feb3e3282-133716344071680","trial_id":141,"param_name":"lr","param_value_internal":5.1615038028819534e-05,"distribution":"{\"name\": \"FloatDistribution\", \"attributes\": {\"step\": null, \"low\": 5e-06, \"high\": 0.0003, \"log\": true}}"}
{"op_code":5,"worker_id":"cf7d6830-0a8e-4deb-b770-6b1feb3e3282-133716344071680","trial_id":141,"param_name":"batch_size","param_value_internal":0,"distribution":"{\"name\": \"CategoricalDistribution\", \"attributes\": {\"choices\": [16, 32, 64]}}"}
{"op_code":5,"worker_id":"cf7d6830-0a8e-4deb-b770-6b1feb3e3282-133716344071680","trial_id":141,"param_name":"weight_decay","param_value_internal":2.0254787869064622e-05,"distribution":"{\"name\": \"FloatDistribution\", \"attributes\": {\"step\": null, \"low\": 1e-06, \"high\": 0.01, \"log\": true}}"}
{"op_code":5,"worker_id":"cf7d6830-0a8e-4deb-b770-6b1feb3e3282-133716344071680","trial_id":141,"param_name":"dropout","param_value_internal":0.14574819190167476,"distribution":"{\"name\": \"FloatDistribution\", \"attributes\": {\"step\": null, \"low\": 0.0, \"high\": 0.3, \"log\": false}}"}
{"op_code":5,"worker_id":"cf7d6830-0a8e-4deb-b770-6b1feb3e3282-133716344071680","trial_id":141,"param_name":"patience","param_value_internal":4.0,"distribution":"{\"name\": \"IntDistribution\", \"attributes\": {\"log\": false, \"step\": 1, \"low\": 2, \"high\": 5}}"}
{"op_code":7,"worker_id":"51f74a28-646c-4369-950c-66d750dd622c-131656625030656","trial_id":139,"step":1,"intermediate_value":0.4513006982183458}
{"op_code":6,"worker_id":"51f74a28-646c-4369-950c-66d750dd622c-131656625030656","trial_id":139,"state":2,"values":[0.4513006982183458],"datetime_complete":"2026-08-20T11:55:13.150924"}
{"op_code":7,"worker_id":"51636565-2f79-4a6a-a502-2d4d6d3cf543-131262308693504","trial_id":138,"step":1,"intermediate_value":0.3721386837996735}
{"op_code":6,"worker_id":"51636565-2f79-4a6a-a502-2d4d6d3cf543-131262308693504","trial_id":138,"state":2,"values":[0.3721386837996735],"datetime_complete":"2026-08-20T11:55:36.287697"}
{"op_code":4,"worker_id":"51636565-2f79-4a6a-a502-2d4d6d3cf543-131262308693504","study_id":0,"datetime_start":"2026-08-20T11:55:36.292313"}
{"op_code":5,"worker_id":"51636565-2f79-4a6a-a502-2d4d6d3cf543-131262308693504","trial_id":142,"param_name":"lr","param_value_internal":5.1225499879506595e-05,"distribution":"{\"name\": \"FloatDistribution\", \"attributes\": {\"step\": null, \"low\": 5e-06, \"high\": 0.0003, \"log\": true}}"}
{"op_code":5,"worker_id":"51636565-2f79-4a6a-a502-2d4d6d3cf543-131262308693504","trial_id":142,"param_name":"batch_size","param_value_internal":0,"distribution":"{\"name\": \"CategoricalDistribution\", \"attributes\": {\"choices\": [16, 32, 64]}}"}
{"op_code":5,"worker_id":"51636565-2f79-4a6a-a502-2d4d6d3cf543-131262308693504","trial_id":142,"param_name":"weight_decay","param_value_internal":1.713187571691765e-05,"distribution":"{\"name\": \"FloatDistribution\", \"attributes\": {\"step\": null, \"low\": 1e-06, \"high\": 0.01, \"log\": true}}"}
{"op_code":5,"worker_id":"51636565-2f79-4a6a-a502-2d4d6d3cf543-131262308693504","trial_id":142,"param_name":"dropout","param_value_internal":0.13657599592944322,"distribution":"{\"name\": \"FloatDistribution\", \"attributes\": {\"step\": null, \"low\": 0.0, \"high\": 0.3, \"log\": false}}"}
{"op_code":5,"worker_id":"51636565-2f79-4a6a-a502-2d4d6d3cf543-131262308693504","trial_id":142,"param_name":"patience","param_value_internal":4.0,"distribution":"{\"name\": \"IntDistribution\", \"attributes\": {\"log\": false, \"step\": 1, \"low\": 2, \"high\": 5}}"}
{"op_code":7,"worker_id":"37e8bd16-9218-40bf-99f3-4fa1a708a5c3-131637758723584","trial_id":140,"step":1,"intermediate_value":0.41857481319957174}
{"op_code":6,"worker_id":"37e8bd16-9218-40bf-99f3-4fa1a708a5c3-131637758723584","trial_id":140,"state":2,"values":[0.41857481319957174],"datetime_complete":"2026-08-20T11:55:46.229680"}
{"op_code":4,"worker_id":"37e8bd16-9218-40bf-99f3-4fa1a708a5c3-131637758723584","study_id":0,"datetime_start":"2026-08-20T11:55:46.234011"}
{"op_code":5,"worker_id":"37e8bd16-9218-40bf-99f3-4fa1a708a5c3-131637758723584","trial_id":143,"param_name":"lr","param_value_internal":5.0529861990793716e-05,"distribution":"{\"name\": \"FloatDistribution\", \"attributes\": {\"step\": null, \"low\": 5e-06, \"high\": 0.0003, \"log\": true}}"}
{"op_code":5,"worker_id":"37e8bd16-9218-40bf-99f3-4fa1a708a5c3-131637758723584","trial_id":143,"param_name":"batch_size","param_value_internal":0,"distribution":"{\"name\": \"CategoricalDistribution\", \"attributes\": {\"choices\": [16, 32, 64]}}"}
{"op_code":5,"worker_id":"37e8bd16-9218-40bf-99f3-4fa1a708a5c3-131637758723584","trial_id":143,"param_name":"weight_decay","param_value_internal":2.590285163150232e-06,"distribution":"{\"name\": \"FloatDistribution\", \"attributes\": {\"step\": null, \"low\": 1e-06, \"high\": 0.01, \"log\": true}}"}
{"op_code":5,"worker_id":"37e8bd16-9218-40bf-99f3-4fa1a708a5c3-131637758723584","trial_id":143,"param_name":"dropout","param_value_internal":0.1505283094880897,"distribution":"{\"name\": \"FloatDistribution\", \"attributes\": {\"step\": null, \"low\": 0.0, \"high\": 0.3, \"log\": false}}"}
{"op_code":5,"worker_id":"37e8bd16-9218-40bf-99f3-4fa1a708a5c3-131637758723584","trial_id":143,"param_name":"patience","param_value_internal":4.0,"distribution":"{\"name\": \"IntDistribution\", \"attributes\": {\"log\": false, \"step\": 1, \"low\": 2, \"high\": 5}}"}
{"op_code":7,"worker_id":"cf7d6830-0a8e-4deb-b770-6b1feb3e3282-133716344071680","trial_id":141,"step":1,"intermediate_value":0.35716379176316365}
{"op_code":7,"worker_id":"51636565-2f79-4a6a-a502-2d4d6d3cf543-131262308693504","trial_id":142,"step":1,"intermediate_value":0.35789139879352483}
{"op_code":7,"worker_id":"37e8bd16-9218-40bf-99f3-4fa1a708a5c3-131637758723584","trial_id":143,"step":1,"intermediate_value":0.3463602798700116}
{"op_code":7,"worker_id":"cf7d6830-0a8e-4deb-b770-6b1feb3e3282-133716344071680","trial_id":141,"step":2,"intermediate_value":0.3638979613754525}
{"op_code":6,"worker_id":"cf7d6830-0a8e-4deb-b770-6b1feb3e3282-133716344071680","trial_id":141,"state":1,"values":[0.3638979613754525],"datetime_complete":"2026-08-20T12:06:06.139948"}
{"op_code":7,"worker_id":"37e8bd16-9218-40bf-99f3-4fa1a708a5c3-131637758723584","trial_id":143,"step":2,"intermediate_value":0.36604219724718545}
{"op_code":6,"worker_id":"37e8bd16-9218-40bf-99f3-4fa1a708a5c3-131637758723584","trial_id":143,"state":1,"values":[0.36604219724718545],"datetime_complete":"2026-08-20T12:07:10.787335"}
{"op_code":7,"worker_id":"51636565-2f79-4a6a-a502-2d4d6d3cf543-131262308693504","trial_id":142,"step":2,"intermediate_value":0.3601456725500729}
{"op_code":6,"worker_id":"51636565-2f79-4a6a-a502-2d4d6d3cf543-131262308693504","trial_id":142,"state":1,"values":[0.3601456725500729],"datetime_complete":"2026-08-20T12:09:50.603783"}
{"op_code":0,"worker_id":"5235aa39-99d0-47b7-abb8-8e972a53ac3a-124739864225280","study_name":"stageD-bitfit","directions":[1]}
{"op_code":0,"worker_id":"9b4d432c-92db-441a-b05c-37d4bcab7dfa-133102288758272","study_name":"stageD-bitfit","directions":[1]}
{"op_code":0,"worker_id":"485d9f26-8189-4865-bae8-4285d49d2ea1-133010474300928","study_name":"stageD-bitfit","directions":[1]}
{"op_code":4,"worker_id":"5235aa39-99d0-47b7-abb8-8e972a53ac3a-124739864225280","study_id":1,"datetime_start":"2026-08-20T12:10:20.100494"}
{"op_code":0,"worker_id":"0b7ed1fd-d550-4a3d-8ae3-c81d49013293-139779087095296","study_name":"stageD-bitfit","directions":[1]}
{"op_code":4,"worker_id":"9b4d432c-92db-441a-b05c-37d4bcab7dfa-133102288758272","study_id":1,"datetime_start":"2026-08-20T12:10:20.105978"}
{"op_code":4,"worker_id":"485d9f26-8189-4865-bae8-4285d49d2ea1-133010474300928","study_id":1,"datetime_start":"2026-08-20T12:10:20.110440"}
{"op_code":5,"worker_id":"9b4d432c-92db-441a-b05c-37d4bcab7dfa-133102288758272","trial_id":145,"param_name":"lr","param_value_internal":0.00015507969014361887,"distribution":"{\"name\": \"FloatDistribution\", \"attributes\": {\"step\": null, \"low\": 0.0001, \"high\": 0.02, \"log\": true}}"}
{"op_code":5,"worker_id":"485d9f26-8189-4865-bae8-4285d49d2ea1-133010474300928","trial_id":146,"param_name":"lr","param_value_internal":0.009830228126229676,"distribution":"{\"name\": \"FloatDistribution\", \"attributes\": {\"step\": null, \"low\": 0.0001, \"high\": 0.02, \"log\": true}}"}
{"op_code":5,"worker_id":"5235aa39-99d0-47b7-abb8-8e972a53ac3a-124739864225280","trial_id":144,"param_name":"lr","param_value_internal":0.00039565963500225496,"distribution":"{\"name\": \"FloatDistribution\", \"attributes\": {\"step\": null, \"low\": 0.0001, \"high\": 0.02, \"log\": true}}"}
{"op_code":4,"worker_id":"0b7ed1fd-d550-4a3d-8ae3-c81d49013293-139779087095296","study_id":1,"datetime_start":"2026-08-20T12:10:20.134286"}
{"op_code":5,"worker_id":"0b7ed1fd-d550-4a3d-8ae3-c81d49013293-139779087095296","trial_id":147,"param_name":"lr","param_value_internal":0.004086235354973556,"distribution":"{\"name\": \"FloatDistribution\", \"attributes\": {\"step\": null, \"low\": 0.0001, \"high\": 0.02, \"log\": true}}"}
{"op_code":0,"worker_id":"370af6e4-7a9c-42c5-8cbf-c1fcaf713949-125804174870016","study_name":"stageD-bitfit","directions":[1]}
{"op_code":0,"worker_id":"d92a9921-1eda-450f-ba82-16b3670d899e-132801170044416","study_name":"stageD-bitfit","directions":[1]}
{"op_code":4,"worker_id":"370af6e4-7a9c-42c5-8cbf-c1fcaf713949-125804174870016","study_id":1,"datetime_start":"2026-08-20T12:10:20.193319"}
{"op_code":0,"worker_id":"583f2076-28a8-4f56-9740-c038ce928359-135705033860608","study_name":"stageD-bitfit","directions":[1]}
{"op_code":5,"worker_id":"370af6e4-7a9c-42c5-8cbf-c1fcaf713949-125804174870016","trial_id":148,"param_name":"lr","param_value_internal":0.0009744621047235461,"distribution":"{\"name\": \"FloatDistribution\", \"attributes\": {\"step\": null, \"low\": 0.0001, \"high\": 0.02, \"log\": true}}"}
{"op_code":0,"worker_id":"fedf21f6-223e-4056-b671-3bc2a1c38b93-131121405171200","study_name":"stageD-bitfit","directions":[1]}
{"op_code":4,"worker_id":"d92a9921-1eda-450f-ba82-16b3670d899e-132801170044416","study_id":1,"datetime_start":"2026-08-20T12:10:20.213118"}
{"op_code":5,"worker_id":"d92a9921-1eda-450f-ba82-16b3670d899e-132801170044416","trial_id":149,"param_name":"lr","param_value_internal":0.009353297128219803,"distribution":"{\"name\": \"FloatDistribution\", \"attributes\": {\"step\": null, \"low\": 0.0001, \"high\": 0.02, \"log\": true}}"}
{"op_code":0,"worker_id":"9bf8bcf4-ee72-4982-b712-20d6a71d8240-139672028648960","study_name":"stageD-bitfit","directions":[1]}
{"op_code":4,"worker_id":"583f2076-28a8-4f56-9740-c038ce928359-135705033860608","study_id":1,"datetime_start":"2026-08-20T12:10:20.227647"}
{"op_code":5,"worker_id":"583f2076-28a8-4f56-9740-c038ce928359-135705033860608","trial_id":150,"param_name":"lr","param_value_internal":0.0002909410207653051,"distribution":"{\"name\": \"FloatDistribution\", \"attributes\": {\"step\": null, \"low\": 0.0001, \"high\": 0.02, \"log\": true}}"}
{"op_code":0,"worker_id":"69fb5f4c-ea7f-4bea-b052-d3cec815d452-128693060130304","study_name":"stageD-bitfit","directions":[1]}
{"op_code":4,"worker_id":"fedf21f6-223e-4056-b671-3bc2a1c38b93-131121405171200","study_id":1,"datetime_start":"2026-08-20T12:10:20.237741"}
{"op_code":5,"worker_id":"fedf21f6-223e-4056-b671-3bc2a1c38b93-131121405171200","trial_id":151,"param_name":"lr","param_value_internal":0.0003517325966219984,"distribution":"{\"name\": \"FloatDistribution\", \"attributes\": {\"step\": null, \"low\": 0.0001, \"high\": 0.02, \"log\": true}}"}
{"op_code":4,"worker_id":"9bf8bcf4-ee72-4982-b712-20d6a71d8240-139672028648960","study_id":1,"datetime_start":"2026-08-20T12:10:20.251880"}
{"op_code":0,"worker_id":"b59bb1fd-ee85-4c15-a410-bb728af3eac3-130678572135936","study_name":"stageD-bitfit","directions":[1]}
{"op_code":5,"worker_id":"9bf8bcf4-ee72-4982-b712-20d6a71d8240-139672028648960","trial_id":152,"param_name":"lr","param_value_internal":0.0002843894699311838,"distribution":"{\"name\": \"FloatDistribution\", \"attributes\": {\"step\": null, \"low\": 0.0001, \"high\": 0.02, \"log\": true}}"}
{"op_code":4,"worker_id":"69fb5f4c-ea7f-4bea-b052-d3cec815d452-128693060130304","study_id":1,"datetime_start":"2026-08-20T12:10:20.267863"}
{"op_code":5,"worker_id":"69fb5f4c-ea7f-4bea-b052-d3cec815d452-128693060130304","trial_id":153,"param_name":"lr","param_value_internal":0.003171693996530887,"distribution":"{\"name\": \"FloatDistribution\", \"attributes\": {\"step\": null, \"low\": 0.0001, \"high\": 0.02, \"log\": true}}"}
{"op_code":4,"worker_id":"b59bb1fd-ee85-4c15-a410-bb728af3eac3-130678572135936","study_id":1,"datetime_start":"2026-08-20T12:10:20.286828"}
{"op_code":5,"worker_id":"b59bb1fd-ee85-4c15-a410-bb728af3eac3-130678572135936","trial_id":154,"param_name":"lr","param_value_internal":0.011678590211814461,"distribution":"{\"name\": \"FloatDistribution\", \"attributes\": {\"step\": null, \"low\": 0.0001, \"high\": 0.02, \"log\": true}}"}
{"op_code":0,"worker_id":"208fe14a-2768-41d6-8c1b-e04f1324e5c3-137848429807104","study_name":"stageD-bitfit","directions":[1]}
{"op_code":4,"worker_id":"208fe14a-2768-41d6-8c1b-e04f1324e5c3-137848429807104","study_id":1,"datetime_start":"2026-08-20T12:10:20.833443"}
{"op_code":5,"worker_id":"208fe14a-2768-41d6-8c1b-e04f1324e5c3-137848429807104","trial_id":155,"param_name":"lr","param_value_internal":0.0009281457273213258,"distribution":"{\"name\": \"FloatDistribution\", \"attributes\": {\"step\": null, \"low\": 0.0001, \"high\": 0.02, \"log\": true}}"}
{"op_code":7,"worker_id":"9b4d432c-92db-441a-b05c-37d4bcab7dfa-133102288758272","trial_id":145,"step":1,"intermediate_value":0.3716340826702197}
{"op_code":7,"worker_id":"fedf21f6-223e-4056-b671-3bc2a1c38b93-131121405171200","trial_id":151,"step":1,"intermediate_value":0.3728923671992629}
{"op_code":7,"worker_id":"583f2076-28a8-4f56-9740-c038ce928359-135705033860608","trial_id":150,"step":1,"intermediate_value":0.3685071609591933}
{"op_code":7,"worker_id":"9bf8bcf4-ee72-4982-b712-20d6a71d8240-139672028648960","trial_id":152,"step":1,"intermediate_value":0.36720322406603256}
{"op_code":7,"worker_id":"5235aa39-99d0-47b7-abb8-8e972a53ac3a-124739864225280","trial_id":144,"step":1,"intermediate_value":0.36361026489493814}
{"op_code":7,"worker_id":"370af6e4-7a9c-42c5-8cbf-c1fcaf713949-125804174870016","trial_id":148,"step":1,"intermediate_value":0.3667664362424321}
{"op_code":7,"worker_id":"485d9f26-8189-4865-bae8-4285d49d2ea1-133010474300928","trial_id":146,"step":1,"intermediate_value":1.5942891564197337}
{"op_code":7,"worker_id":"0b7ed1fd-d550-4a3d-8ae3-c81d49013293-139779087095296","trial_id":147,"step":1,"intermediate_value":0.4481388156182561}
{"op_code":7,"worker_id":"b59bb1fd-ee85-4c15-a410-bb728af3eac3-130678572135936","trial_id":154,"step":1,"intermediate_value":1.50810491741237}
{"op_code":7,"worker_id":"208fe14a-2768-41d6-8c1b-e04f1324e5c3-137848429807104","trial_id":155,"step":1,"intermediate_value":0.39386180807853083}
{"op_code":7,"worker_id":"69fb5f4c-ea7f-4bea-b052-d3cec815d452-128693060130304","trial_id":153,"step":1,"intermediate_value":0.4205411786054612}
{"op_code":7,"worker_id":"9b4d432c-92db-441a-b05c-37d4bcab7dfa-133102288758272","trial_id":145,"step":2,"intermediate_value":0.3876727136619412}
{"op_code":6,"worker_id":"9b4d432c-92db-441a-b05c-37d4bcab7dfa-133102288758272","trial_id":145,"state":1,"values":[0.3876727136619412],"datetime_complete":"2026-08-20T12:12:37.612596"}
{"op_code":4,"worker_id":"9b4d432c-92db-441a-b05c-37d4bcab7dfa-133102288758272","study_id":1,"datetime_start":"2026-08-20T12:12:37.617438"}
{"op_code":5,"worker_id":"9b4d432c-92db-441a-b05c-37d4bcab7dfa-133102288758272","trial_id":156,"param_name":"lr","param_value_internal":0.004498072176284396,"distribution":"{\"name\": \"FloatDistribution\", \"attributes\": {\"step\": null, \"low\": 0.0001, \"high\": 0.02, \"log\": true}}"}
{"op_code":7,"worker_id":"fedf21f6-223e-4056-b671-3bc2a1c38b93-131121405171200","trial_id":151,"step":2,"intermediate_value":0.3895586519487936}
{"op_code":6,"worker_id":"fedf21f6-223e-4056-b671-3bc2a1c38b93-131121405171200","trial_id":151,"state":1,"values":[0.3895586519487936],"datetime_complete":"2026-08-20T12:12:38.236972"}
{"op_code":4,"worker_id":"fedf21f6-223e-4056-b671-3bc2a1c38b93-131121405171200","study_id":1,"datetime_start":"2026-08-20T12:12:38.241547"}
{"op_code":5,"worker_id":"fedf21f6-223e-4056-b671-3bc2a1c38b93-131121405171200","trial_id":157,"param_name":"lr","param_value_internal":0.00011796091710838445,"distribution":"{\"name\": \"FloatDistribution\", \"attributes\": {\"step\": null, \"low\": 0.0001, \"high\": 0.02, \"log\": true}}"}
{"op_code":7,"worker_id":"0b7ed1fd-d550-4a3d-8ae3-c81d49013293-139779087095296","trial_id":147,"step":2,"intermediate_value":0.45099682711839234}
{"op_code":6,"worker_id":"0b7ed1fd-d550-4a3d-8ae3-c81d49013293-139779087095296","trial_id":147,"state":1,"values":[0.45099682711839234],"datetime_complete":"2026-08-20T12:12:55.194616"}
{"op_code":4,"worker_id":"0b7ed1fd-d550-4a3d-8ae3-c81d49013293-139779087095296","study_id":1,"datetime_start":"2026-08-20T12:12:55.199708"}
{"op_code":5,"worker_id":"0b7ed1fd-d550-4a3d-8ae3-c81d49013293-139779087095296","trial_id":158,"param_name":"lr","param_value_internal":0.0005814536005758715,"distribution":"{\"name\": \"FloatDistribution\", \"attributes\": {\"step\": null, \"low\": 0.0001, \"high\": 0.02, \"log\": true}}"}
{"op_code":7,"worker_id":"370af6e4-7a9c-42c5-8cbf-c1fcaf713949-125804174870016","trial_id":148,"step":2,"intermediate_value":0.38555758351355107}
{"op_code":6,"worker_id":"370af6e4-7a9c-42c5-8cbf-c1fcaf713949-125804174870016","trial_id":148,"state":1,"values":[0.38555758351355107],"datetime_complete":"2026-08-20T12:12:58.094591"}
{"op_code":4,"worker_id":"370af6e4-7a9c-42c5-8cbf-c1fcaf713949-125804174870016","study_id":1,"datetime_start":"2026-08-20T12:12:58.099019"}
{"op_code":5,"worker_id":"370af6e4-7a9c-42c5-8cbf-c1fcaf713949-125804174870016","trial_id":159,"param_name":"lr","param_value_internal":0.00016849449206602125,"distribution":"{\"name\": \"FloatDistribution\", \"attributes\": {\"step\": null, \"low\": 0.0001, \"high\": 0.02, \"log\": true}}"}
{"op_code":7,"worker_id":"d92a9921-1eda-450f-ba82-16b3670d899e-132801170044416","trial_id":149,"step":1,"intermediate_value":1.5205839228009608}
{"op_code":7,"worker_id":"69fb5f4c-ea7f-4bea-b052-d3cec815d452-128693060130304","trial_id":153,"step":2,"intermediate_value":0.4406429443193852}
{"op_code":6,"worker_id":"69fb5f4c-ea7f-4bea-b052-d3cec815d452-128693060130304","trial_id":153,"state":1,"values":[0.4406429443193852],"datetime_complete":"2026-08-20T12:13:17.340388"}
{"op_code":4,"worker_id":"69fb5f4c-ea7f-4bea-b052-d3cec815d452-128693060130304","study_id":1,"datetime_start":"2026-08-20T12:13:17.345167"}
{"op_code":5,"worker_id":"69fb5f4c-ea7f-4bea-b052-d3cec815d452-128693060130304","trial_id":160,"param_name":"lr","param_value_internal":0.004664178631118801,"distribution":"{\"name\": \"FloatDistribution\", \"attributes\": {\"step\": null, \"low\": 0.0001, \"high\": 0.02, \"log\": true}}"}
{"op_code":7,"worker_id":"485d9f26-8189-4865-bae8-4285d49d2ea1-133010474300928","trial_id":146,"step":2,"intermediate_value":1.0541846505680716}
{"op_code":6,"worker_id":"485d9f26-8189-4865-bae8-4285d49d2ea1-133010474300928","trial_id":146,"state":1,"values":[1.0541846505680716],"datetime_complete":"2026-08-20T12:13:27.128916"}
{"op_code":4,"worker_id":"485d9f26-8189-4865-bae8-4285d49d2ea1-133010474300928","study_id":1,"datetime_start":"2026-08-20T12:13:27.133402"}
{"op_code":5,"worker_id":"485d9f26-8189-4865-bae8-4285d49d2ea1-133010474300928","trial_id":161,"param_name":"lr","param_value_internal":0.008631552221371547,"distribution":"{\"name\": \"FloatDistribution\", \"attributes\": {\"step\": null, \"low\": 0.0001, \"high\": 0.02, \"log\": true}}"}
{"op_code":7,"worker_id":"b59bb1fd-ee85-4c15-a410-bb728af3eac3-130678572135936","trial_id":154,"step":2,"intermediate_value":1.149444230672068}
{"op_code":6,"worker_id":"b59bb1fd-ee85-4c15-a410-bb728af3eac3-130678572135936","trial_id":154,"state":1,"values":[1.149444230672068],"datetime_complete":"2026-08-20T12:13:29.279285"}
{"op_code":4,"worker_id":"b59bb1fd-ee85-4c15-a410-bb728af3eac3-130678572135936","study_id":1,"datetime_start":"2026-08-20T12:13:29.284034"}
{"op_code":5,"worker_id":"b59bb1fd-ee85-4c15-a410-bb728af3eac3-130678572135936","trial_id":162,"param_name":"lr","param_value_internal":0.002380550205290845,"distribution":"{\"name\": \"FloatDistribution\", \"attributes\": {\"step\": null, \"low\": 0.0001, \"high\": 0.02, \"log\": true}}"}
{"op_code":7,"worker_id":"208fe14a-2768-41d6-8c1b-e04f1324e5c3-137848429807104","trial_id":155,"step":2,"intermediate_value":0.401379934746654}
{"op_code":6,"worker_id":"208fe14a-2768-41d6-8c1b-e04f1324e5c3-137848429807104","trial_id":155,"state":1,"values":[0.401379934746654],"datetime_complete":"2026-08-20T12:13:30.937583"}
{"op_code":4,"worker_id":"208fe14a-2768-41d6-8c1b-e04f1324e5c3-137848429807104","study_id":1,"datetime_start":"2026-08-20T12:13:30.942302"}
{"op_code":5,"worker_id":"208fe14a-2768-41d6-8c1b-e04f1324e5c3-137848429807104","trial_id":163,"param_name":"lr","param_value_internal":0.002659204029131955,"distribution":"{\"name\": \"FloatDistribution\", \"attributes\": {\"step\": null, \"low\": 0.0001, \"high\": 0.02, \"log\": true}}"}
{"op_code":7,"worker_id":"fedf21f6-223e-4056-b671-3bc2a1c38b93-131121405171200","trial_id":157,"step":1,"intermediate_value":0.38126559311702785}
{"op_code":7,"worker_id":"9b4d432c-92db-441a-b05c-37d4bcab7dfa-133102288758272","trial_id":156,"step":1,"intermediate_value":0.41828297118950786}
{"op_code":6,"worker_id":"9b4d432c-92db-441a-b05c-37d4bcab7dfa-133102288758272","trial_id":156,"state":2,"values":[0.41828297118950786],"datetime_complete":"2026-08-20T12:14:03.417773"}
{"op_code":4,"worker_id":"9b4d432c-92db-441a-b05c-37d4bcab7dfa-133102288758272","study_id":1,"datetime_start":"2026-08-20T12:14:03.422663"}
{"op_code":5,"worker_id":"9b4d432c-92db-441a-b05c-37d4bcab7dfa-133102288758272","trial_id":164,"param_name":"lr","param_value_internal":0.005843828670524784,"distribution":"{\"name\": \"FloatDistribution\", \"attributes\": {\"step\": null, \"low\": 0.0001, \"high\": 0.02, \"log\": true}}"}
{"op_code":7,"worker_id":"0b7ed1fd-d550-4a3d-8ae3-c81d49013293-139779087095296","trial_id":158,"step":1,"intermediate_value":0.36694213187235264}
{"op_code":7,"worker_id":"370af6e4-7a9c-42c5-8cbf-c1fcaf713949-125804174870016","trial_id":159,"step":1,"intermediate_value":0.3684084270629077}
{"op_code":7,"worker_id":"69fb5f4c-ea7f-4bea-b052-d3cec815d452-128693060130304","trial_id":160,"step":1,"intermediate_value":0.43501606352003724}
{"op_code":6,"worker_id":"69fb5f4c-ea7f-4bea-b052-d3cec815d452-128693060130304","trial_id":160,"state":2,"values":[0.43501606352003724],"datetime_complete":"2026-08-20T12:14:28.131634"}
{"op_code":4,"worker_id":"69fb5f4c-ea7f-4bea-b052-d3cec815d452-128693060130304","study_id":1,"datetime_start":"2026-08-20T12:14:28.136378"}
{"op_code":5,"worker_id":"69fb5f4c-ea7f-4bea-b052-d3cec815d452-128693060130304","trial_id":165,"param_name":"lr","param_value_internal":0.0010226154154696079,"distribution":"{\"name\": \"FloatDistribution\", \"attributes\": {\"step\": null, \"low\": 0.0001, \"high\": 0.02, \"log\": true}}"}
{"op_code":7,"worker_id":"b59bb1fd-ee85-4c15-a410-bb728af3eac3-130678572135936","trial_id":162,"step":1,"intermediate_value":0.39884861861493026}
{"op_code":7,"worker_id":"5235aa39-99d0-47b7-abb8-8e972a53ac3a-124739864225280","trial_id":144,"step":2,"intermediate_value":0.3769656262690402}
{"op_code":6,"worker_id":"5235aa39-99d0-47b7-abb8-8e972a53ac3a-124739864225280","trial_id":144,"state":1,"values":[0.3769656262690402],"datetime_complete":"2026-08-20T12:14:53.077713"}
{"op_code":4,"worker_id":"5235aa39-99d0-47b7-abb8-8e972a53ac3a-124739864225280","study_id":1,"datetime_start":"2026-08-20T12:14:53.082690"}
{"op_code":5,"worker_id":"5235aa39-99d0-47b7-abb8-8e972a53ac3a-124739864225280","trial_id":166,"param_name":"lr","param_value_internal":0.00088566600343693,"distribution":"{\"name\": \"FloatDistribution\", \"attributes\": {\"step\": null, \"low\": 0.0001, \"high\": 0.02, \"log\": true}}"}
{"op_code":7,"worker_id":"583f2076-28a8-4f56-9740-c038ce928359-135705033860608","trial_id":150,"step":2,"intermediate_value":0.3796363304187911}
{"op_code":6,"worker_id":"583f2076-28a8-4f56-9740-c038ce928359-135705033860608","trial_id":150,"state":1,"values":[0.3796363304187911],"datetime_complete":"2026-08-20T12:14:56.736068"}
{"op_code":4,"worker_id":"583f2076-28a8-4f56-9740-c038ce928359-135705033860608","study_id":1,"datetime_start":"2026-08-20T12:14:56.740684"}
{"op_code":5,"worker_id":"583f2076-28a8-4f56-9740-c038ce928359-135705033860608","trial_id":167,"param_name":"lr","param_value_internal":0.00010067313503903084,"distribution":"{\"name\": \"FloatDistribution\", \"attributes\": {\"step\": null, \"low\": 0.0001, \"high\": 0.02, \"log\": true}}"}
{"op_code":7,"worker_id":"208fe14a-2768-41d6-8c1b-e04f1324e5c3-137848429807104","trial_id":163,"step":1,"intermediate_value":0.42796943613188937}
{"op_code":6,"worker_id":"208fe14a-2768-41d6-8c1b-e04f1324e5c3-137848429807104","trial_id":163,"state":2,"values":[0.42796943613188937],"datetime_complete":"2026-08-20T12:14:57.704682"}
{"op_code":4,"worker_id":"208fe14a-2768-41d6-8c1b-e04f1324e5c3-137848429807104","study_id":1,"datetime_start":"2026-08-20T12:14:57.709422"}
{"op_code":5,"worker_id":"208fe14a-2768-41d6-8c1b-e04f1324e5c3-137848429807104","trial_id":168,"param_name":"lr","param_value_internal":0.0001298714996045815,"distribution":"{\"name\": \"FloatDistribution\", \"attributes\": {\"step\": null, \"low\": 0.0001, \"high\": 0.02, \"log\": true}}"}
{"op_code":7,"worker_id":"9bf8bcf4-ee72-4982-b712-20d6a71d8240-139672028648960","trial_id":152,"step":2,"intermediate_value":0.3788967471893159}
{"op_code":6,"worker_id":"9bf8bcf4-ee72-4982-b712-20d6a71d8240-139672028648960","trial_id":152,"state":1,"values":[0.3788967471893159],"datetime_complete":"2026-08-20T12:14:58.436565"}
{"op_code":4,"worker_id":"9bf8bcf4-ee72-4982-b712-20d6a71d8240-139672028648960","study_id":1,"datetime_start":"2026-08-20T12:14:58.441328"}
{"op_code":5,"worker_id":"9bf8bcf4-ee72-4982-b712-20d6a71d8240-139672028648960","trial_id":169,"param_name":"lr","param_value_internal":0.00010046867602721172,"distribution":"{\"name\": \"FloatDistribution\", \"attributes\": {\"step\": null, \"low\": 0.0001, \"high\": 0.02, \"log\": true}}"}
{"op_code":7,"worker_id":"fedf21f6-223e-4056-b671-3bc2a1c38b93-131121405171200","trial_id":157,"step":2,"intermediate_value":0.39360054921722165}
{"op_code":6,"worker_id":"fedf21f6-223e-4056-b671-3bc2a1c38b93-131121405171200","trial_id":157,"state":1,"values":[0.39360054921722165],"datetime_complete":"2026-08-20T12:15:30.469087"}
{"op_code":4,"worker_id":"fedf21f6-223e-4056-b671-3bc2a1c38b93-131121405171200","study_id":1,"datetime_start":"2026-08-20T12:15:30.474010"}
{"op_code":5,"worker_id":"fedf21f6-223e-4056-b671-3bc2a1c38b93-131121405171200","trial_id":170,"param_name":"lr","param_value_internal":0.000649708593232129,"distribution":"{\"name\": \"FloatDistribution\", \"attributes\": {\"step\": null, \"low\": 0.0001, \"high\": 0.02, \"log\": true}}"}
{"op_code":7,"worker_id":"370af6e4-7a9c-42c5-8cbf-c1fcaf713949-125804174870016","trial_id":159,"step":2,"intermediate_value":0.3855836219731093}
{"op_code":6,"worker_id":"370af6e4-7a9c-42c5-8cbf-c1fcaf713949-125804174870016","trial_id":159,"state":1,"values":[0.3855836219731093],"datetime_complete":"2026-08-20T12:15:34.243959"}
{"op_code":4,"worker_id":"370af6e4-7a9c-42c5-8cbf-c1fcaf713949-125804174870016","study_id":1,"datetime_start":"2026-08-20T12:15:34.248791"}
{"op_code":5,"worker_id":"370af6e4-7a9c-42c5-8cbf-c1fcaf713949-125804174870016","trial_id":171,"param_name":"lr","param_value_internal":0.000660251040949091,"distribution":"{\"name\": \"FloatDistribution\", \"attributes\": {\"step\": null, \"low\": 0.0001, \"high\": 0.02, \"log\": true}}"}
{"op_code":7,"worker_id":"69fb5f4c-ea7f-4bea-b052-d3cec815d452-128693060130304","trial_id":165,"step":1,"intermediate_value":0.39114128753815425}
{"op_code":6,"worker_id":"69fb5f4c-ea7f-4bea-b052-d3cec815d452-128693060130304","trial_id":165,"state":2,"values":[0.39114128753815425],"datetime_complete":"2026-08-20T12:15:39.030799"}
{"op_code":4,"worker_id":"69fb5f4c-ea7f-4bea-b052-d3cec815d452-128693060130304","study_id":1,"datetime_start":"2026-08-20T12:15:39.035503"}
{"op_code":5,"worker_id":"69fb5f4c-ea7f-4bea-b052-d3cec815d452-128693060130304","trial_id":172,"param_name":"lr","param_value_internal":0.0004260181756321247,"distribution":"{\"name\": \"FloatDistribution\", \"attributes\": {\"step\": null, \"low\": 0.0001, \"high\": 0.02, \"log\": true}}"}
{"op_code":7,"worker_id":"485d9f26-8189-4865-bae8-4285d49d2ea1-133010474300928","trial_id":161,"step":1,"intermediate_value":1.5762421947406442}
{"op_code":6,"worker_id":"485d9f26-8189-4865-bae8-4285d49d2ea1-133010474300928","trial_id":161,"state":2,"values":[1.5762421947406442],"datetime_complete":"2026-08-20T12:15:43.050547"}
{"op_code":4,"worker_id":"485d9f26-8189-4865-bae8-4285d49d2ea1-133010474300928","study_id":1,"datetime_start":"2026-08-20T12:15:43.055262"}
{"op_code":5,"worker_id":"485d9f26-8189-4865-bae8-4285d49d2ea1-133010474300928","trial_id":173,"param_name":"lr","param_value_internal":0.0005384122161517457,"distribution":"{\"name\": \"FloatDistribution\", \"attributes\": {\"step\": null, \"low\": 0.0001, \"high\": 0.02, \"log\": true}}"}
{"op_code":7,"worker_id":"b59bb1fd-ee85-4c15-a410-bb728af3eac3-130678572135936","trial_id":162,"step":2,"intermediate_value":0.3995732475990782}
{"op_code":6,"worker_id":"b59bb1fd-ee85-4c15-a410-bb728af3eac3-130678572135936","trial_id":162,"state":2,"values":[0.3995732475990782],"datetime_complete":"2026-08-20T12:15:47.603010"}
{"op_code":4,"worker_id":"b59bb1fd-ee85-4c15-a410-bb728af3eac3-130678572135936","study_id":1,"datetime_start":"2026-08-20T12:15:47.607982"}
{"op_code":5,"worker_id":"b59bb1fd-ee85-4c15-a410-bb728af3eac3-130678572135936","trial_id":174,"param_name":"lr","param_value_internal":0.0004136311584697767,"distribution":"{\"name\": \"FloatDistribution\", \"attributes\": {\"step\": null, \"low\": 0.0001, \"high\": 0.02, \"log\": true}}"}
{"op_code":7,"worker_id":"583f2076-28a8-4f56-9740-c038ce928359-135705033860608","trial_id":167,"step":1,"intermediate_value":0.382724262941933}
{"op_code":6,"worker_id":"583f2076-28a8-4f56-9740-c038ce928359-135705033860608","trial_id":167,"state":2,"values":[0.382724262941933],"datetime_complete":"2026-08-20T12:16:06.393175"}
{"op_code":4,"worker_id":"583f2076-28a8-4f56-9740-c038ce928359-135705033860608","study_id":1,"datetime_start":"2026-08-20T12:16:06.397918"}
{"op_code":5,"worker_id":"583f2076-28a8-4f56-9740-c038ce928359-135705033860608","trial_id":175,"param_name":"lr","param_value_internal":0.00046168433312156513,"distribution":"{\"name\": \"FloatDistribution\", \"attributes\": {\"step\": null, \"low\": 0.0001, \"high\": 0.02, \"log\": true}}"}
{"op_code":7,"worker_id":"208fe14a-2768-41d6-8c1b-e04f1324e5c3-137848429807104","trial_id":168,"step":1,"intermediate_value":0.3792591976013672}
{"op_code":6,"worker_id":"208fe14a-2768-41d6-8c1b-e04f1324e5c3-137848429807104","trial_id":168,"state":2,"values":[0.3792591976013672],"datetime_complete":"2026-08-20T12:16:07.405911"}
{"op_code":4,"worker_id":"208fe14a-2768-41d6-8c1b-e04f1324e5c3-137848429807104","study_id":1,"datetime_start":"2026-08-20T12:16:07.410690"}
{"op_code":5,"worker_id":"208fe14a-2768-41d6-8c1b-e04f1324e5c3-137848429807104","trial_id":176,"param_name":"lr","param_value_internal":0.0003429632252943989,"distribution":"{\"name\": \"FloatDistribution\", \"attributes\": {\"step\": null, \"low\": 0.0001, \"high\": 0.02, \"log\": true}}"}
{"op_code":7,"worker_id":"9bf8bcf4-ee72-4982-b712-20d6a71d8240-139672028648960","trial_id":169,"step":1,"intermediate_value":0.3827396001159773}
{"op_code":6,"worker_id":"9bf8bcf4-ee72-4982-b712-20d6a71d8240-139672028648960","trial_id":169,"state":2,"values":[0.3827396001159773],"datetime_complete":"2026-08-20T12:16:08.693624"}
{"op_code":4,"worker_id":"9bf8bcf4-ee72-4982-b712-20d6a71d8240-139672028648960","study_id":1,"datetime_start":"2026-08-20T12:16:08.698687"}
{"op_code":5,"worker_id":"9bf8bcf4-ee72-4982-b712-20d6a71d8240-139672028648960","trial_id":177,"param_name":"lr","param_value_internal":0.00034927730158474204,"distribution":"{\"name\": \"FloatDistribution\", \"attributes\": {\"step\": null, \"low\": 0.0001, \"high\": 0.02, \"log\": true}}"}
{"op_code":7,"worker_id":"5235aa39-99d0-47b7-abb8-8e972a53ac3a-124739864225280","trial_id":166,"step":1,"intermediate_value":0.36434129533447274}
{"op_code":7,"worker_id":"9b4d432c-92db-441a-b05c-37d4bcab7dfa-133102288758272","trial_id":164,"step":1,"intermediate_value":0.45925704416247193}
{"op_code":6,"worker_id":"9b4d432c-92db-441a-b05c-37d4bcab7dfa-133102288758272","trial_id":164,"state":2,"values":[0.45925704416247193],"datetime_complete":"2026-08-20T12:16:37.581799"}
{"op_code":4,"worker_id":"9b4d432c-92db-441a-b05c-37d4bcab7dfa-133102288758272","study_id":1,"datetime_start":"2026-08-20T12:16:37.586887"}
{"op_code":5,"worker_id":"9b4d432c-92db-441a-b05c-37d4bcab7dfa-133102288758272","trial_id":178,"param_name":"lr","param_value_internal":0.0003466480346399283,"distribution":"{\"name\": \"FloatDistribution\", \"attributes\": {\"step\": null, \"low\": 0.0001, \"high\": 0.02, \"log\": true}}"}
{"op_code":7,"worker_id":"fedf21f6-223e-4056-b671-3bc2a1c38b93-131121405171200","trial_id":170,"step":1,"intermediate_value":0.3608605019310132}
{"op_code":7,"worker_id":"69fb5f4c-ea7f-4bea-b052-d3cec815d452-128693060130304","trial_id":172,"step":1,"intermediate_value":0.360011335516992}
{"op_code":7,"worker_id":"485d9f26-8189-4865-bae8-4285d49d2ea1-133010474300928","trial_id":173,"step":1,"intermediate_value":0.36230448833473766}
{"op_code":7,"worker_id":"370af6e4-7a9c-42c5-8cbf-c1fcaf713949-125804174870016","trial_id":171,"step":1,"intermediate_value":0.3606659739551945}
{"op_code":7,"worker_id":"0b7ed1fd-d550-4a3d-8ae3-c81d49013293-139779087095296","trial_id":158,"step":2,"intermediate_value":0.37926897001174453}
{"op_code":6,"worker_id":"0b7ed1fd-d550-4a3d-8ae3-c81d49013293-139779087095296","trial_id":158,"state":1,"values":[0.37926897001174453],"datetime_complete":"2026-08-20T12:16:56.215768"}
{"op_code":4,"worker_id":"0b7ed1fd-d550-4a3d-8ae3-c81d49013293-139779087095296","study_id":1,"datetime_start":"2026-08-20T12:16:56.220106"}
{"op_code":5,"worker_id":"0b7ed1fd-d550-4a3d-8ae3-c81d49013293-139779087095296","trial_id":179,"param_name":"lr","param_value_internal":0.0005220131058301725,"distribution":"{\"name\": \"FloatDistribution\", \"attributes\": {\"step\": null, \"low\": 0.0001, \"high\": 0.02, \"log\": true}}"}
{"op_code":7,"worker_id":"b59bb1fd-ee85-4c15-a410-bb728af3eac3-130678572135936","trial_id":174,"step":1,"intermediate_value":0.361064630966261}
{"op_code":7,"worker_id":"d92a9921-1eda-450f-ba82-16b3670d899e-132801170044416","trial_id":149,"step":2,"intermediate_value":1.0098611375093378}
{"op_code":6,"worker_id":"d92a9921-1eda-450f-ba82-16b3670d899e-132801170044416","trial_id":149,"state":2,"values":[1.0098611375093378],"datetime_complete":"2026-08-20T12:17:08.962199"}
{"op_code":4,"worker_id":"d92a9921-1eda-450f-ba82-16b3670d899e-132801170044416","study_id":1,"datetime_start":"2026-08-20T12:17:08.967247"}
{"op_code":5,"worker_id":"d92a9921-1eda-450f-ba82-16b3670d899e-132801170044416","trial_id":180,"param_name":"lr","param_value_internal":0.0004719357703888347,"distribution":"{\"name\": \"FloatDistribution\", \"attributes\": {\"step\": null, \"low\": 0.0001, \"high\": 0.02, \"log\": true}}"}
{"op_code":7,"worker_id":"583f2076-28a8-4f56-9740-c038ce928359-135705033860608","trial_id":175,"step":1,"intermediate_value":0.36219471376950674}
{"op_code":7,"worker_id":"208fe14a-2768-41d6-8c1b-e04f1324e5c3-137848429807104","trial_id":176,"step":1,"intermediate_value":0.37520065495375127}
{"op_code":6,"worker_id":"208fe14a-2768-41d6-8c1b-e04f1324e5c3-137848429807104","trial_id":176,"state":2,"values":[0.37520065495375127],"datetime_complete":"2026-08-20T12:17:17.335398"}
{"op_code":7,"worker_id":"9bf8bcf4-ee72-4982-b712-20d6a71d8240-139672028648960","trial_id":177,"step":1,"intermediate_value":0.3736815472559648}
{"op_code":6,"worker_id":"9bf8bcf4-ee72-4982-b712-20d6a71d8240-139672028648960","trial_id":177,"state":2,"values":[0.3736815472559648],"datetime_complete":"2026-08-20T12:17:18.962619"}
{"op_code":4,"worker_id":"9bf8bcf4-ee72-4982-b712-20d6a71d8240-139672028648960","study_id":1,"datetime_start":"2026-08-20T12:17:18.967565"}
{"op_code":5,"worker_id":"9bf8bcf4-ee72-4982-b712-20d6a71d8240-139672028648960","trial_id":181,"param_name":"lr","param_value_internal":0.0006149792889038083,"distribution":"{\"name\": \"FloatDistribution\", \"attributes\": {\"step\": null, \"low\": 0.0001, \"high\": 0.02, \"log\": true}}"}
{"op_code":0,"worker_id":"e661c1a4-72f3-47be-9b99-25e674ccf929-131360350717440","study_name":"stageD-lora","directions":[1]}
{"op_code":4,"worker_id":"e661c1a4-72f3-47be-9b99-25e674ccf929-131360350717440","study_id":2,"datetime_start":"2026-08-20T12:17:21.598864"}
{"op_code":5,"worker_id":"e661c1a4-72f3-47be-9b99-25e674ccf929-131360350717440","trial_id":182,"param_name":"lr","param_value_internal":5.207050848202906e-06,"distribution":"{\"name\": \"FloatDistribution\", \"attributes\": {\"step\": null, \"low\": 1e-06, \"high\": 0.0005, \"log\": true}}"}
{"op_code":5,"worker_id":"e661c1a4-72f3-47be-9b99-25e674ccf929-131360350717440","trial_id":182,"param_name":"lora_r","param_value_internal":0,"distribution":"{\"name\": \"CategoricalDistribution\", \"attributes\": {\"choices\": [4, 8, 16]}}"}
{"op_code":7,"worker_id":"9b4d432c-92db-441a-b05c-37d4bcab7dfa-133102288758272","trial_id":178,"step":1,"intermediate_value":0.3744711268781515}
{"op_code":6,"worker_id":"9b4d432c-92db-441a-b05c-37d4bcab7dfa-133102288758272","trial_id":178,"state":2,"values":[0.3744711268781515],"datetime_complete":"2026-08-20T12:17:46.787979"}
{"op_code":7,"worker_id":"fedf21f6-223e-4056-b671-3bc2a1c38b93-131121405171200","trial_id":170,"step":2,"intermediate_value":0.386835094181823}
{"op_code":6,"worker_id":"fedf21f6-223e-4056-b671-3bc2a1c38b93-131121405171200","trial_id":170,"state":1,"values":[0.386835094181823],"datetime_complete":"2026-08-20T12:17:48.907987"}
{"op_code":4,"worker_id":"fedf21f6-223e-4056-b671-3bc2a1c38b93-131121405171200","study_id":1,"datetime_start":"2026-08-20T12:17:48.912666"}
{"op_code":5,"worker_id":"fedf21f6-223e-4056-b671-3bc2a1c38b93-131121405171200","trial_id":183,"param_name":"lr","param_value_internal":0.00064549733853132,"distribution":"{\"name\": \"FloatDistribution\", \"attributes\": {\"step\": null, \"low\": 0.0001, \"high\": 0.02, \"log\": true}}"}
{"op_code":0,"worker_id":"c8e9e27a-ea25-4161-9a5c-8471619050fd-136459564840448","study_name":"stageD-lora","directions":[1]}
{"op_code":4,"worker_id":"c8e9e27a-ea25-4161-9a5c-8471619050fd-136459564840448","study_id":2,"datetime_start":"2026-08-20T12:17:51.139460"}
{"op_code":5,"worker_id":"c8e9e27a-ea25-4161-9a5c-8471619050fd-136459564840448","trial_id":184,"param_name":"lr","param_value_internal":1.3127154374530291e-06,"distribution":"{\"name\": \"FloatDistribution\", \"attributes\": {\"step\": null, \"low\": 1e-06, \"high\": 0.0005, \"log\": true}}"}
{"op_code":5,"worker_id":"c8e9e27a-ea25-4161-9a5c-8471619050fd-136459564840448","trial_id":184,"param_name":"lora_r","param_value_internal":2,"distribution":"{\"name\": \"CategoricalDistribution\", \"attributes\": {\"choices\": [4, 8, 16]}}"}
{"op_code":7,"worker_id":"69fb5f4c-ea7f-4bea-b052-d3cec815d452-128693060130304","trial_id":172,"step":2,"intermediate_value":0.3838808968849522}
{"op_code":6,"worker_id":"69fb5f4c-ea7f-4bea-b052-d3cec815d452-128693060130304","trial_id":172,"state":1,"values":[0.3838808968849522],"datetime_complete":"2026-08-20T12:18:01.046537"}
{"op_code":0,"worker_id":"71ea8ce3-a1c7-4d39-af7e-9afa43864dd4-131084148606464","study_name":"stageD-lora","directions":[1]}
{"op_code":4,"worker_id":"71ea8ce3-a1c7-4d39-af7e-9afa43864dd4-131084148606464","study_id":2,"datetime_start":"2026-08-20T12:18:05.402303"}
{"op_code":5,"worker_id":"71ea8ce3-a1c7-4d39-af7e-9afa43864dd4-131084148606464","trial_id":185,"param_name":"lr","param_value_internal":1.7039980424248054e-05,"distribution":"{\"name\": \"FloatDistribution\", \"attributes\": {\"step\": null, \"low\": 1e-06, \"high\": 0.0005, \"log\": true}}"}
{"op_code":5,"worker_id":"71ea8ce3-a1c7-4d39-af7e-9afa43864dd4-131084148606464","trial_id":185,"param_name":"lora_r","param_value_internal":2,"distribution":"{\"name\": \"CategoricalDistribution\", \"attributes\": {\"choices\": [4, 8, 16]}}"}
{"op_code":7,"worker_id":"0b7ed1fd-d550-4a3d-8ae3-c81d49013293-139779087095296","trial_id":179,"step":1,"intermediate_value":0.3619296795764856}
{"op_code":7,"worker_id":"5235aa39-99d0-47b7-abb8-8e972a53ac3a-124739864225280","trial_id":166,"step":2,"intermediate_value":0.3842301483763598}
{"op_code":6,"worker_id":"5235aa39-99d0-47b7-abb8-8e972a53ac3a-124739864225280","trial_id":166,"state":1,"values":[0.3842301483763598],"datetime_complete":"2026-08-20T12:18:07.276195"}
{"op_code":4,"worker_id":"5235aa39-99d0-47b7-abb8-8e972a53ac3a-124739864225280","study_id":1,"datetime_start":"2026-08-20T12:18:07.281238"}
{"op_code":5,"worker_id":"5235aa39-99d0-47b7-abb8-8e972a53ac3a-124739864225280","trial_id":186,"param_name":"lr","param_value_internal":0.00022223293595245334,"distribution":"{\"name\": \"FloatDistribution\", \"attributes\": {\"step\": null, \"low\": 0.0001, \"high\": 0.02, \"log\": true}}"}
{"op_code":7,"worker_id":"370af6e4-7a9c-42c5-8cbf-c1fcaf713949-125804174870016","trial_id":171,"step":2,"intermediate_value":0.38606746082502186}
{"op_code":6,"worker_id":"370af6e4-7a9c-42c5-8cbf-c1fcaf713949-125804174870016","trial_id":171,"state":1,"values":[0.38606746082502186],"datetime_complete":"2026-08-20T12:18:10.490858"}
{"op_code":4,"worker_id":"370af6e4-7a9c-42c5-8cbf-c1fcaf713949-125804174870016","study_id":1,"datetime_start":"2026-08-20T12:18:10.495140"}
{"op_code":5,"worker_id":"370af6e4-7a9c-42c5-8cbf-c1fcaf713949-125804174870016","trial_id":187,"param_name":"lr","param_value_internal":0.00020169747217420623,"distribution":"{\"name\": \"FloatDistribution\", \"attributes\": {\"step\": null, \"low\": 0.0001, \"high\": 0.02, \"log\": true}}"}
{"op_code":7,"worker_id":"d92a9921-1eda-450f-ba82-16b3670d899e-132801170044416","trial_id":180,"step":1,"intermediate_value":0.36248048893681156}
{"op_code":7,"worker_id":"9bf8bcf4-ee72-4982-b712-20d6a71d8240-139672028648960","trial_id":181,"step":1,"intermediate_value":0.3710646638935018}
{"op_code":6,"worker_id":"9bf8bcf4-ee72-4982-b712-20d6a71d8240-139672028648960","trial_id":181,"state":2,"values":[0.3710646638935018],"datetime_complete":"2026-08-20T12:18:29.406479"}
{"op_code":0,"worker_id":"0847f53e-5748-486f-96db-cacde9b68726-138346823095808","study_name":"stageD-lora","directions":[1]}
{"op_code":4,"worker_id":"0847f53e-5748-486f-96db-cacde9b68726-138346823095808","study_id":2,"datetime_start":"2026-08-20T12:18:33.780569"}
{"op_code":5,"worker_id":"0847f53e-5748-486f-96db-cacde9b68726-138346823095808","trial_id":188,"param_name":"lr","param_value_internal":8.447339618070213e-05,"distribution":"{\"name\": \"FloatDistribution\", \"attributes\": {\"step\": null, \"low\": 1e-06, \"high\": 0.0005, \"log\": true}}"}
{"op_code":5,"worker_id":"0847f53e-5748-486f-96db-cacde9b68726-138346823095808","trial_id":188,"param_name":"lora_r","param_value_internal":1,"distribution":"{\"name\": \"CategoricalDistribution\", \"attributes\": {\"choices\": [4, 8, 16]}}"}
{"op_code":7,"worker_id":"e661c1a4-72f3-47be-9b99-25e674ccf929-131360350717440","trial_id":182,"step":1,"intermediate_value":0.3735269558774584}
{"op_code":7,"worker_id":"fedf21f6-223e-4056-b671-3bc2a1c38b93-131121405171200","trial_id":183,"step":1,"intermediate_value":0.3624628664120692}
{"op_code":7,"worker_id":"583f2076-28a8-4f56-9740-c038ce928359-135705033860608","trial_id":175,"step":2,"intermediate_value":0.38515667237063494}
{"op_code":6,"worker_id":"583f2076-28a8-4f56-9740-c038ce928359-135705033860608","trial_id":175,"state":1,"values":[0.38515667237063494],"datetime_complete":"2026-08-20T12:19:00.372687"}
{"op_code":4,"worker_id":"583f2076-28a8-4f56-9740-c038ce928359-135705033860608","study_id":1,"datetime_start":"2026-08-20T12:19:00.377465"}
{"op_code":5,"worker_id":"583f2076-28a8-4f56-9740-c038ce928359-135705033860608","trial_id":189,"param_name":"lr","param_value_internal":0.00020790466515027285,"distribution":"{\"name\": \"FloatDistribution\", \"attributes\": {\"step\": null, \"low\": 0.0001, \"high\": 0.02, \"log\": true}}"}
{"op_code":7,"worker_id":"0b7ed1fd-d550-4a3d-8ae3-c81d49013293-139779087095296","trial_id":179,"step":2,"intermediate_value":0.3933993098219514}
{"op_code":6,"worker_id":"0b7ed1fd-d550-4a3d-8ae3-c81d49013293-139779087095296","trial_id":179,"state":1,"values":[0.3933993098219514],"datetime_complete":"2026-08-20T12:19:14.831577"}
{"op_code":4,"worker_id":"0b7ed1fd-d550-4a3d-8ae3-c81d49013293-139779087095296","study_id":1,"datetime_start":"2026-08-20T12:19:14.836556"}
{"op_code":5,"worker_id":"0b7ed1fd-d550-4a3d-8ae3-c81d49013293-139779087095296","trial_id":190,"param_name":"lr","param_value_internal":0.00019352418954924917,"distribution":"{\"name\": \"FloatDistribution\", \"attributes\": {\"step\": null, \"low\": 0.0001, \"high\": 0.02, \"log\": true}}"}
{"op_code":7,"worker_id":"c8e9e27a-ea25-4161-9a5c-8471619050fd-136459564840448","trial_id":184,"step":1,"intermediate_value":0.3764515302255944}
{"op_code":7,"worker_id":"5235aa39-99d0-47b7-abb8-8e972a53ac3a-124739864225280","trial_id":186,"step":1,"intermediate_value":0.362366419631438}
{"op_code":7,"worker_id":"370af6e4-7a9c-42c5-8cbf-c1fcaf713949-125804174870016","trial_id":187,"step":1,"intermediate_value":0.3628288705882393}
{"op_code":7,"worker_id":"71ea8ce3-a1c7-4d39-af7e-9afa43864dd4-131084148606464","trial_id":185,"step":1,"intermediate_value":0.3717510900987808}
{"op_code":7,"worker_id":"b59bb1fd-ee85-4c15-a410-bb728af3eac3-130678572135936","trial_id":174,"step":2,"intermediate_value":0.3759295046163014}
{"op_code":6,"worker_id":"b59bb1fd-ee85-4c15-a410-bb728af3eac3-130678572135936","trial_id":174,"state":1,"values":[0.3759295046163014],"datetime_complete":"2026-08-20T12:19:49.582511"}
{"op_code":4,"worker_id":"b59bb1fd-ee85-4c15-a410-bb728af3eac3-130678572135936","study_id":1,"datetime_start":"2026-08-20T12:19:49.587507"}
{"op_code":5,"worker_id":"b59bb1fd-ee85-4c15-a410-bb728af3eac3-130678572135936","trial_id":191,"param_name":"lr","param_value_internal":0.01991698367211077,"distribution":"{\"name\": \"FloatDistribution\", \"attributes\": {\"step\": null, \"low\": 0.0001, \"high\": 0.02, \"log\": true}}"}
{"op_code":7,"worker_id":"0847f53e-5748-486f-96db-cacde9b68726-138346823095808","trial_id":188,"step":1,"intermediate_value":0.38317302440364737}
{"op_code":7,"worker_id":"fedf21f6-223e-4056-b671-3bc2a1c38b93-131121405171200","trial_id":183,"step":2,"intermediate_value":0.38791817858392297}
{"op_code":6,"worker_id":"fedf21f6-223e-4056-b671-3bc2a1c38b93-131121405171200","trial_id":183,"state":1,"values":[0.38791817858392297],"datetime_complete":"2026-08-20T12:20:07.355944"}
{"op_code":7,"worker_id":"583f2076-28a8-4f56-9740-c038ce928359-135705033860608","trial_id":189,"step":1,"intermediate_value":0.362299009661313}
{"op_code":7,"worker_id":"e661c1a4-72f3-47be-9b99-25e674ccf929-131360350717440","trial_id":182,"step":2,"intermediate_value":0.38519653057738057}
{"op_code":6,"worker_id":"e661c1a4-72f3-47be-9b99-25e674ccf929-131360350717440","trial_id":182,"state":1,"values":[0.38519653057738057],"datetime_complete":"2026-08-20T12:20:10.150395"}
{"op_code":4,"worker_id":"e661c1a4-72f3-47be-9b99-25e674ccf929-131360350717440","study_id":2,"datetime_start":"2026-08-20T12:20:10.155011"}
{"op_code":5,"worker_id":"e661c1a4-72f3-47be-9b99-25e674ccf929-131360350717440","trial_id":192,"param_name":"lr","param_value_internal":2.6335630083337465e-05,"distribution":"{\"name\": \"FloatDistribution\", \"attributes\": {\"step\": null, \"low\": 1e-06, \"high\": 0.0005, \"log\": true}}"}
{"op_code":5,"worker_id":"e661c1a4-72f3-47be-9b99-25e674ccf929-131360350717440","trial_id":192,"param_name":"lora_r","param_value_internal":1,"distribution":"{\"name\": \"CategoricalDistribution\", \"attributes\": {\"choices\": [4, 8, 16]}}"}
{"op_code":0,"worker_id":"84e46fc3-4a00-4a78-9271-c7a978680e97-139490310211072","study_name":"stageD-lora","directions":[1]}
{"op_code":4,"worker_id":"84e46fc3-4a00-4a78-9271-c7a978680e97-139490310211072","study_id":2,"datetime_start":"2026-08-20T12:20:11.690293"}
{"op_code":5,"worker_id":"84e46fc3-4a00-4a78-9271-c7a978680e97-139490310211072","trial_id":193,"param_name":"lr","param_value_internal":0.00021930522538076463,"distribution":"{\"name\": \"FloatDistribution\", \"attributes\": {\"step\": null, \"low\": 1e-06, \"high\": 0.0005, \"log\": true}}"}
{"op_code":5,"worker_id":"84e46fc3-4a00-4a78-9271-c7a978680e97-139490310211072","trial_id":193,"param_name":"lora_r","param_value_internal":1,"distribution":"{\"name\": \"CategoricalDistribution\", \"attributes\": {\"choices\": [4, 8, 16]}}"}
{"op_code":7,"worker_id":"485d9f26-8189-4865-bae8-4285d49d2ea1-133010474300928","trial_id":173,"step":2,"intermediate_value":0.3770984489416478}
{"op_code":6,"worker_id":"485d9f26-8189-4865-bae8-4285d49d2ea1-133010474300928","trial_id":173,"state":1,"values":[0.3770984489416478],"datetime_complete":"2026-08-20T12:20:16.158359"}
{"op_code":4,"worker_id":"485d9f26-8189-4865-bae8-4285d49d2ea1-133010474300928","study_id":1,"datetime_start":"2026-08-20T12:20:16.163120"}
{"op_code":5,"worker_id":"485d9f26-8189-4865-bae8-4285d49d2ea1-133010474300928","trial_id":194,"param_name":"lr","param_value_internal":0.00021874217151589972,"distribution":"{\"name\": \"FloatDistribution\", \"attributes\": {\"step\": null, \"low\": 0.0001, \"high\": 0.02, \"log\": true}}"}
{"op_code":7,"worker_id":"d92a9921-1eda-450f-ba82-16b3670d899e-132801170044416","trial_id":180,"step":2,"intermediate_value":0.38547413488826243}
{"op_code":6,"worker_id":"d92a9921-1eda-450f-ba82-16b3670d899e-132801170044416","trial_id":180,"state":1,"values":[0.38547413488826243],"datetime_complete":"2026-08-20T12:20:23.602480"}
{"op_code":4,"worker_id":"d92a9921-1eda-450f-ba82-16b3670d899e-132801170044416","study_id":1,"datetime_start":"2026-08-20T12:20:23.607310"}
{"op_code":5,"worker_id":"d92a9921-1eda-450f-ba82-16b3670d899e-132801170044416","trial_id":195,"param_name":"lr","param_value_internal":0.00021946253795067947,"distribution":"{\"name\": \"FloatDistribution\", \"attributes\": {\"step\": null, \"low\": 0.0001, \"high\": 0.02, \"log\": true}}"}
{"op_code":7,"worker_id":"0b7ed1fd-d550-4a3d-8ae3-c81d49013293-139779087095296","trial_id":190,"step":1,"intermediate_value":0.3639206823293613}
{"op_code":7,"worker_id":"c8e9e27a-ea25-4161-9a5c-8471619050fd-136459564840448","trial_id":184,"step":2,"intermediate_value":0.3862273555598578}
{"op_code":6,"worker_id":"c8e9e27a-ea25-4161-9a5c-8471619050fd-136459564840448","trial_id":184,"state":1,"values":[0.3862273555598578],"datetime_complete":"2026-08-20T12:20:39.619751"}
{"op_code":4,"worker_id":"c8e9e27a-ea25-4161-9a5c-8471619050fd-136459564840448","study_id":2,"datetime_start":"2026-08-20T12:20:39.624490"}
{"op_code":5,"worker_id":"c8e9e27a-ea25-4161-9a5c-8471619050fd-136459564840448","trial_id":196,"param_name":"lr","param_value_internal":2.3188669445741845e-06,"distribution":"{\"name\": \"FloatDistribution\", \"attributes\": {\"step\": null, \"low\": 1e-06, \"high\": 0.0005, \"log\": true}}"}
{"op_code":5,"worker_id":"c8e9e27a-ea25-4161-9a5c-8471619050fd-136459564840448","trial_id":196,"param_name":"lora_r","param_value_internal":1,"distribution":"{\"name\": \"CategoricalDistribution\", \"attributes\": {\"choices\": [4, 8, 16]}}"}
{"op_code":7,"worker_id":"370af6e4-7a9c-42c5-8cbf-c1fcaf713949-125804174870016","trial_id":187,"step":2,"intermediate_value":0.38373145277508847}
{"op_code":6,"worker_id":"370af6e4-7a9c-42c5-8cbf-c1fcaf713949-125804174870016","trial_id":187,"state":1,"values":[0.38373145277508847],"datetime_complete":"2026-08-20T12:20:46.627418"}
{"op_code":0,"worker_id":"0653ba87-4ce5-4b65-8c84-89fb1e3a4318-123546347959808","study_name":"stageD-lora","directions":[1]}
{"op_code":4,"worker_id":"0653ba87-4ce5-4b65-8c84-89fb1e3a4318-123546347959808","study_id":2,"datetime_start":"2026-08-20T12:20:51.030478"}
{"op_code":5,"worker_id":"0653ba87-4ce5-4b65-8c84-89fb1e3a4318-123546347959808","trial_id":197,"param_name":"lr","param_value_internal":2.2737029219766654e-05,"distribution":"{\"name\": \"FloatDistribution\", \"attributes\": {\"step\": null, \"low\": 1e-06, \"high\": 0.0005, \"log\": true}}"}
{"op_code":5,"worker_id":"0653ba87-4ce5-4b65-8c84-89fb1e3a4318-123546347959808","trial_id":197,"param_name":"lora_r","param_value_internal":0,"distribution":"{\"name\": \"CategoricalDistribution\", \"attributes\": {\"choices\": [4, 8, 16]}}"}
{"op_code":7,"worker_id":"71ea8ce3-a1c7-4d39-af7e-9afa43864dd4-131084148606464","trial_id":185,"step":2,"intermediate_value":0.3862418317023516}
{"op_code":6,"worker_id":"71ea8ce3-a1c7-4d39-af7e-9afa43864dd4-131084148606464","trial_id":185,"state":1,"values":[0.3862418317023516],"datetime_complete":"2026-08-20T12:20:57.652503"}
{"op_code":4,"worker_id":"71ea8ce3-a1c7-4d39-af7e-9afa43864dd4-131084148606464","study_id":2,"datetime_start":"2026-08-20T12:20:57.657293"}
{"op_code":5,"worker_id":"71ea8ce3-a1c7-4d39-af7e-9afa43864dd4-131084148606464","trial_id":198,"param_name":"lr","param_value_internal":0.0004732309363866117,"distribution":"{\"name\": \"FloatDistribution\", \"attributes\": {\"step\": null, \"low\": 1e-06, \"high\": 0.0005, \"log\": true}}"}
{"op_code":5,"worker_id":"71ea8ce3-a1c7-4d39-af7e-9afa43864dd4-131084148606464","trial_id":198,"param_name":"lora_r","param_value_internal":1,"distribution":"{\"name\": \"CategoricalDistribution\", \"attributes\": {\"choices\": [4, 8, 16]}}"}
{"op_code":7,"worker_id":"5235aa39-99d0-47b7-abb8-8e972a53ac3a-124739864225280","trial_id":186,"step":2,"intermediate_value":0.38317548865239337}
{"op_code":6,"worker_id":"5235aa39-99d0-47b7-abb8-8e972a53ac3a-124739864225280","trial_id":186,"state":1,"values":[0.38317548865239337],"datetime_complete":"2026-08-20T12:21:02.328613"}
{"op_code":4,"worker_id":"5235aa39-99d0-47b7-abb8-8e972a53ac3a-124739864225280","study_id":1,"datetime_start":"2026-08-20T12:21:02.333491"}
{"op_code":5,"worker_id":"5235aa39-99d0-47b7-abb8-8e972a53ac3a-124739864225280","trial_id":199,"param_name":"lr","param_value_internal":0.00022840268255670462,"distribution":"{\"name\": \"FloatDistribution\", \"attributes\": {\"step\": null, \"low\": 0.0001, \"high\": 0.02, \"log\": true}}"}
{"op_code":7,"worker_id":"b59bb1fd-ee85-4c15-a410-bb728af3eac3-130678572135936","trial_id":191,"step":1,"intermediate_value":1.5149612273023385}
{"op_code":6,"worker_id":"b59bb1fd-ee85-4c15-a410-bb728af3eac3-130678572135936","trial_id":191,"state":2,"values":[1.5149612273023385],"datetime_complete":"2026-08-20T12:21:16.226911"}
{"op_code":0,"worker_id":"52e03ff8-7bce-4566-8fb3-b2fbe45ad261-138677750175232","study_name":"stageD-lora","directions":[1]}
{"op_code":4,"worker_id":"52e03ff8-7bce-4566-8fb3-b2fbe45ad261-138677750175232","study_id":2,"datetime_start":"2026-08-20T12:21:20.556088"}
{"op_code":5,"worker_id":"52e03ff8-7bce-4566-8fb3-b2fbe45ad261-138677750175232","trial_id":200,"param_name":"lr","param_value_internal":0.00024310511535972007,"distribution":"{\"name\": \"FloatDistribution\", \"attributes\": {\"step\": null, \"low\": 1e-06, \"high\": 0.0005, \"log\": true}}"}
{"op_code":5,"worker_id":"52e03ff8-7bce-4566-8fb3-b2fbe45ad261-138677750175232","trial_id":200,"param_name":"lora_r","param_value_internal":2,"distribution":"{\"name\": \"CategoricalDistribution\", \"attributes\": {\"choices\": [4, 8, 16]}}"}
{"op_code":7,"worker_id":"485d9f26-8189-4865-bae8-4285d49d2ea1-133010474300928","trial_id":194,"step":1,"intermediate_value":0.362120502296686}
{"op_code":7,"worker_id":"0b7ed1fd-d550-4a3d-8ae3-c81d49013293-139779087095296","trial_id":190,"step":2,"intermediate_value":0.38381708474344134}
{"op_code":6,"worker_id":"0b7ed1fd-d550-4a3d-8ae3-c81d49013293-139779087095296","trial_id":190,"state":1,"values":[0.38381708474344134],"datetime_complete":"2026-08-20T12:21:33.382061"}
{"op_code":7,"worker_id":"e661c1a4-72f3-47be-9b99-25e674ccf929-131360350717440","trial_id":192,"step":1,"intermediate_value":0.3719208355201641}
{"op_code":7,"worker_id":"583f2076-28a8-4f56-9740-c038ce928359-135705033860608","trial_id":189,"step":2,"intermediate_value":0.3833106836462242}
{"op_code":6,"worker_id":"583f2076-28a8-4f56-9740-c038ce928359-135705033860608","trial_id":189,"state":1,"values":[0.3833106836462242],"datetime_complete":"2026-08-20T12:21:37.186066"}
{"op_code":0,"worker_id":"5f4bcf21-e8cd-4fd8-bbd2-6399b1d03d00-125803860071936","study_name":"stageD-lora","directions":[1]}
{"op_code":4,"worker_id":"5f4bcf21-e8cd-4fd8-bbd2-6399b1d03d00-125803860071936","study_id":2,"datetime_start":"2026-08-20T12:21:37.766241"}
{"op_code":5,"worker_id":"5f4bcf21-e8cd-4fd8-bbd2-6399b1d03d00-125803860071936","trial_id":201,"param_name":"lr","param_value_internal":4.915552746607139e-05,"distribution":"{\"name\": \"FloatDistribution\", \"attributes\": {\"step\": null, \"low\": 1e-06, \"high\": 0.0005, \"log\": true}}"}
{"op_code":5,"worker_id":"5f4bcf21-e8cd-4fd8-bbd2-6399b1d03d00-125803860071936","trial_id":201,"param_name":"lora_r","param_value_internal":2,"distribution":"{\"name\": \"CategoricalDistribution\", \"attributes\": {\"choices\": [4, 8, 16]}}"}
{"op_code":0,"worker_id":"a31c3835-95df-47ec-9a33-29bb7a20697b-125279754302976","study_name":"stageD-lora","directions":[1]}
{"op_code":4,"worker_id":"a31c3835-95df-47ec-9a33-29bb7a20697b-125279754302976","study_id":2,"datetime_start":"2026-08-20T12:21:41.512729"}
{"op_code":5,"worker_id":"a31c3835-95df-47ec-9a33-29bb7a20697b-125279754302976","trial_id":202,"param_name":"lr","param_value_internal":1.2226041061396385e-05,"distribution":"{\"name\": \"FloatDistribution\", \"attributes\": {\"step\": null, \"low\": 1e-06, \"high\": 0.0005, \"log\": true}}"}
{"op_code":5,"worker_id":"a31c3835-95df-47ec-9a33-29bb7a20697b-125279754302976","trial_id":202,"param_name":"lora_r","param_value_internal":1,"distribution":"{\"name\": \"CategoricalDistribution\", \"attributes\": {\"choices\": [4, 8, 16]}}"}
{"op_code":7,"worker_id":"d92a9921-1eda-450f-ba82-16b3670d899e-132801170044416","trial_id":195,"step":1,"intermediate_value":0.3621621358596405}
{"op_code":7,"worker_id":"84e46fc3-4a00-4a78-9271-c7a978680e97-139490310211072","trial_id":193,"step":1,"intermediate_value":0.39445738076389764}
{"op_code":7,"worker_id":"c8e9e27a-ea25-4161-9a5c-8471619050fd-136459564840448","trial_id":196,"step":1,"intermediate_value":0.37604454400834286}
{"op_code":7,"worker_id":"5235aa39-99d0-47b7-abb8-8e972a53ac3a-124739864225280","trial_id":199,"step":1,"intermediate_value":0.3629149377898243}
{"op_code":7,"worker_id":"71ea8ce3-a1c7-4d39-af7e-9afa43864dd4-131084148606464","trial_id":198,"step":1,"intermediate_value":0.3918104565982112}
{"op_code":7,"worker_id":"0653ba87-4ce5-4b65-8c84-89fb1e3a4318-123546347959808","trial_id":197,"step":1,"intermediate_value":0.3707065720716527}
{"op_code":7,"worker_id":"0847f53e-5748-486f-96db-cacde9b68726-138346823095808","trial_id":188,"step":2,"intermediate_value":0.39024475620924726}
{"op_code":6,"worker_id":"0847f53e-5748-486f-96db-cacde9b68726-138346823095808","trial_id":188,"state":1,"values":[0.39024475620924726],"datetime_complete":"2026-08-20T12:22:47.802259"}
{"op_code":4,"worker_id":"0847f53e-5748-486f-96db-cacde9b68726-138346823095808","study_id":2,"datetime_start":"2026-08-20T12:22:47.807232"}
{"op_code":5,"worker_id":"0847f53e-5748-486f-96db-cacde9b68726-138346823095808","trial_id":203,"param_name":"lr","param_value_internal":0.000414602732324153,"distribution":"{\"name\": \"FloatDistribution\", \"attributes\": {\"step\": null, \"low\": 1e-06, \"high\": 0.0005, \"log\": true}}"}
{"op_code":5,"worker_id":"0847f53e-5748-486f-96db-cacde9b68726-138346823095808","trial_id":203,"param_name":"lora_r","param_value_internal":0,"distribution":"{\"name\": \"CategoricalDistribution\", \"attributes\": {\"choices\": [4, 8, 16]}}"}
{"op_code":7,"worker_id":"485d9f26-8189-4865-bae8-4285d49d2ea1-133010474300928","trial_id":194,"step":2,"intermediate_value":0.3830333918987573}
{"op_code":6,"worker_id":"485d9f26-8189-4865-bae8-4285d49d2ea1-133010474300928","trial_id":194,"state":1,"values":[0.3830333918987573],"datetime_complete":"2026-08-20T12:22:50.503158"}
{"op_code":0,"worker_id":"3d874b25-701e-47e1-9124-d75acd3f00ad-135844906882560","study_name":"stageD-lora","directions":[1]}
{"op_code":4,"worker_id":"3d874b25-701e-47e1-9124-d75acd3f00ad-135844906882560","study_id":2,"datetime_start":"2026-08-20T12:22:54.891770"}
{"op_code":5,"worker_id":"3d874b25-701e-47e1-9124-d75acd3f00ad-135844906882560","trial_id":204,"param_name":"lr","param_value_internal":0.00039624865615603996,"distribution":"{\"name\": \"FloatDistribution\", \"attributes\": {\"step\": null, \"low\": 1e-06, \"high\": 0.0005, \"log\": true}}"}
{"op_code":5,"worker_id":"3d874b25-701e-47e1-9124-d75acd3f00ad-135844906882560","trial_id":204,"param_name":"lora_r","param_value_internal":1,"distribution":"{\"name\": \"CategoricalDistribution\", \"attributes\": {\"choices\": [4, 8, 16]}}"}
{"op_code":7,"worker_id":"5f4bcf21-e8cd-4fd8-bbd2-6399b1d03d00-125803860071936","trial_id":201,"step":1,"intermediate_value":0.3713102508513339}
{"op_code":7,"worker_id":"52e03ff8-7bce-4566-8fb3-b2fbe45ad261-138677750175232","trial_id":200,"step":1,"intermediate_value":0.3874840940121821}
{"op_code":7,"worker_id":"a31c3835-95df-47ec-9a33-29bb7a20697b-125279754302976","trial_id":202,"step":1,"intermediate_value":0.37067059512131556}
{"op_code":7,"worker_id":"d92a9921-1eda-450f-ba82-16b3670d899e-132801170044416","trial_id":195,"step":2,"intermediate_value":0.38305832314661803}
{"op_code":6,"worker_id":"d92a9921-1eda-450f-ba82-16b3670d899e-132801170044416","trial_id":195,"state":1,"values":[0.38305832314661803],"datetime_complete":"2026-08-20T12:23:19.068094"}
{"op_code":4,"worker_id":"d92a9921-1eda-450f-ba82-16b3670d899e-132801170044416","study_id":1,"datetime_start":"2026-08-20T12:23:19.072928"}
{"op_code":5,"worker_id":"d92a9921-1eda-450f-ba82-16b3670d899e-132801170044416","trial_id":205,"param_name":"lr","param_value_internal":0.0014936587612407767,"distribution":"{\"name\": \"FloatDistribution\", \"attributes\": {\"step\": null, \"low\": 0.0001, \"high\": 0.02, \"log\": true}}"}
{"op_code":7,"worker_id":"c8e9e27a-ea25-4161-9a5c-8471619050fd-136459564840448","trial_id":196,"step":2,"intermediate_value":0.38616121709548484}
{"op_code":6,"worker_id":"c8e9e27a-ea25-4161-9a5c-8471619050fd-136459564840448","trial_id":196,"state":1,"values":[0.38616121709548484],"datetime_complete":"2026-08-20T12:23:26.034861"}
{"op_code":4,"worker_id":"c8e9e27a-ea25-4161-9a5c-8471619050fd-136459564840448","study_id":2,"datetime_start":"2026-08-20T12:23:26.039719"}
{"op_code":5,"worker_id":"c8e9e27a-ea25-4161-9a5c-8471619050fd-136459564840448","trial_id":206,"param_name":"lr","param_value_internal":8.82133267889567e-06,"distribution":"{\"name\": \"FloatDistribution\", \"attributes\": {\"step\": null, \"low\": 1e-06, \"high\": 0.0005, \"log\": true}}"}
{"op_code":5,"worker_id":"c8e9e27a-ea25-4161-9a5c-8471619050fd-136459564840448","trial_id":206,"param_name":"lora_r","param_value_internal":1,"distribution":"{\"name\": \"CategoricalDistribution\", \"attributes\": {\"choices\": [4, 8, 16]}}"}
{"op_code":7,"worker_id":"5235aa39-99d0-47b7-abb8-8e972a53ac3a-124739864225280","trial_id":199,"step":2,"intermediate_value":0.38359062809997735}
{"op_code":6,"worker_id":"5235aa39-99d0-47b7-abb8-8e972a53ac3a-124739864225280","trial_id":199,"state":1,"values":[0.38359062809997735],"datetime_complete":"2026-08-20T12:23:57.248882"}
{"op_code":7,"worker_id":"0653ba87-4ce5-4b65-8c84-89fb1e3a4318-123546347959808","trial_id":197,"step":2,"intermediate_value":0.3845948049486113}
{"op_code":6,"worker_id":"0653ba87-4ce5-4b65-8c84-89fb1e3a4318-123546347959808","trial_id":197,"state":1,"values":[0.3845948049486113],"datetime_complete":"2026-08-20T12:23:59.462744"}
{"op_code":4,"worker_id":"0653ba87-4ce5-4b65-8c84-89fb1e3a4318-123546347959808","study_id":2,"datetime_start":"2026-08-20T12:23:59.467495"}
{"op_code":5,"worker_id":"0653ba87-4ce5-4b65-8c84-89fb1e3a4318-123546347959808","trial_id":207,"param_name":"lr","param_value_internal":3.584218194208014e-05,"distribution":"{\"name\": \"FloatDistribution\", \"attributes\": {\"step\": null, \"low\": 1e-06, \"high\": 0.0005, \"log\": true}}"}
{"op_code":5,"worker_id":"0653ba87-4ce5-4b65-8c84-89fb1e3a4318-123546347959808","trial_id":207,"param_name":"lora_r","param_value_internal":1,"distribution":"{\"name\": \"CategoricalDistribution\", \"attributes\": {\"choices\": [4, 8, 16]}}"}
{"op_code":0,"worker_id":"3a0ffc04-c63e-4c78-90d0-44d00474be7e-128738984973824","study_name":"stageD-lora","directions":[1]}
{"op_code":4,"worker_id":"3a0ffc04-c63e-4c78-90d0-44d00474be7e-128738984973824","study_id":2,"datetime_start":"2026-08-20T12:24:01.619109"}
{"op_code":5,"worker_id":"3a0ffc04-c63e-4c78-90d0-44d00474be7e-128738984973824","trial_id":208,"param_name":"lr","param_value_internal":0.00019245363476910973,"distribution":"{\"name\": \"FloatDistribution\", \"attributes\": {\"step\": null, \"low\": 1e-06, \"high\": 0.0005, \"log\": true}}"}
{"op_code":5,"worker_id":"3a0ffc04-c63e-4c78-90d0-44d00474be7e-128738984973824","trial_id":208,"param_name":"lora_r","param_value_internal":2,"distribution":"{\"name\": \"CategoricalDistribution\", \"attributes\": {\"choices\": [4, 8, 16]}}"}
{"op_code":7,"worker_id":"84e46fc3-4a00-4a78-9271-c7a978680e97-139490310211072","trial_id":193,"step":2,"intermediate_value":0.3929098688452901}
{"op_code":6,"worker_id":"84e46fc3-4a00-4a78-9271-c7a978680e97-139490310211072","trial_id":193,"state":1,"values":[0.3929098688452901],"datetime_complete":"2026-08-20T12:24:01.852547"}
{"op_code":4,"worker_id":"84e46fc3-4a00-4a78-9271-c7a978680e97-139490310211072","study_id":2,"datetime_start":"2026-08-20T12:24:01.857082"}
{"op_code":5,"worker_id":"84e46fc3-4a00-4a78-9271-c7a978680e97-139490310211072","trial_id":209,"param_name":"lr","param_value_internal":0.00010248010752760834,"distribution":"{\"name\": \"FloatDistribution\", \"attributes\": {\"step\": null, \"low\": 1e-06, \"high\": 0.0005, \"log\": true}}"}
{"op_code":5,"worker_id":"84e46fc3-4a00-4a78-9271-c7a978680e97-139490310211072","trial_id":209,"param_name":"lora_r","param_value_internal":1,"distribution":"{\"name\": \"CategoricalDistribution\", \"attributes\": {\"choices\": [4, 8, 16]}}"}
{"op_code":7,"worker_id":"0847f53e-5748-486f-96db-cacde9b68726-138346823095808","trial_id":203,"step":1,"intermediate_value":0.36768180854751836}
{"op_code":7,"worker_id":"a31c3835-95df-47ec-9a33-29bb7a20697b-125279754302976","trial_id":202,"step":2,"intermediate_value":0.38509897211525346}
{"op_code":6,"worker_id":"a31c3835-95df-47ec-9a33-29bb7a20697b-125279754302976","trial_id":202,"state":1,"values":[0.38509897211525346],"datetime_complete":"2026-08-20T12:24:30.846599"}
{"op_code":4,"worker_id":"a31c3835-95df-47ec-9a33-29bb7a20697b-125279754302976","study_id":2,"datetime_start":"2026-08-20T12:24:30.851357"}
{"op_code":5,"worker_id":"a31c3835-95df-47ec-9a33-29bb7a20697b-125279754302976","trial_id":210,"param_name":"lr","param_value_internal":4.1194127056484704e-05,"distribution":"{\"name\": \"FloatDistribution\", \"attributes\": {\"step\": null, \"low\": 1e-06, \"high\": 0.0005, \"log\": true}}"}
{"op_code":5,"worker_id":"a31c3835-95df-47ec-9a33-29bb7a20697b-125279754302976","trial_id":210,"param_name":"lora_r","param_value_internal":1,"distribution":"{\"name\": \"CategoricalDistribution\", \"attributes\": {\"choices\": [4, 8, 16]}}"}
{"op_code":7,"worker_id":"3d874b25-701e-47e1-9124-d75acd3f00ad-135844906882560","trial_id":204,"step":1,"intermediate_value":0.3935853789979025}
{"op_code":6,"worker_id":"3d874b25-701e-47e1-9124-d75acd3f00ad-135844906882560","trial_id":204,"state":2,"values":[0.3935853789979025],"datetime_complete":"2026-08-20T12:24:39.863551"}
{"op_code":4,"worker_id":"3d874b25-701e-47e1-9124-d75acd3f00ad-135844906882560","study_id":2,"datetime_start":"2026-08-20T12:24:39.868286"}
{"op_code":5,"worker_id":"3d874b25-701e-47e1-9124-d75acd3f00ad-135844906882560","trial_id":211,"param_name":"lr","param_value_internal":0.00023031857628634072,"distribution":"{\"name\": \"FloatDistribution\", \"attributes\": {\"step\": null, \"low\": 1e-06, \"high\": 0.0005, \"log\": true}}"}
{"op_code":5,"worker_id":"3d874b25-701e-47e1-9124-d75acd3f00ad-135844906882560","trial_id":211,"param_name":"lora_r","param_value_internal":2,"distribution":"{\"name\": \"CategoricalDistribution\", \"attributes\": {\"choices\": [4, 8, 16]}}"}
{"op_code":7,"worker_id":"c8e9e27a-ea25-4161-9a5c-8471619050fd-136459564840448","trial_id":206,"step":1,"intermediate_value":0.37126872298444685}
{"op_code":7,"worker_id":"71ea8ce3-a1c7-4d39-af7e-9afa43864dd4-131084148606464","trial_id":198,"step":2,"intermediate_value":0.3902381444357117}
{"op_code":6,"worker_id":"71ea8ce3-a1c7-4d39-af7e-9afa43864dd4-131084148606464","trial_id":198,"state":2,"values":[0.3902381444357117],"datetime_complete":"2026-08-20T12:25:12.359240"}
{"op_code":4,"worker_id":"71ea8ce3-a1c7-4d39-af7e-9afa43864dd4-131084148606464","study_id":2,"datetime_start":"2026-08-20T12:25:12.363890"}
{"op_code":5,"worker_id":"71ea8ce3-a1c7-4d39-af7e-9afa43864dd4-131084148606464","trial_id":212,"param_name":"lr","param_value_internal":4.665189295237067e-05,"distribution":"{\"name\": \"FloatDistribution\", \"attributes\": {\"step\": null, \"low\": 1e-06, \"high\": 0.0005, \"log\": true}}"}
{"op_code":5,"worker_id":"71ea8ce3-a1c7-4d39-af7e-9afa43864dd4-131084148606464","trial_id":212,"param_name":"lora_r","param_value_internal":0,"distribution":"{\"name\": \"CategoricalDistribution\", \"attributes\": {\"choices\": [4, 8, 16]}}"}
{"op_code":7,"worker_id":"84e46fc3-4a00-4a78-9271-c7a978680e97-139490310211072","trial_id":209,"step":1,"intermediate_value":0.3842708361890852}
{"op_code":6,"worker_id":"84e46fc3-4a00-4a78-9271-c7a978680e97-139490310211072","trial_id":209,"state":2,"values":[0.3842708361890852],"datetime_complete":"2026-08-20T12:25:25.243245"}
{"op_code":4,"worker_id":"84e46fc3-4a00-4a78-9271-c7a978680e97-139490310211072","study_id":2,"datetime_start":"2026-08-20T12:25:25.247971"}
{"op_code":5,"worker_id":"84e46fc3-4a00-4a78-9271-c7a978680e97-139490310211072","trial_id":213,"param_name":"lr","param_value_internal":2.1038354389412517e-05,"distribution":"{\"name\": \"FloatDistribution\", \"attributes\": {\"step\": null, \"low\": 1e-06, \"high\": 0.0005, \"log\": true}}"}
{"op_code":5,"worker_id":"84e46fc3-4a00-4a78-9271-c7a978680e97-139490310211072","trial_id":213,"param_name":"lora_r","param_value_internal":0,"distribution":"{\"name\": \"CategoricalDistribution\", \"attributes\": {\"choices\": [4, 8, 16]}}"}
{"op_code":7,"worker_id":"0653ba87-4ce5-4b65-8c84-89fb1e3a4318-123546347959808","trial_id":207,"step":1,"intermediate_value":0.37407205301579904}
{"op_code":7,"worker_id":"e661c1a4-72f3-47be-9b99-25e674ccf929-131360350717440","trial_id":192,"step":2,"intermediate_value":0.3819571757442672}
{"op_code":6,"worker_id":"e661c1a4-72f3-47be-9b99-25e674ccf929-131360350717440","trial_id":192,"state":1,"values":[0.3819571757442672],"datetime_complete":"2026-08-20T12:25:44.145895"}
{"op_code":4,"worker_id":"e661c1a4-72f3-47be-9b99-25e674ccf929-131360350717440","study_id":2,"datetime_start":"2026-08-20T12:25:44.150688"}
{"op_code":5,"worker_id":"e661c1a4-72f3-47be-9b99-25e674ccf929-131360350717440","trial_id":214,"param_name":"lr","param_value_internal":2.1916347919967425e-05,"distribution":"{\"name\": \"FloatDistribution\", \"attributes\": {\"step\": null, \"low\": 1e-06, \"high\": 0.0005, \"log\": true}}"}
{"op_code":5,"worker_id":"e661c1a4-72f3-47be-9b99-25e674ccf929-131360350717440","trial_id":214,"param_name":"lora_r","param_value_internal":0,"distribution":"{\"name\": \"CategoricalDistribution\", \"attributes\": {\"choices\": [4, 8, 16]}}"}
{"op_code":7,"worker_id":"52e03ff8-7bce-4566-8fb3-b2fbe45ad261-138677750175232","trial_id":200,"step":2,"intermediate_value":0.39445840963882434}
{"op_code":6,"worker_id":"52e03ff8-7bce-4566-8fb3-b2fbe45ad261-138677750175232","trial_id":200,"state":2,"values":[0.39445840963882434],"datetime_complete":"2026-08-20T12:25:53.828093"}
{"op_code":4,"worker_id":"52e03ff8-7bce-4566-8fb3-b2fbe45ad261-138677750175232","study_id":2,"datetime_start":"2026-08-20T12:25:53.832943"}
{"op_code":5,"worker_id":"52e03ff8-7bce-4566-8fb3-b2fbe45ad261-138677750175232","trial_id":215,"param_name":"lr","param_value_internal":3.014296564544717e-05,"distribution":"{\"name\": \"FloatDistribution\", \"attributes\": {\"step\": null, \"low\": 1e-06, \"high\": 0.0005, \"log\": true}}"}
{"op_code":5,"worker_id":"52e03ff8-7bce-4566-8fb3-b2fbe45ad261-138677750175232","trial_id":215,"param_name":"lora_r","param_value_internal":0,"distribution":"{\"name\": \"CategoricalDistribution\", \"attributes\": {\"choices\": [4, 8, 16]}}"}
{"op_code":7,"worker_id":"a31c3835-95df-47ec-9a33-29bb7a20697b-125279754302976","trial_id":210,"step":1,"intermediate_value":0.37548331846820177}
{"op_code":6,"worker_id":"a31c3835-95df-47ec-9a33-29bb7a20697b-125279754302976","trial_id":210,"state":2,"values":[0.37548331846820177],"datetime_complete":"2026-08-20T12:25:54.783268"}
{"op_code":4,"worker_id":"a31c3835-95df-47ec-9a33-29bb7a20697b-125279754302976","study_id":2,"datetime_start":"2026-08-20T12:25:54.787875"}
{"op_code":5,"worker_id":"a31c3835-95df-47ec-9a33-29bb7a20697b-125279754302976","trial_id":216,"param_name":"lr","param_value_internal":2.1389061779678203e-05,"distribution":"{\"name\": \"FloatDistribution\", \"attributes\": {\"step\": null, \"low\": 1e-06, \"high\": 0.0005, \"log\": true}}"}
{"op_code":5,"worker_id":"a31c3835-95df-47ec-9a33-29bb7a20697b-125279754302976","trial_id":216,"param_name":"lora_r","param_value_internal":0,"distribution":"{\"name\": \"CategoricalDistribution\", \"attributes\": {\"choices\": [4, 8, 16]}}"}
{"op_code":7,"worker_id":"3a0ffc04-c63e-4c78-90d0-44d00474be7e-128738984973824","trial_id":208,"step":1,"intermediate_value":0.38871454501548813}
{"op_code":6,"worker_id":"3a0ffc04-c63e-4c78-90d0-44d00474be7e-128738984973824","trial_id":208,"state":2,"values":[0.38871454501548813],"datetime_complete":"2026-08-20T12:26:00.341305"}
{"op_code":4,"worker_id":"3a0ffc04-c63e-4c78-90d0-44d00474be7e-128738984973824","study_id":2,"datetime_start":"2026-08-20T12:26:00.346163"}
{"op_code":5,"worker_id":"3a0ffc04-c63e-4c78-90d0-44d00474be7e-128738984973824","trial_id":217,"param_name":"lr","param_value_internal":3.171484947172036e-05,"distribution":"{\"name\": \"FloatDistribution\", \"attributes\": {\"step\": null, \"low\": 1e-06, \"high\": 0.0005, \"log\": true}}"}
{"op_code":5,"worker_id":"3a0ffc04-c63e-4c78-90d0-44d00474be7e-128738984973824","trial_id":217,"param_name":"lora_r","param_value_internal":0,"distribution":"{\"name\": \"CategoricalDistribution\", \"attributes\": {\"choices\": [4, 8, 16]}}"}
{"op_code":7,"worker_id":"c8e9e27a-ea25-4161-9a5c-8471619050fd-136459564840448","trial_id":206,"step":2,"intermediate_value":0.3848293239039744}
{"op_code":6,"worker_id":"c8e9e27a-ea25-4161-9a5c-8471619050fd-136459564840448","trial_id":206,"state":1,"values":[0.3848293239039744],"datetime_complete":"2026-08-20T12:26:12.383846"}
{"op_code":4,"worker_id":"c8e9e27a-ea25-4161-9a5c-8471619050fd-136459564840448","study_id":2,"datetime_start":"2026-08-20T12:26:12.388572"}
{"op_code":5,"worker_id":"c8e9e27a-ea25-4161-9a5c-8471619050fd-136459564840448","trial_id":218,"param_name":"lr","param_value_internal":3.5656113698177886e-05,"distribution":"{\"name\": \"FloatDistribution\", \"attributes\": {\"step\": null, \"low\": 1e-06, \"high\": 0.0005, \"log\": true}}"}
{"op_code":5,"worker_id":"c8e9e27a-ea25-4161-9a5c-8471619050fd-136459564840448","trial_id":218,"param_name":"lora_r","param_value_internal":0,"distribution":"{\"name\": \"CategoricalDistribution\", \"attributes\": {\"choices\": [4, 8, 16]}}"}
{"op_code":7,"worker_id":"3d874b25-701e-47e1-9124-d75acd3f00ad-135844906882560","trial_id":211,"step":1,"intermediate_value":0.387941057253555}
{"op_code":6,"worker_id":"3d874b25-701e-47e1-9124-d75acd3f00ad-135844906882560","trial_id":211,"state":2,"values":[0.387941057253555],"datetime_complete":"2026-08-20T12:26:23.503790"}
{"op_code":4,"worker_id":"3d874b25-701e-47e1-9124-d75acd3f00ad-135844906882560","study_id":2,"datetime_start":"2026-08-20T12:26:23.508568"}
{"op_code":5,"worker_id":"3d874b25-701e-47e1-9124-d75acd3f00ad-135844906882560","trial_id":219,"param_name":"lr","param_value_internal":3.0269254458648547e-05,"distribution":"{\"name\": \"FloatDistribution\", \"attributes\": {\"step\": null, \"low\": 1e-06, \"high\": 0.0005, \"log\": true}}"}
{"op_code":5,"worker_id":"3d874b25-701e-47e1-9124-d75acd3f00ad-135844906882560","trial_id":219,"param_name":"lora_r","param_value_internal":0,"distribution":"{\"name\": \"CategoricalDistribution\", \"attributes\": {\"choices\": [4, 8, 16]}}"}
{"op_code":7,"worker_id":"d92a9921-1eda-450f-ba82-16b3670d899e-132801170044416","trial_id":205,"step":1,"intermediate_value":0.3804654164966396}
{"op_code":6,"worker_id":"d92a9921-1eda-450f-ba82-16b3670d899e-132801170044416","trial_id":205,"state":2,"values":[0.3804654164966396],"datetime_complete":"2026-08-20T12:26:32.954258"}
{"op_code":7,"worker_id":"71ea8ce3-a1c7-4d39-af7e-9afa43864dd4-131084148606464","trial_id":212,"step":1,"intermediate_value":0.37017934623718746}
{"op_code":0,"worker_id":"b8d156c1-735b-428d-ac0d-037325bef111-135798595225088","study_name":"stageD-lora","directions":[1]}
{"op_code":4,"worker_id":"b8d156c1-735b-428d-ac0d-037325bef111-135798595225088","study_id":2,"datetime_start":"2026-08-20T12:26:37.352944"}
{"op_code":5,"worker_id":"b8d156c1-735b-428d-ac0d-037325bef111-135798595225088","trial_id":220,"param_name":"lr","param_value_internal":2.9687632877408712e-05,"distribution":"{\"name\": \"FloatDistribution\", \"attributes\": {\"step\": null, \"low\": 1e-06, \"high\": 0.0005, \"log\": true}}"}
{"op_code":5,"worker_id":"b8d156c1-735b-428d-ac0d-037325bef111-135798595225088","trial_id":220,"param_name":"lora_r","param_value_internal":0,"distribution":"{\"name\": \"CategoricalDistribution\", \"attributes\": {\"choices\": [4, 8, 16]}}"}
{"op_code":7,"worker_id":"84e46fc3-4a00-4a78-9271-c7a978680e97-139490310211072","trial_id":213,"step":1,"intermediate_value":0.3707067633031398}
{"op_code":7,"worker_id":"e661c1a4-72f3-47be-9b99-25e674ccf929-131360350717440","trial_id":214,"step":1,"intermediate_value":0.37070680695906816}
{"op_code":7,"worker_id":"5f4bcf21-e8cd-4fd8-bbd2-6399b1d03d00-125803860071936","trial_id":201,"step":2,"intermediate_value":0.38244448973110684}
{"op_code":6,"worker_id":"5f4bcf21-e8cd-4fd8-bbd2-6399b1d03d00-125803860071936","trial_id":201,"state":1,"values":[0.38244448973110684],"datetime_complete":"2026-08-20T12:27:12.807294"}
{"op_code":4,"worker_id":"5f4bcf21-e8cd-4fd8-bbd2-6399b1d03d00-125803860071936","study_id":2,"datetime_start":"2026-08-20T12:27:12.812035"}
{"op_code":5,"worker_id":"5f4bcf21-e8cd-4fd8-bbd2-6399b1d03d00-125803860071936","trial_id":221,"param_name":"lr","param_value_internal":4.706976717115412e-05,"distribution":"{\"name\": \"FloatDistribution\", \"attributes\": {\"step\": null, \"low\": 1e-06, \"high\": 0.0005, \"log\": true}}"}
{"op_code":5,"worker_id":"5f4bcf21-e8cd-4fd8-bbd2-6399b1d03d00-125803860071936","trial_id":221,"param_name":"lora_r","param_value_internal":0,"distribution":"{\"name\": \"CategoricalDistribution\", \"attributes\": {\"choices\": [4, 8, 16]}}"}
{"op_code":7,"worker_id":"52e03ff8-7bce-4566-8fb3-b2fbe45ad261-138677750175232","trial_id":215,"step":1,"intermediate_value":0.37064215702290193}
{"op_code":7,"worker_id":"a31c3835-95df-47ec-9a33-29bb7a20697b-125279754302976","trial_id":216,"step":1,"intermediate_value":0.3707068137381541}
{"op_code":7,"worker_id":"3a0ffc04-c63e-4c78-90d0-44d00474be7e-128738984973824","trial_id":217,"step":1,"intermediate_value":0.37061071958725983}
{"op_code":7,"worker_id":"c8e9e27a-ea25-4161-9a5c-8471619050fd-136459564840448","trial_id":218,"step":1,"intermediate_value":0.3705115651781314}
{"op_code":7,"worker_id":"0847f53e-5748-486f-96db-cacde9b68726-138346823095808","trial_id":203,"step":2,"intermediate_value":0.3773138428140995}
{"op_code":6,"worker_id":"0847f53e-5748-486f-96db-cacde9b68726-138346823095808","trial_id":203,"state":1,"values":[0.3773138428140995],"datetime_complete":"2026-08-20T12:27:41.184542"}
{"op_code":4,"worker_id":"0847f53e-5748-486f-96db-cacde9b68726-138346823095808","study_id":2,"datetime_start":"2026-08-20T12:27:41.189491"}
{"op_code":5,"worker_id":"0847f53e-5748-486f-96db-cacde9b68726-138346823095808","trial_id":222,"param_name":"lr","param_value_internal":4.189720627756782e-06,"distribution":"{\"name\": \"FloatDistribution\", \"attributes\": {\"step\": null, \"low\": 1e-06, \"high\": 0.0005, \"log\": true}}"}
{"op_code":5,"worker_id":"0847f53e-5748-486f-96db-cacde9b68726-138346823095808","trial_id":222,"param_name":"lora_r","param_value_internal":0,"distribution":"{\"name\": \"CategoricalDistribution\", \"attributes\": {\"choices\": [4, 8, 16]}}"}
{"op_code":7,"worker_id":"3d874b25-701e-47e1-9124-d75acd3f00ad-135844906882560","trial_id":219,"step":1,"intermediate_value":0.37063990219210197}
{"op_code":7,"worker_id":"84e46fc3-4a00-4a78-9271-c7a978680e97-139490310211072","trial_id":213,"step":2,"intermediate_value":0.38453177906498215}
{"op_code":6,"worker_id":"84e46fc3-4a00-4a78-9271-c7a978680e97-139490310211072","trial_id":213,"state":1,"values":[0.38453177906498215],"datetime_complete":"2026-08-20T12:28:11.538739"}
{"op_code":4,"worker_id":"84e46fc3-4a00-4a78-9271-c7a978680e97-139490310211072","study_id":2,"datetime_start":"2026-08-20T12:28:11.543391"}
{"op_code":5,"worker_id":"84e46fc3-4a00-4a78-9271-c7a978680e97-139490310211072","trial_id":223,"param_name":"lr","param_value_internal":3.843791692822895e-06,"distribution":"{\"name\": \"FloatDistribution\", \"attributes\": {\"step\": null, \"low\": 1e-06, \"high\": 0.0005, \"log\": true}}"}
{"op_code":5,"worker_id":"84e46fc3-4a00-4a78-9271-c7a978680e97-139490310211072","trial_id":223,"param_name":"lora_r","param_value_internal":0,"distribution":"{\"name\": \"CategoricalDistribution\", \"attributes\": {\"choices\": [4, 8, 16]}}"}
{"op_code":7,"worker_id":"b8d156c1-735b-428d-ac0d-037325bef111-135798595225088","trial_id":220,"step":1,"intermediate_value":0.3706502844763141}
{"op_code":7,"worker_id":"e661c1a4-72f3-47be-9b99-25e674ccf929-131360350717440","trial_id":214,"step":2,"intermediate_value":0.3845639105220332}
{"op_code":6,"worker_id":"e661c1a4-72f3-47be-9b99-25e674ccf929-131360350717440","trial_id":214,"state":1,"values":[0.3845639105220332],"datetime_complete":"2026-08-20T12:28:31.145760"}
{"op_code":4,"worker_id":"e661c1a4-72f3-47be-9b99-25e674ccf929-131360350717440","study_id":2,"datetime_start":"2026-08-20T12:28:31.150555"}
{"op_code":5,"worker_id":"e661c1a4-72f3-47be-9b99-25e674ccf929-131360350717440","trial_id":224,"param_name":"lr","param_value_internal":5.278286404139865e-05,"distribution":"{\"name\": \"FloatDistribution\", \"attributes\": {\"step\": null, \"low\": 1e-06, \"high\": 0.0005, \"log\": true}}"}
{"op_code":5,"worker_id":"e661c1a4-72f3-47be-9b99-25e674ccf929-131360350717440","trial_id":224,"param_name":"lora_r","param_value_internal":0,"distribution":"{\"name\": \"CategoricalDistribution\", \"attributes\": {\"choices\": [4, 8, 16]}}"}
{"op_code":7,"worker_id":"5f4bcf21-e8cd-4fd8-bbd2-6399b1d03d00-125803860071936","trial_id":221,"step":1,"intermediate_value":0.3701673760129314}
{"op_code":7,"worker_id":"52e03ff8-7bce-4566-8fb3-b2fbe45ad261-138677750175232","trial_id":215,"step":2,"intermediate_value":0.38489156410420416}
{"op_code":6,"worker_id":"52e03ff8-7bce-4566-8fb3-b2fbe45ad261-138677750175232","trial_id":215,"state":1,"values":[0.38489156410420416],"datetime_complete":"2026-08-20T12:28:40.274855"}
{"op_code":4,"worker_id":"52e03ff8-7bce-4566-8fb3-b2fbe45ad261-138677750175232","study_id":2,"datetime_start":"2026-08-20T12:28:40.279814"}
{"op_code":5,"worker_id":"52e03ff8-7bce-4566-8fb3-b2fbe45ad261-138677750175232","trial_id":225,"param_name":"lr","param_value_internal":5.800920225980861e-05,"distribution":"{\"name\": \"FloatDistribution\", \"attributes\": {\"step\": null, \"low\": 1e-06, \"high\": 0.0005, \"log\": true}}"}
{"op_code":5,"worker_id":"52e03ff8-7bce-4566-8fb3-b2fbe45ad261-138677750175232","trial_id":225,"param_name":"lora_r","param_value_internal":0,"distribution":"{\"name\": \"CategoricalDistribution\", \"attributes\": {\"choices\": [4, 8, 16]}}"}
{"op_code":7,"worker_id":"a31c3835-95df-47ec-9a33-29bb7a20697b-125279754302976","trial_id":216,"step":2,"intermediate_value":0.38454443618035444}
{"op_code":6,"worker_id":"a31c3835-95df-47ec-9a33-29bb7a20697b-125279754302976","trial_id":216,"state":1,"values":[0.38454443618035444],"datetime_complete":"2026-08-20T12:28:42.056576"}
{"op_code":4,"worker_id":"a31c3835-95df-47ec-9a33-29bb7a20697b-125279754302976","study_id":2,"datetime_start":"2026-08-20T12:28:42.061563"}
{"op_code":5,"worker_id":"a31c3835-95df-47ec-9a33-29bb7a20697b-125279754302976","trial_id":226,"param_name":"lr","param_value_internal":5.818186280896712e-05,"distribution":"{\"name\": \"FloatDistribution\", \"attributes\": {\"step\": null, \"low\": 1e-06, \"high\": 0.0005, \"log\": true}}"}
{"op_code":5,"worker_id":"a31c3835-95df-47ec-9a33-29bb7a20697b-125279754302976","trial_id":226,"param_name":"lora_r","param_value_internal":2,"distribution":"{\"name\": \"CategoricalDistribution\", \"attributes\": {\"choices\": [4, 8, 16]}}"}
{"op_code":7,"worker_id":"71ea8ce3-a1c7-4d39-af7e-9afa43864dd4-131084148606464","trial_id":212,"step":2,"intermediate_value":0.38469358415483235}
{"op_code":6,"worker_id":"71ea8ce3-a1c7-4d39-af7e-9afa43864dd4-131084148606464","trial_id":212,"state":1,"values":[0.38469358415483235],"datetime_complete":"2026-08-20T12:28:43.887981"}
{"op_code":4,"worker_id":"71ea8ce3-a1c7-4d39-af7e-9afa43864dd4-131084148606464","study_id":2,"datetime_start":"2026-08-20T12:28:43.892849"}
{"op_code":5,"worker_id":"71ea8ce3-a1c7-4d39-af7e-9afa43864dd4-131084148606464","trial_id":227,"param_name":"lr","param_value_internal":7.974822703463538e-05,"distribution":"{\"name\": \"FloatDistribution\", \"attributes\": {\"step\": null, \"low\": 1e-06, \"high\": 0.0005, \"log\": true}}"}
{"op_code":5,"worker_id":"71ea8ce3-a1c7-4d39-af7e-9afa43864dd4-131084148606464","trial_id":227,"param_name":"lora_r","param_value_internal":2,"distribution":"{\"name\": \"CategoricalDistribution\", \"attributes\": {\"choices\": [4, 8, 16]}}"}
{"op_code":7,"worker_id":"c8e9e27a-ea25-4161-9a5c-8471619050fd-136459564840448","trial_id":218,"step":2,"intermediate_value":0.3850968324005418}
{"op_code":6,"worker_id":"c8e9e27a-ea25-4161-9a5c-8471619050fd-136459564840448","trial_id":218,"state":1,"values":[0.3850968324005418],"datetime_complete":"2026-08-20T12:28:58.351988"}
{"op_code":0,"worker_id":"759f1f59-25b9-4f5b-a359-da184bd42716-124611138672128","study_name":"stageD-ia3","directions":[1]}
{"op_code":4,"worker_id":"759f1f59-25b9-4f5b-a359-da184bd42716-124611138672128","study_id":3,"datetime_start":"2026-08-20T12:29:02.717980"}
{"op_code":5,"worker_id":"759f1f59-25b9-4f5b-a359-da184bd42716-124611138672128","trial_id":228,"param_name":"lr","param_value_internal":0.00022934489651418521,"distribution":"{\"name\": \"FloatDistribution\", \"attributes\": {\"step\": null, \"low\": 1e-05, \"high\": 0.005, \"log\": true}}"}
{"op_code":7,"worker_id":"0847f53e-5748-486f-96db-cacde9b68726-138346823095808","trial_id":222,"step":1,"intermediate_value":0.3743633308297936}
{"op_code":6,"worker_id":"0847f53e-5748-486f-96db-cacde9b68726-138346823095808","trial_id":222,"state":2,"values":[0.3743633308297936],"datetime_complete":"2026-08-20T12:29:05.350677"}
{"op_code":4,"worker_id":"0847f53e-5748-486f-96db-cacde9b68726-138346823095808","study_id":2,"datetime_start":"2026-08-20T12:29:05.355959"}
{"op_code":5,"worker_id":"0847f53e-5748-486f-96db-cacde9b68726-138346823095808","trial_id":229,"param_name":"lr","param_value_internal":7.468542164171309e-05,"distribution":"{\"name\": \"FloatDistribution\", \"attributes\": {\"step\": null, \"low\": 1e-06, \"high\": 0.0005, \"log\": true}}"}
{"op_code":5,"worker_id":"0847f53e-5748-486f-96db-cacde9b68726-138346823095808","trial_id":229,"param_name":"lora_r","param_value_internal":2,"distribution":"{\"name\": \"CategoricalDistribution\", \"attributes\": {\"choices\": [4, 8, 16]}}"}
{"op_code":7,"worker_id":"3a0ffc04-c63e-4c78-90d0-44d00474be7e-128738984973824","trial_id":217,"step":2,"intermediate_value":0.3849527462629154}
{"op_code":6,"worker_id":"3a0ffc04-c63e-4c78-90d0-44d00474be7e-128738984973824","trial_id":217,"state":1,"values":[0.3849527462629154],"datetime_complete":"2026-08-20T12:29:05.897417"}
{"op_code":4,"worker_id":"3a0ffc04-c63e-4c78-90d0-44d00474be7e-128738984973824","study_id":2,"datetime_start":"2026-08-20T12:29:05.902259"}
{"op_code":5,"worker_id":"3a0ffc04-c63e-4c78-90d0-44d00474be7e-128738984973824","trial_id":230,"param_name":"lr","param_value_internal":7.947315597440648e-05,"distribution":"{\"name\": \"FloatDistribution\", \"attributes\": {\"step\": null, \"low\": 1e-06, \"high\": 0.0005, \"log\": true}}"}
{"op_code":5,"worker_id":"3a0ffc04-c63e-4c78-90d0-44d00474be7e-128738984973824","trial_id":230,"param_name":"lora_r","param_value_internal":2,"distribution":"{\"name\": \"CategoricalDistribution\", \"attributes\": {\"choices\": [4, 8, 16]}}"}
{"op_code":7,"worker_id":"3d874b25-701e-47e1-9124-d75acd3f00ad-135844906882560","trial_id":219,"step":2,"intermediate_value":0.3848966489615414}
{"op_code":6,"worker_id":"3d874b25-701e-47e1-9124-d75acd3f00ad-135844906882560","trial_id":219,"state":1,"values":[0.3848966489615414],"datetime_complete":"2026-08-20T12:29:08.432929"}
{"op_code":4,"worker_id":"3d874b25-701e-47e1-9124-d75acd3f00ad-135844906882560","study_id":2,"datetime_start":"2026-08-20T12:29:08.437640"}
{"op_code":5,"worker_id":"3d874b25-701e-47e1-9124-d75acd3f00ad-135844906882560","trial_id":231,"param_name":"lr","param_value_internal":7.734945313327759e-05,"distribution":"{\"name\": \"FloatDistribution\", \"attributes\": {\"step\": null, \"low\": 1e-06, \"high\": 0.0005, \"log\": true}}"}
{"op_code":5,"worker_id":"3d874b25-701e-47e1-9124-d75acd3f00ad-135844906882560","trial_id":231,"param_name":"lora_r","param_value_internal":2,"distribution":"{\"name\": \"CategoricalDistribution\", \"attributes\": {\"choices\": [4, 8, 16]}}"}
{"op_code":7,"worker_id":"84e46fc3-4a00-4a78-9271-c7a978680e97-139490310211072","trial_id":223,"step":1,"intermediate_value":0.3746910244606163}
{"op_code":6,"worker_id":"84e46fc3-4a00-4a78-9271-c7a978680e97-139490310211072","trial_id":223,"state":2,"values":[0.3746910244606163],"datetime_complete":"2026-08-20T12:29:34.662376"}
{"op_code":0,"worker_id":"5de12891-0a60-451d-a5bd-48143bacfd05-138620346611200","study_name":"stageD-ia3","directions":[1]}
{"op_code":4,"worker_id":"5de12891-0a60-451d-a5bd-48143bacfd05-138620346611200","study_id":3,"datetime_start":"2026-08-20T12:29:38.940409"}
{"op_code":5,"worker_id":"5de12891-0a60-451d-a5bd-48143bacfd05-138620346611200","trial_id":232,"param_name":"lr","param_value_internal":1.597828177120411e-05,"distribution":"{\"name\": \"FloatDistribution\", \"attributes\": {\"step\": null, \"low\": 1e-05, \"high\": 0.005, \"log\": true}}"}
{"op_code":7,"worker_id":"b8d156c1-735b-428d-ac0d-037325bef111-135798595225088","trial_id":220,"step":2,"intermediate_value":0.3848735558949392}
{"op_code":6,"worker_id":"b8d156c1-735b-428d-ac0d-037325bef111-135798595225088","trial_id":220,"state":1,"values":[0.3848735558949392],"datetime_complete":"2026-08-20T12:29:45.123958"}
{"op_code":4,"worker_id":"b8d156c1-735b-428d-ac0d-037325bef111-135798595225088","study_id":2,"datetime_start":"2026-08-20T12:29:45.128677"}
{"op_code":5,"worker_id":"b8d156c1-735b-428d-ac0d-037325bef111-135798595225088","trial_id":233,"param_name":"lr","param_value_internal":6.699246241144979e-05,"distribution":"{\"name\": \"FloatDistribution\", \"attributes\": {\"step\": null, \"low\": 1e-06, \"high\": 0.0005, \"log\": true}}"}
{"op_code":5,"worker_id":"b8d156c1-735b-428d-ac0d-037325bef111-135798595225088","trial_id":233,"param_name":"lora_r","param_value_internal":2,"distribution":"{\"name\": \"CategoricalDistribution\", \"attributes\": {\"choices\": [4, 8, 16]}}"}
{"op_code":7,"worker_id":"e661c1a4-72f3-47be-9b99-25e674ccf929-131360350717440","trial_id":224,"step":1,"intermediate_value":0.37002351106424725}
{"op_code":7,"worker_id":"52e03ff8-7bce-4566-8fb3-b2fbe45ad261-138677750175232","trial_id":225,"step":1,"intermediate_value":0.3699318833029617}
{"op_code":7,"worker_id":"a31c3835-95df-47ec-9a33-29bb7a20697b-125279754302976","trial_id":226,"step":1,"intermediate_value":0.3719371327566388}
{"op_code":6,"worker_id":"a31c3835-95df-47ec-9a33-29bb7a20697b-125279754302976","trial_id":226,"state":2,"values":[0.3719371327566388],"datetime_complete":"2026-08-20T12:30:06.429104"}
{"op_code":7,"worker_id":"71ea8ce3-a1c7-4d39-af7e-9afa43864dd4-131084148606464","trial_id":227,"step":1,"intermediate_value":0.3740136789483598}
{"op_code":6,"worker_id":"71ea8ce3-a1c7-4d39-af7e-9afa43864dd4-131084148606464","trial_id":227,"state":2,"values":[0.3740136789483598],"datetime_complete":"2026-08-20T12:30:09.374432"}
{"op_code":0,"worker_id":"93bdfaac-c5f9-441d-adc8-e1896a0d0022-139604280112640","study_name":"stageD-ia3","directions":[1]}
{"op_code":4,"worker_id":"93bdfaac-c5f9-441d-adc8-e1896a0d0022-139604280112640","study_id":3,"datetime_start":"2026-08-20T12:30:10.766852"}
{"op_code":5,"worker_id":"93bdfaac-c5f9-441d-adc8-e1896a0d0022-139604280112640","trial_id":234,"param_name":"lr","param_value_internal":0.00012513609475295435,"distribution":"{\"name\": \"FloatDistribution\", \"attributes\": {\"step\": null, \"low\": 1e-05, \"high\": 0.005, \"log\": true}}"}
{"op_code":7,"worker_id":"0653ba87-4ce5-4b65-8c84-89fb1e3a4318-123546347959808","trial_id":207,"step":2,"intermediate_value":0.38343662754215174}
{"op_code":6,"worker_id":"0653ba87-4ce5-4b65-8c84-89fb1e3a4318-123546347959808","trial_id":207,"state":1,"values":[0.38343662754215174],"datetime_complete":"2026-08-20T12:30:12.731878"}
{"op_code":4,"worker_id":"0653ba87-4ce5-4b65-8c84-89fb1e3a4318-123546347959808","study_id":2,"datetime_start":"2026-08-20T12:30:12.736587"}
{"op_code":5,"worker_id":"0653ba87-4ce5-4b65-8c84-89fb1e3a4318-123546347959808","trial_id":235,"param_name":"lr","param_value_internal":8.120247957558373e-06,"distribution":"{\"name\": \"FloatDistribution\", \"attributes\": {\"step\": null, \"low\": 1e-06, \"high\": 0.0005, \"log\": true}}"}
{"op_code":5,"worker_id":"0653ba87-4ce5-4b65-8c84-89fb1e3a4318-123546347959808","trial_id":235,"param_name":"lora_r","param_value_internal":1,"distribution":"{\"name\": \"CategoricalDistribution\", \"attributes\": {\"choices\": [4, 8, 16]}}"}
{"op_code":0,"worker_id":"d94885e8-5b21-40e8-bbcc-bbbccff19840-129042275337728","study_name":"stageD-ia3","directions":[1]}
{"op_code":4,"worker_id":"d94885e8-5b21-40e8-bbcc-bbbccff19840-129042275337728","study_id":3,"datetime_start":"2026-08-20T12:30:13.759499"}
{"op_code":5,"worker_id":"d94885e8-5b21-40e8-bbcc-bbbccff19840-129042275337728","trial_id":236,"param_name":"lr","param_value_internal":0.0003280333924688461,"distribution":"{\"name\": \"FloatDistribution\", \"attributes\": {\"step\": null, \"low\": 1e-05, \"high\": 0.005, \"log\": true}}"}
{"op_code":7,"worker_id":"759f1f59-25b9-4f5b-a359-da184bd42716-124611138672128","trial_id":228,"step":1,"intermediate_value":0.38446033897340803}
{"op_code":7,"worker_id":"0847f53e-5748-486f-96db-cacde9b68726-138346823095808","trial_id":229,"step":1,"intermediate_value":0.37346186848831164}
{"op_code":6,"worker_id":"0847f53e-5748-486f-96db-cacde9b68726-138346823095808","trial_id":229,"state":2,"values":[0.37346186848831164],"datetime_complete":"2026-08-20T12:30:30.211406"}
{"op_code":7,"worker_id":"3d874b25-701e-47e1-9124-d75acd3f00ad-135844906882560","trial_id":231,"step":1,"intermediate_value":0.3737402478685421}
{"op_code":6,"worker_id":"3d874b25-701e-47e1-9124-d75acd3f00ad-135844906882560","trial_id":231,"state":2,"values":[0.3737402478685421],"datetime_complete":"2026-08-20T12:30:31.550193"}
{"op_code":0,"worker_id":"fe87986c-4655-4421-8d6c-f62131e9250c-124088451175936","study_name":"stageD-ia3","directions":[1]}
{"op_code":4,"worker_id":"fe87986c-4655-4421-8d6c-f62131e9250c-124088451175936","study_id":3,"datetime_start":"2026-08-20T12:30:34.607199"}
{"op_code":5,"worker_id":"fe87986c-4655-4421-8d6c-f62131e9250c-124088451175936","trial_id":237,"param_name":"lr","param_value_internal":0.000419943441330132,"distribution":"{\"name\": \"FloatDistribution\", \"attributes\": {\"step\": null, \"low\": 1e-05, \"high\": 0.005, \"log\": true}}"}
{"op_code":0,"worker_id":"1b289a30-68d1-4ed7-87f8-9e072b17847d-135503321105920","study_name":"stageD-ia3","directions":[1]}
{"op_code":4,"worker_id":"1b289a30-68d1-4ed7-87f8-9e072b17847d-135503321105920","study_id":3,"datetime_start":"2026-08-20T12:30:35.861594"}
{"op_code":5,"worker_id":"1b289a30-68d1-4ed7-87f8-9e072b17847d-135503321105920","trial_id":238,"param_name":"lr","param_value_internal":0.004429273264735799,"distribution":"{\"name\": \"FloatDistribution\", \"attributes\": {\"step\": null, \"low\": 1e-05, \"high\": 0.005, \"log\": true}}"}
{"op_code":7,"worker_id":"3a0ffc04-c63e-4c78-90d0-44d00474be7e-128738984973824","trial_id":230,"step":1,"intermediate_value":0.3739812834614635}
{"op_code":6,"worker_id":"3a0ffc04-c63e-4c78-90d0-44d00474be7e-128738984973824","trial_id":230,"state":2,"values":[0.3739812834614635],"datetime_complete":"2026-08-20T12:30:39.424407"}
{"op_code":4,"worker_id":"3a0ffc04-c63e-4c78-90d0-44d00474be7e-128738984973824","study_id":2,"datetime_start":"2026-08-20T12:30:39.429274"}
{"op_code":5,"worker_id":"3a0ffc04-c63e-4c78-90d0-44d00474be7e-128738984973824","trial_id":239,"param_name":"lr","param_value_internal":0.0001323080536322734,"distribution":"{\"name\": \"FloatDistribution\", \"attributes\": {\"step\": null, \"low\": 1e-06, \"high\": 0.0005, \"log\": true}}"}
{"op_code":5,"worker_id":"3a0ffc04-c63e-4c78-90d0-44d00474be7e-128738984973824","trial_id":239,"param_name":"lora_r","param_value_internal":1,"distribution":"{\"name\": \"CategoricalDistribution\", \"attributes\": {\"choices\": [4, 8, 16]}}"}
{"op_code":7,"worker_id":"5f4bcf21-e8cd-4fd8-bbd2-6399b1d03d00-125803860071936","trial_id":221,"step":2,"intermediate_value":0.3846719170463283}
{"op_code":6,"worker_id":"5f4bcf21-e8cd-4fd8-bbd2-6399b1d03d00-125803860071936","trial_id":221,"state":1,"values":[0.3846719170463283],"datetime_complete":"2026-08-20T12:30:40.363411"}
{"op_code":4,"worker_id":"5f4bcf21-e8cd-4fd8-bbd2-6399b1d03d00-125803860071936","study_id":2,"datetime_start":"2026-08-20T12:30:40.368322"}
{"op_code":5,"worker_id":"5f4bcf21-e8cd-4fd8-bbd2-6399b1d03d00-125803860071936","trial_id":240,"param_name":"lr","param_value_internal":0.00013829332384753988,"distribution":"{\"name\": \"FloatDistribution\", \"attributes\": {\"step\": null, \"low\": 1e-06, \"high\": 0.0005, \"log\": true}}"}
{"op_code":5,"worker_id":"5f4bcf21-e8cd-4fd8-bbd2-6399b1d03d00-125803860071936","trial_id":240,"param_name":"lora_r","param_value_internal":1,"distribution":"{\"name\": \"CategoricalDistribution\", \"attributes\": {\"choices\": [4, 8, 16]}}"}
{"op_code":7,"worker_id":"5de12891-0a60-451d-a5bd-48143bacfd05-138620346611200","trial_id":232,"step":1,"intermediate_value":0.36895391598170224}
{"op_code":7,"worker_id":"b8d156c1-735b-428d-ac0d-037325bef111-135798595225088","trial_id":233,"step":1,"intermediate_value":0.37272217898501697}
{"op_code":6,"worker_id":"b8d156c1-735b-428d-ac0d-037325bef111-135798595225088","trial_id":233,"state":2,"values":[0.37272217898501697],"datetime_complete":"2026-08-20T12:31:18.736240"}
{"op_code":4,"worker_id":"b8d156c1-735b-428d-ac0d-037325bef111-135798595225088","study_id":2,"datetime_start":"2026-08-20T12:31:18.740923"}
{"op_code":5,"worker_id":"b8d156c1-735b-428d-ac0d-037325bef111-135798595225088","trial_id":241,"param_name":"lr","param_value_internal":0.00013027282009376955,"distribution":"{\"name\": \"FloatDistribution\", \"attributes\": {\"step\": null, \"low\": 1e-06, \"high\": 0.0005, \"log\": true}}"}
{"op_code":5,"worker_id":"b8d156c1-735b-428d-ac0d-037325bef111-135798595225088","trial_id":241,"param_name":"lora_r","param_value_internal":1,"distribution":"{\"name\": \"CategoricalDistribution\", \"attributes\": {\"choices\": [4, 8, 16]}}"}
{"op_code":7,"worker_id":"93bdfaac-c5f9-441d-adc8-e1896a0d0022-139604280112640","trial_id":234,"step":1,"intermediate_value":0.3829494752950142}
{"op_code":7,"worker_id":"d94885e8-5b21-40e8-bbcc-bbbccff19840-129042275337728","trial_id":236,"step":1,"intermediate_value":0.37964534821012214}
{"op_code":7,"worker_id":"0653ba87-4ce5-4b65-8c84-89fb1e3a4318-123546347959808","trial_id":235,"step":1,"intermediate_value":0.37149534009549173}
{"op_code":6,"worker_id":"0653ba87-4ce5-4b65-8c84-89fb1e3a4318-123546347959808","trial_id":235,"state":2,"values":[0.37149534009549173],"datetime_complete":"2026-08-20T12:31:46.325958"}
{"op_code":4,"worker_id":"0653ba87-4ce5-4b65-8c84-89fb1e3a4318-123546347959808","study_id":2,"datetime_start":"2026-08-20T12:31:46.333530"}
{"op_code":5,"worker_id":"0653ba87-4ce5-4b65-8c84-89fb1e3a4318-123546347959808","trial_id":242,"param_name":"lr","param_value_internal":0.000129214854577488,"distribution":"{\"name\": \"FloatDistribution\", \"attributes\": {\"step\": null, \"low\": 1e-06, \"high\": 0.0005, \"log\": true}}"}
{"op_code":5,"worker_id":"0653ba87-4ce5-4b65-8c84-89fb1e3a4318-123546347959808","trial_id":242,"param_name":"lora_r","param_value_internal":1,"distribution":"{\"name\": \"CategoricalDistribution\", \"attributes\": {\"choices\": [4, 8, 16]}}"}
{"op_code":7,"worker_id":"fe87986c-4655-4421-8d6c-f62131e9250c-124088451175936","trial_id":237,"step":1,"intermediate_value":0.37404856475170245}
{"op_code":7,"worker_id":"e661c1a4-72f3-47be-9b99-25e674ccf929-131360350717440","trial_id":224,"step":2,"intermediate_value":0.3843967264812225}
{"op_code":6,"worker_id":"e661c1a4-72f3-47be-9b99-25e674ccf929-131360350717440","trial_id":224,"state":1,"values":[0.3843967264812225],"datetime_complete":"2026-08-20T12:31:59.587660"}
{"op_code":7,"worker_id":"5f4bcf21-e8cd-4fd8-bbd2-6399b1d03d00-125803860071936","trial_id":240,"step":1,"intermediate_value":0.38935159587697943}
{"op_code":6,"worker_id":"5f4bcf21-e8cd-4fd8-bbd2-6399b1d03d00-125803860071936","trial_id":240,"state":2,"values":[0.38935159587697943],"datetime_complete":"2026-08-20T12:32:03.854557"}
{"op_code":4,"worker_id":"5f4bcf21-e8cd-4fd8-bbd2-6399b1d03d00-125803860071936","study_id":2,"datetime_start":"2026-08-20T12:32:03.859278"}
{"op_code":5,"worker_id":"5f4bcf21-e8cd-4fd8-bbd2-6399b1d03d00-125803860071936","trial_id":243,"param_name":"lr","param_value_internal":1.3630373809908066e-05,"distribution":"{\"name\": \"FloatDistribution\", \"attributes\": {\"step\": null, \"low\": 1e-06, \"high\": 0.0005, \"log\": true}}"}
{"op_code":5,"worker_id":"5f4bcf21-e8cd-4fd8-bbd2-6399b1d03d00-125803860071936","trial_id":243,"param_name":"lora_r","param_value_internal":1,"distribution":"{\"name\": \"CategoricalDistribution\", \"attributes\": {\"choices\": [4, 8, 16]}}"}
{"op_code":0,"worker_id":"93f34c78-3574-48eb-b813-57f576f8a806-134129663702528","study_name":"stageD-ia3","directions":[1]}
{"op_code":4,"worker_id":"93f34c78-3574-48eb-b813-57f576f8a806-134129663702528","study_id":3,"datetime_start":"2026-08-20T12:32:03.978122"}
{"op_code":5,"worker_id":"93f34c78-3574-48eb-b813-57f576f8a806-134129663702528","trial_id":244,"param_name":"lr","param_value_internal":0.0006997396916160831,"distribution":"{\"name\": \"FloatDistribution\", \"attributes\": {\"step\": null, \"low\": 1e-05, \"high\": 0.005, \"log\": true}}"}
{"op_code":7,"worker_id":"52e03ff8-7bce-4566-8fb3-b2fbe45ad261-138677750175232","trial_id":225,"step":2,"intermediate_value":0.38416115769308695}
{"op_code":6,"worker_id":"52e03ff8-7bce-4566-8fb3-b2fbe45ad261-138677750175232","trial_id":225,"state":1,"values":[0.38416115769308695],"datetime_complete":"2026-08-20T12:32:07.900489"}
{"op_code":4,"worker_id":"52e03ff8-7bce-4566-8fb3-b2fbe45ad261-138677750175232","study_id":2,"datetime_start":"2026-08-20T12:32:07.905481"}
{"op_code":5,"worker_id":"52e03ff8-7bce-4566-8fb3-b2fbe45ad261-138677750175232","trial_id":245,"param_name":"lr","param_value_internal":1.451318430566577e-05,"distribution":"{\"name\": \"FloatDistribution\", \"attributes\": {\"step\": null, \"low\": 1e-06, \"high\": 0.0005, \"log\": true}}"}
{"op_code":5,"worker_id":"52e03ff8-7bce-4566-8fb3-b2fbe45ad261-138677750175232","trial_id":245,"param_name":"lora_r","param_value_internal":1,"distribution":"{\"name\": \"CategoricalDistribution\", \"attributes\": {\"choices\": [4, 8, 16]}}"}
{"op_code":7,"worker_id":"5de12891-0a60-451d-a5bd-48143bacfd05-138620346611200","trial_id":232,"step":2,"intermediate_value":0.38428773091686075}
{"op_code":6,"worker_id":"5de12891-0a60-451d-a5bd-48143bacfd05-138620346611200","trial_id":232,"state":1,"values":[0.38428773091686075],"datetime_complete":"2026-08-20T12:32:08.191185"}
{"op_code":4,"worker_id":"5de12891-0a60-451d-a5bd-48143bacfd05-138620346611200","study_id":3,"datetime_start":"2026-08-20T12:32:08.195915"}
{"op_code":5,"worker_id":"5de12891-0a60-451d-a5bd-48143bacfd05-138620346611200","trial_id":246,"param_name":"lr","param_value_internal":0.0021942801934822956,"distribution":"{\"name\": \"FloatDistribution\", \"attributes\": {\"step\": null, \"low\": 1e-05, \"high\": 0.005, \"log\": true}}"}
{"op_code":7,"worker_id":"3a0ffc04-c63e-4c78-90d0-44d00474be7e-128738984973824","trial_id":239,"step":1,"intermediate_value":0.3882292398569884}
{"op_code":6,"worker_id":"3a0ffc04-c63e-4c78-90d0-44d00474be7e-128738984973824","trial_id":239,"state":2,"values":[0.3882292398569884],"datetime_complete":"2026-08-20T12:32:12.638464"}
{"op_code":0,"worker_id":"82a8534d-680a-4e34-b125-8b97812aad21-124351680103936","study_name":"stageD-ia3","directions":[1]}
{"op_code":4,"worker_id":"82a8534d-680a-4e34-b125-8b97812aad21-124351680103936","study_id":3,"datetime_start":"2026-08-20T12:32:17.049537"}
{"op_code":5,"worker_id":"82a8534d-680a-4e34-b125-8b97812aad21-124351680103936","trial_id":247,"param_name":"lr","param_value_internal":0.00026403317642684703,"distribution":"{\"name\": \"FloatDistribution\", \"attributes\": {\"step\": null, \"low\": 1e-05, \"high\": 0.005, \"log\": true}}"}
{"op_code":7,"worker_id":"93bdfaac-c5f9-441d-adc8-e1896a0d0022-139604280112640","trial_id":234,"step":2,"intermediate_value":0.3926806317459449}
{"op_code":6,"worker_id":"93bdfaac-c5f9-441d-adc8-e1896a0d0022-139604280112640","trial_id":234,"state":1,"values":[0.3926806317459449],"datetime_complete":"2026-08-20T12:32:41.243527"}
{"op_code":4,"worker_id":"93bdfaac-c5f9-441d-adc8-e1896a0d0022-139604280112640","study_id":3,"datetime_start":"2026-08-20T12:32:41.247942"}
{"op_code":5,"worker_id":"93bdfaac-c5f9-441d-adc8-e1896a0d0022-139604280112640","trial_id":248,"param_name":"lr","param_value_internal":0.003359922650121144,"distribution":"{\"name\": \"FloatDistribution\", \"attributes\": {\"step\": null, \"low\": 1e-05, \"high\": 0.005, \"log\": true}}"}
{"op_code":7,"worker_id":"b8d156c1-735b-428d-ac0d-037325bef111-135798595225088","trial_id":241,"step":1,"intermediate_value":0.3878302917301498}
{"op_code":6,"worker_id":"b8d156c1-735b-428d-ac0d-037325bef111-135798595225088","trial_id":241,"state":2,"values":[0.3878302917301498],"datetime_complete":"2026-08-20T12:32:52.273617"}
{"op_code":4,"worker_id":"b8d156c1-735b-428d-ac0d-037325bef111-135798595225088","study_id":2,"datetime_start":"2026-08-20T12:32:52.278563"}
{"op_code":5,"worker_id":"b8d156c1-735b-428d-ac0d-037325bef111-135798595225088","trial_id":249,"param_name":"lr","param_value_internal":1.4215856188846031e-05,"distribution":"{\"name\": \"FloatDistribution\", \"attributes\": {\"step\": null, \"low\": 1e-06, \"high\": 0.0005, \"log\": true}}"}
{"op_code":5,"worker_id":"b8d156c1-735b-428d-ac0d-037325bef111-135798595225088","trial_id":249,"param_name":"lora_r","param_value_internal":1,"distribution":"{\"name\": \"CategoricalDistribution\", \"attributes\": {\"choices\": [4, 8, 16]}}"}
{"op_code":7,"worker_id":"1b289a30-68d1-4ed7-87f8-9e072b17847d-135503321105920","trial_id":238,"step":1,"intermediate_value":0.4043418232918011}
{"op_code":7,"worker_id":"fe87986c-4655-4421-8d6c-f62131e9250c-124088451175936","trial_id":237,"step":2,"intermediate_value":0.38967255053801714}
{"op_code":6,"worker_id":"fe87986c-4655-4421-8d6c-f62131e9250c-124088451175936","trial_id":237,"state":1,"values":[0.38967255053801714],"datetime_complete":"2026-08-20T12:33:05.963812"}
{"op_code":4,"worker_id":"fe87986c-4655-4421-8d6c-f62131e9250c-124088451175936","study_id":3,"datetime_start":"2026-08-20T12:33:05.968939"}
{"op_code":5,"worker_id":"fe87986c-4655-4421-8d6c-f62131e9250c-124088451175936","trial_id":250,"param_name":"lr","param_value_internal":0.00011472902004579757,"distribution":"{\"name\": \"FloatDistribution\", \"attributes\": {\"step\": null, \"low\": 1e-05, \"high\": 0.005, \"log\": true}}"}
{"op_code":7,"worker_id":"93f34c78-3574-48eb-b813-57f576f8a806-134129663702528","trial_id":244,"step":1,"intermediate_value":0.36463394437405217}
{"op_code":7,"worker_id":"0653ba87-4ce5-4b65-8c84-89fb1e3a4318-123546347959808","trial_id":242,"step":1,"intermediate_value":0.3876328718487446}
{"op_code":6,"worker_id":"0653ba87-4ce5-4b65-8c84-89fb1e3a4318-123546347959808","trial_id":242,"state":2,"values":[0.3876328718487446],"datetime_complete":"2026-08-20T12:33:20.163786"}
{"op_code":7,"worker_id":"5de12891-0a60-451d-a5bd-48143bacfd05-138620346611200","trial_id":246,"step":1,"intermediate_value":0.37130475981406735}
{"op_code":0,"worker_id":"fd0c97a7-9118-49aa-884e-01915f562d82-139763780097536","study_name":"stageD-ia3","directions":[1]}
{"op_code":4,"worker_id":"fd0c97a7-9118-49aa-884e-01915f562d82-139763780097536","study_id":3,"datetime_start":"2026-08-20T12:33:24.518064"}
{"op_code":5,"worker_id":"fd0c97a7-9118-49aa-884e-01915f562d82-139763780097536","trial_id":251,"param_name":"lr","param_value_internal":0.0047349025095907455,"distribution":"{\"name\": \"FloatDistribution\", \"attributes\": {\"step\": null, \"low\": 1e-05, \"high\": 0.005, \"log\": true}}"}
{"op_code":7,"worker_id":"5f4bcf21-e8cd-4fd8-bbd2-6399b1d03d00-125803860071936","trial_id":243,"step":1,"intermediate_value":0.3705962635134866}
{"op_code":7,"worker_id":"52e03ff8-7bce-4566-8fb3-b2fbe45ad261-138677750175232","trial_id":245,"step":1,"intermediate_value":0.37058508418527286}
{"op_code":7,"worker_id":"82a8534d-680a-4e34-b125-8b97812aad21-124351680103936","trial_id":247,"step":1,"intermediate_value":0.3832005138162793}
{"op_code":7,"worker_id":"759f1f59-25b9-4f5b-a359-da184bd42716-124611138672128","trial_id":228,"step":2,"intermediate_value":0.38557817448468834}
{"op_code":6,"worker_id":"759f1f59-25b9-4f5b-a359-da184bd42716-124611138672128","trial_id":228,"state":1,"values":[0.38557817448468834],"datetime_complete":"2026-08-20T12:33:57.457740"}
{"op_code":4,"worker_id":"759f1f59-25b9-4f5b-a359-da184bd42716-124611138672128","study_id":3,"datetime_start":"2026-08-20T12:33:57.462710"}
{"op_code":5,"worker_id":"759f1f59-25b9-4f5b-a359-da184bd42716-124611138672128","trial_id":252,"param_name":"lr","param_value_internal":0.0011948423904710754,"distribution":"{\"name\": \"FloatDistribution\", \"attributes\": {\"step\": null, \"low\": 1e-05, \"high\": 0.005, \"log\": true}}"}
{"op_code":7,"worker_id":"1b289a30-68d1-4ed7-87f8-9e072b17847d-135503321105920","trial_id":238,"step":2,"intermediate_value":0.4084347255704488}
{"op_code":6,"worker_id":"1b289a30-68d1-4ed7-87f8-9e072b17847d-135503321105920","trial_id":238,"state":1,"values":[0.4084347255704488],"datetime_complete":"2026-08-20T12:34:16.035595"}
{"op_code":4,"worker_id":"1b289a30-68d1-4ed7-87f8-9e072b17847d-135503321105920","study_id":3,"datetime_start":"2026-08-20T12:34:16.040484"}
{"op_code":5,"worker_id":"1b289a30-68d1-4ed7-87f8-9e072b17847d-135503321105920","trial_id":253,"param_name":"lr","param_value_internal":0.000572311919929614,"distribution":"{\"name\": \"FloatDistribution\", \"attributes\": {\"step\": null, \"low\": 1e-05, \"high\": 0.005, \"log\": true}}"}
{"op_code":7,"worker_id":"fe87986c-4655-4421-8d6c-f62131e9250c-124088451175936","trial_id":250,"step":1,"intermediate_value":0.38153582138669695}
{"op_code":7,"worker_id":"b8d156c1-735b-428d-ac0d-037325bef111-135798595225088","trial_id":249,"step":1,"intermediate_value":0.3705860238554638}
{"op_code":7,"worker_id":"93bdfaac-c5f9-441d-adc8-e1896a0d0022-139604280112640","trial_id":248,"step":1,"intermediate_value":0.4211870664029563}
{"op_code":7,"worker_id":"fd0c97a7-9118-49aa-884e-01915f562d82-139763780097536","trial_id":251,"step":1,"intermediate_value":0.41131394111810515}
{"op_code":7,"worker_id":"5f4bcf21-e8cd-4fd8-bbd2-6399b1d03d00-125803860071936","trial_id":243,"step":2,"intermediate_value":0.38530217267821254}
{"op_code":6,"worker_id":"5f4bcf21-e8cd-4fd8-bbd2-6399b1d03d00-125803860071936","trial_id":243,"state":1,"values":[0.38530217267821254],"datetime_complete":"2026-08-20T12:34:50.893066"}
{"op_code":7,"worker_id":"93f34c78-3574-48eb-b813-57f576f8a806-134129663702528","trial_id":244,"step":2,"intermediate_value":0.38734994197385336}
{"op_code":6,"worker_id":"93f34c78-3574-48eb-b813-57f576f8a806-134129663702528","trial_id":244,"state":1,"values":[0.38734994197385336],"datetime_complete":"2026-08-20T12:34:52.601164"}
{"op_code":4,"worker_id":"93f34c78-3574-48eb-b813-57f576f8a806-134129663702528","study_id":3,"datetime_start":"2026-08-20T12:34:52.605483"}
{"op_code":5,"worker_id":"93f34c78-3574-48eb-b813-57f576f8a806-134129663702528","trial_id":254,"param_name":"lr","param_value_internal":0.00016659018988220972,"distribution":"{\"name\": \"FloatDistribution\", \"attributes\": {\"step\": null, \"low\": 1e-05, \"high\": 0.005, \"log\": true}}"}
{"op_code":7,"worker_id":"52e03ff8-7bce-4566-8fb3-b2fbe45ad261-138677750175232","trial_id":245,"step":2,"intermediate_value":0.38544679215799443}
{"op_code":6,"worker_id":"52e03ff8-7bce-4566-8fb3-b2fbe45ad261-138677750175232","trial_id":245,"state":1,"values":[0.38544679215799443],"datetime_complete":"2026-08-20T12:34:55.121511"}
{"op_code":0,"worker_id":"a7d506b3-2853-4edf-bbdd-78c053660c67-127111637091840","study_name":"stageD-ia3","directions":[1]}
{"op_code":4,"worker_id":"a7d506b3-2853-4edf-bbdd-78c053660c67-127111637091840","study_id":3,"datetime_start":"2026-08-20T12:34:55.261444"}
{"op_code":5,"worker_id":"a7d506b3-2853-4edf-bbdd-78c053660c67-127111637091840","trial_id":255,"param_name":"lr","param_value_internal":5.153135602043914e-05,"distribution":"{\"name\": \"FloatDistribution\", \"attributes\": {\"step\": null, \"low\": 1e-05, \"high\": 0.005, \"log\": true}}"}
{"op_code":0,"worker_id":"b5ca1a1d-3742-45b4-8bca-c16f3478413c-123895411529216","study_name":"stageD-ia3","directions":[1]}
{"op_code":4,"worker_id":"b5ca1a1d-3742-45b4-8bca-c16f3478413c-123895411529216","study_id":3,"datetime_start":"2026-08-20T12:34:59.518351"}
{"op_code":5,"worker_id":"b5ca1a1d-3742-45b4-8bca-c16f3478413c-123895411529216","trial_id":256,"param_name":"lr","param_value_internal":6.730735732221832e-05,"distribution":"{\"name\": \"FloatDistribution\", \"attributes\": {\"step\": null, \"low\": 1e-05, \"high\": 0.005, \"log\": true}}"}
{"op_code":7,"worker_id":"759f1f59-25b9-4f5b-a359-da184bd42716-124611138672128","trial_id":252,"step":1,"intermediate_value":0.3630084878807949}
{"op_code":7,"worker_id":"5de12891-0a60-451d-a5bd-48143bacfd05-138620346611200","trial_id":246,"step":2,"intermediate_value":0.38952980659968117}
{"op_code":6,"worker_id":"5de12891-0a60-451d-a5bd-48143bacfd05-138620346611200","trial_id":246,"state":1,"values":[0.38952980659968117],"datetime_complete":"2026-08-20T12:35:12.436609"}
{"op_code":4,"worker_id":"5de12891-0a60-451d-a5bd-48143bacfd05-138620346611200","study_id":3,"datetime_start":"2026-08-20T12:35:12.441214"}
{"op_code":5,"worker_id":"5de12891-0a60-451d-a5bd-48143bacfd05-138620346611200","trial_id":257,"param_name":"lr","param_value_internal":0.0006334774195479382,"distribution":"{\"name\": \"FloatDistribution\", \"attributes\": {\"step\": null, \"low\": 1e-05, \"high\": 0.005, \"log\": true}}"}
{"op_code":7,"worker_id":"d94885e8-5b21-40e8-bbcc-bbbccff19840-129042275337728","trial_id":236,"step":2,"intermediate_value":0.3834769914538586}
{"op_code":6,"worker_id":"d94885e8-5b21-40e8-bbcc-bbbccff19840-129042275337728","trial_id":236,"state":1,"values":[0.3834769914538586],"datetime_complete":"2026-08-20T12:35:15.936297"}
{"op_code":4,"worker_id":"d94885e8-5b21-40e8-bbcc-bbbccff19840-129042275337728","study_id":3,"datetime_start":"2026-08-20T12:35:15.941024"}
{"op_code":5,"worker_id":"d94885e8-5b21-40e8-bbcc-bbbccff19840-129042275337728","trial_id":258,"param_name":"lr","param_value_internal":0.0002790013189443159,"distribution":"{\"name\": \"FloatDistribution\", \"attributes\": {\"step\": null, \"low\": 1e-05, \"high\": 0.005, \"log\": true}}"}
{"op_code":7,"worker_id":"1b289a30-68d1-4ed7-87f8-9e072b17847d-135503321105920","trial_id":253,"step":1,"intermediate_value":0.36485345321707935}
{"op_code":7,"worker_id":"fe87986c-4655-4421-8d6c-f62131e9250c-124088451175936","trial_id":250,"step":2,"intermediate_value":0.39216021211308466}
{"op_code":6,"worker_id":"fe87986c-4655-4421-8d6c-f62131e9250c-124088451175936","trial_id":250,"state":1,"values":[0.39216021211308466],"datetime_complete":"2026-08-20T12:35:35.721075"}
{"op_code":4,"worker_id":"fe87986c-4655-4421-8d6c-f62131e9250c-124088451175936","study_id":3,"datetime_start":"2026-08-20T12:35:35.726221"}
{"op_code":5,"worker_id":"fe87986c-4655-4421-8d6c-f62131e9250c-124088451175936","trial_id":259,"param_name":"lr","param_value_internal":0.0003449580527026182,"distribution":"{\"name\": \"FloatDistribution\", \"attributes\": {\"step\": null, \"low\": 1e-05, \"high\": 0.005, \"log\": true}}"}
{"op_code":7,"worker_id":"93bdfaac-c5f9-441d-adc8-e1896a0d0022-139604280112640","trial_id":248,"step":2,"intermediate_value":0.4104780574768875}
{"op_code":6,"worker_id":"93bdfaac-c5f9-441d-adc8-e1896a0d0022-139604280112640","trial_id":248,"state":2,"values":[0.4104780574768875],"datetime_complete":"2026-08-20T12:35:46.519317"}
{"op_code":4,"worker_id":"93bdfaac-c5f9-441d-adc8-e1896a0d0022-139604280112640","study_id":3,"datetime_start":"2026-08-20T12:35:46.523998"}
{"op_code":5,"worker_id":"93bdfaac-c5f9-441d-adc8-e1896a0d0022-139604280112640","trial_id":260,"param_name":"lr","param_value_internal":1.0473419858871262e-05,"distribution":"{\"name\": \"FloatDistribution\", \"attributes\": {\"step\": null, \"low\": 1e-05, \"high\": 0.005, \"log\": true}}"}
{"op_code":7,"worker_id":"b8d156c1-735b-428d-ac0d-037325bef111-135798595225088","trial_id":249,"step":2,"intermediate_value":0.38539683717646117}
{"op_code":6,"worker_id":"b8d156c1-735b-428d-ac0d-037325bef111-135798595225088","trial_id":249,"state":1,"values":[0.38539683717646117],"datetime_complete":"2026-08-20T12:35:59.118500"}
{"op_code":0,"worker_id":"186c2359-bbf0-4c4b-8d63-1f717658d6eb-136103452886528","study_name":"stageD-ia3","directions":[1]}
{"op_code":4,"worker_id":"186c2359-bbf0-4c4b-8d63-1f717658d6eb-136103452886528","study_id":3,"datetime_start":"2026-08-20T12:36:03.523126"}
{"op_code":5,"worker_id":"186c2359-bbf0-4c4b-8d63-1f717658d6eb-136103452886528","trial_id":261,"param_name":"lr","param_value_internal":1.2505209303696982e-05,"distribution":"{\"name\": \"FloatDistribution\", \"attributes\": {\"step\": null, \"low\": 1e-05, \"high\": 0.005, \"log\": true}}"}
{"op_code":7,"worker_id":"a7d506b3-2853-4edf-bbdd-78c053660c67-127111637091840","trial_id":255,"step":1,"intermediate_value":0.37335149552157193}
{"op_code":7,"worker_id":"fd0c97a7-9118-49aa-884e-01915f562d82-139763780097536","trial_id":251,"step":2,"intermediate_value":0.4200779513878501}
{"op_code":6,"worker_id":"fd0c97a7-9118-49aa-884e-01915f562d82-139763780097536","trial_id":251,"state":2,"values":[0.4200779513878501],"datetime_complete":"2026-08-20T12:36:11.794757"}
{"op_code":4,"worker_id":"fd0c97a7-9118-49aa-884e-01915f562d82-139763780097536","study_id":3,"datetime_start":"2026-08-20T12:36:11.799570"}
{"op_code":5,"worker_id":"fd0c97a7-9118-49aa-884e-01915f562d82-139763780097536","trial_id":262,"param_name":"lr","param_value_internal":1.1551971894482899e-05,"distribution":"{\"name\": \"FloatDistribution\", \"attributes\": {\"step\": null, \"low\": 1e-05, \"high\": 0.005, \"log\": true}}"}
{"op_code":7,"worker_id":"b5ca1a1d-3742-45b4-8bca-c16f3478413c-123895411529216","trial_id":256,"step":1,"intermediate_value":0.3757256058192563}
{"op_code":7,"worker_id":"759f1f59-25b9-4f5b-a359-da184bd42716-124611138672128","trial_id":252,"step":2,"intermediate_value":0.38497811245500263}
{"op_code":6,"worker_id":"759f1f59-25b9-4f5b-a359-da184bd42716-124611138672128","trial_id":252,"state":1,"values":[0.38497811245500263],"datetime_complete":"2026-08-20T12:36:24.953983"}
{"op_code":4,"worker_id":"759f1f59-25b9-4f5b-a359-da184bd42716-124611138672128","study_id":3,"datetime_start":"2026-08-20T12:36:24.958747"}
{"op_code":5,"worker_id":"759f1f59-25b9-4f5b-a359-da184bd42716-124611138672128","trial_id":263,"param_name":"lr","param_value_internal":1.135030741042683e-05,"distribution":"{\"name\": \"FloatDistribution\", \"attributes\": {\"step\": null, \"low\": 1e-05, \"high\": 0.005, \"log\": true}}"}
{"op_code":7,"worker_id":"5de12891-0a60-451d-a5bd-48143bacfd05-138620346611200","trial_id":257,"step":1,"intermediate_value":0.36512404846533725}
{"op_code":7,"worker_id":"d94885e8-5b21-40e8-bbcc-bbbccff19840-129042275337728","trial_id":258,"step":1,"intermediate_value":0.38242383948841335}
{"op_code":6,"worker_id":"d94885e8-5b21-40e8-bbcc-bbbccff19840-129042275337728","trial_id":258,"state":2,"values":[0.38242383948841335],"datetime_complete":"2026-08-20T12:36:31.472287"}
{"op_code":4,"worker_id":"d94885e8-5b21-40e8-bbcc-bbbccff19840-129042275337728","study_id":3,"datetime_start":"2026-08-20T12:36:31.476907"}
{"op_code":5,"worker_id":"d94885e8-5b21-40e8-bbcc-bbbccff19840-129042275337728","trial_id":264,"param_name":"lr","param_value_internal":2.0657735653459328e-05,"distribution":"{\"name\": \"FloatDistribution\", \"attributes\": {\"step\": null, \"low\": 1e-05, \"high\": 0.005, \"log\": true}}"}
{"op_code":7,"worker_id":"fe87986c-4655-4421-8d6c-f62131e9250c-124088451175936","trial_id":259,"step":1,"intermediate_value":0.3788178787398039}
{"op_code":6,"worker_id":"fe87986c-4655-4421-8d6c-f62131e9250c-124088451175936","trial_id":259,"state":2,"values":[0.3788178787398039],"datetime_complete":"2026-08-20T12:36:50.933237"}
{"op_code":4,"worker_id":"fe87986c-4655-4421-8d6c-f62131e9250c-124088451175936","study_id":3,"datetime_start":"2026-08-20T12:36:50.938142"}
{"op_code":5,"worker_id":"fe87986c-4655-4421-8d6c-f62131e9250c-124088451175936","trial_id":265,"param_name":"lr","param_value_internal":1.1232238901287074e-05,"distribution":"{\"name\": \"FloatDistribution\", \"attributes\": {\"step\": null, \"low\": 1e-05, \"high\": 0.005, \"log\": true}}"}
{"op_code":7,"worker_id":"1b289a30-68d1-4ed7-87f8-9e072b17847d-135503321105920","trial_id":253,"step":2,"intermediate_value":0.38510445180746444}
{"op_code":6,"worker_id":"1b289a30-68d1-4ed7-87f8-9e072b17847d-135503321105920","trial_id":253,"state":1,"values":[0.38510445180746444],"datetime_complete":"2026-08-20T12:37:00.360156"}
{"op_code":4,"worker_id":"1b289a30-68d1-4ed7-87f8-9e072b17847d-135503321105920","study_id":3,"datetime_start":"2026-08-20T12:37:00.364907"}
{"op_code":5,"worker_id":"1b289a30-68d1-4ed7-87f8-9e072b17847d-135503321105920","trial_id":266,"param_name":"lr","param_value_internal":2.1873783824664322e-05,"distribution":"{\"name\": \"FloatDistribution\", \"attributes\": {\"step\": null, \"low\": 1e-05, \"high\": 0.005, \"log\": true}}"}
{"op_code":7,"worker_id":"93bdfaac-c5f9-441d-adc8-e1896a0d0022-139604280112640","trial_id":260,"step":1,"intermediate_value":0.3701873129596077}
{"op_code":7,"worker_id":"a7d506b3-2853-4edf-bbdd-78c053660c67-127111637091840","trial_id":255,"step":2,"intermediate_value":0.38958804682607884}
{"op_code":6,"worker_id":"a7d506b3-2853-4edf-bbdd-78c053660c67-127111637091840","trial_id":255,"state":1,"values":[0.38958804682607884],"datetime_complete":"2026-08-20T12:37:24.457179"}
{"op_code":4,"worker_id":"a7d506b3-2853-4edf-bbdd-78c053660c67-127111637091840","study_id":3,"datetime_start":"2026-08-20T12:37:24.461985"}
{"op_code":5,"worker_id":"a7d506b3-2853-4edf-bbdd-78c053660c67-127111637091840","trial_id":267,"param_name":"lr","param_value_internal":1.1752272820164445e-05,"distribution":"{\"name\": \"FloatDistribution\", \"attributes\": {\"step\": null, \"low\": 1e-05, \"high\": 0.005, \"log\": true}}"}
{"op_code":7,"worker_id":"186c2359-bbf0-4c4b-8d63-1f717658d6eb-136103452886528","trial_id":261,"step":1,"intermediate_value":0.3695554375792009}
{"op_code":7,"worker_id":"b5ca1a1d-3742-45b4-8bca-c16f3478413c-123895411529216","trial_id":256,"step":2,"intermediate_value":0.390800167555574}
{"op_code":6,"worker_id":"b5ca1a1d-3742-45b4-8bca-c16f3478413c-123895411529216","trial_id":256,"state":1,"values":[0.390800167555574],"datetime_complete":"2026-08-20T12:37:28.884148"}
{"op_code":4,"worker_id":"b5ca1a1d-3742-45b4-8bca-c16f3478413c-123895411529216","study_id":3,"datetime_start":"2026-08-20T12:37:28.888872"}
{"op_code":5,"worker_id":"b5ca1a1d-3742-45b4-8bca-c16f3478413c-123895411529216","trial_id":268,"param_name":"lr","param_value_internal":1.877857576262767e-05,"distribution":"{\"name\": \"FloatDistribution\", \"attributes\": {\"step\": null, \"low\": 1e-05, \"high\": 0.005, \"log\": true}}"}
{"op_code":7,"worker_id":"fd0c97a7-9118-49aa-884e-01915f562d82-139763780097536","trial_id":262,"step":1,"intermediate_value":0.36982259235064363}
{"op_code":7,"worker_id":"759f1f59-25b9-4f5b-a359-da184bd42716-124611138672128","trial_id":263,"step":1,"intermediate_value":0.36988571635659645}
{"op_code":7,"worker_id":"82a8534d-680a-4e34-b125-8b97812aad21-124351680103936","trial_id":247,"step":2,"intermediate_value":0.3850563370562764}
{"op_code":6,"worker_id":"82a8534d-680a-4e34-b125-8b97812aad21-124351680103936","trial_id":247,"state":1,"values":[0.3850563370562764],"datetime_complete":"2026-08-20T12:37:46.995182"}
{"op_code":4,"worker_id":"82a8534d-680a-4e34-b125-8b97812aad21-124351680103936","study_id":3,"datetime_start":"2026-08-20T12:37:46.999969"}
{"op_code":5,"worker_id":"82a8534d-680a-4e34-b125-8b97812aad21-124351680103936","trial_id":269,"param_name":"lr","param_value_internal":1.6032046802726477e-05,"distribution":"{\"name\": \"FloatDistribution\", \"attributes\": {\"step\": null, \"low\": 1e-05, \"high\": 0.005, \"log\": true}}"}
{"op_code":7,"worker_id":"d94885e8-5b21-40e8-bbcc-bbbccff19840-129042275337728","trial_id":264,"step":1,"intermediate_value":0.36876331404531537}
{"op_code":7,"worker_id":"93f34c78-3574-48eb-b813-57f576f8a806-134129663702528","trial_id":254,"step":1,"intermediate_value":0.3775921442675529}
{"op_code":6,"worker_id":"93f34c78-3574-48eb-b813-57f576f8a806-134129663702528","trial_id":254,"state":2,"values":[0.3775921442675529],"datetime_complete":"2026-08-20T12:37:57.602910"}
{"op_code":4,"worker_id":"93f34c78-3574-48eb-b813-57f576f8a806-134129663702528","study_id":3,"datetime_start":"2026-08-20T12:37:57.607563"}
{"op_code":5,"worker_id":"93f34c78-3574-48eb-b813-57f576f8a806-134129663702528","trial_id":270,"param_name":"lr","param_value_internal":2.0357290040817764e-05,"distribution":"{\"name\": \"FloatDistribution\", \"attributes\": {\"step\": null, \"low\": 1e-05, \"high\": 0.005, \"log\": true}}"}
{"op_code":7,"worker_id":"5de12891-0a60-451d-a5bd-48143bacfd05-138620346611200","trial_id":257,"step":2,"intermediate_value":0.3856469357952742}
{"op_code":6,"worker_id":"5de12891-0a60-451d-a5bd-48143bacfd05-138620346611200","trial_id":257,"state":1,"values":[0.3856469357952742],"datetime_complete":"2026-08-20T12:37:58.666942"}
{"op_code":4,"worker_id":"5de12891-0a60-451d-a5bd-48143bacfd05-138620346611200","study_id":3,"datetime_start":"2026-08-20T12:37:58.671568"}
{"op_code":5,"worker_id":"5de12891-0a60-451d-a5bd-48143bacfd05-138620346611200","trial_id":271,"param_name":"lr","param_value_internal":1.7645213962656852e-05,"distribution":"{\"name\": \"FloatDistribution\", \"attributes\": {\"step\": null, \"low\": 1e-05, \"high\": 0.005, \"log\": true}}"}
{"op_code":7,"worker_id":"fe87986c-4655-4421-8d6c-f62131e9250c-124088451175936","trial_id":265,"step":1,"intermediate_value":0.3699235309328546}
{"op_code":7,"worker_id":"1b289a30-68d1-4ed7-87f8-9e072b17847d-135503321105920","trial_id":266,"step":1,"intermediate_value":0.3687900536729647}
{"op_code":7,"worker_id":"93bdfaac-c5f9-441d-adc8-e1896a0d0022-139604280112640","trial_id":260,"step":2,"intermediate_value":0.3844388860928843}
{"op_code":6,"worker_id":"93bdfaac-c5f9-441d-adc8-e1896a0d0022-139604280112640","trial_id":260,"state":1,"values":[0.3844388860928843],"datetime_complete":"2026-08-20T12:38:15.182686"}
{"op_code":4,"worker_id":"93bdfaac-c5f9-441d-adc8-e1896a0d0022-139604280112640","study_id":3,"datetime_start":"2026-08-20T12:38:15.187539"}
{"op_code":5,"worker_id":"93bdfaac-c5f9-441d-adc8-e1896a0d0022-139604280112640","trial_id":272,"param_name":"lr","param_value_internal":1.1587572648919565e-05,"distribution":"{\"name\": \"FloatDistribution\", \"attributes\": {\"step\": null, \"low\": 1e-05, \"high\": 0.005, \"log\": true}}"}
{"op_code":7,"worker_id":"a7d506b3-2853-4edf-bbdd-78c053660c67-127111637091840","trial_id":267,"step":1,"intermediate_value":0.36976213656867585}
{"op_code":7,"worker_id":"b5ca1a1d-3742-45b4-8bca-c16f3478413c-123895411529216","trial_id":268,"step":1,"intermediate_value":0.36877498044451584}
{"op_code":7,"worker_id":"186c2359-bbf0-4c4b-8d63-1f717658d6eb-136103452886528","trial_id":261,"step":2,"intermediate_value":0.3842941343931871}
{"op_code":6,"worker_id":"186c2359-bbf0-4c4b-8d63-1f717658d6eb-136103452886528","trial_id":261,"state":1,"values":[0.3842941343931871],"datetime_complete":"2026-08-20T12:38:50.475955"}
{"op_code":4,"worker_id":"186c2359-bbf0-4c4b-8d63-1f717658d6eb-136103452886528","study_id":3,"datetime_start":"2026-08-20T12:38:50.480567"}
{"op_code":5,"worker_id":"186c2359-bbf0-4c4b-8d63-1f717658d6eb-136103452886528","trial_id":273,"param_name":"lr","param_value_internal":1.0135099644189574e-05,"distribution":"{\"name\": \"FloatDistribution\", \"attributes\": {\"step\": null, \"low\": 1e-05, \"high\": 0.005, \"log\": true}}"}
{"op_code":7,"worker_id":"759f1f59-25b9-4f5b-a359-da184bd42716-124611138672128","trial_id":263,"step":2,"intermediate_value":0.38436252972685536}
{"op_code":6,"worker_id":"759f1f59-25b9-4f5b-a359-da184bd42716-124611138672128","trial_id":263,"state":1,"values":[0.38436252972685536],"datetime_complete":"2026-08-20T12:38:52.297759"}
{"op_code":4,"worker_id":"759f1f59-25b9-4f5b-a359-da184bd42716-124611138672128","study_id":3,"datetime_start":"2026-08-20T12:38:52.302577"}
{"op_code":5,"worker_id":"759f1f59-25b9-4f5b-a359-da184bd42716-124611138672128","trial_id":274,"param_name":"lr","param_value_internal":2.531858998049227e-05,"distribution":"{\"name\": \"FloatDistribution\", \"attributes\": {\"step\": null, \"low\": 1e-05, \"high\": 0.005, \"log\": true}}"}
{"op_code":7,"worker_id":"fd0c97a7-9118-49aa-884e-01915f562d82-139763780097536","trial_id":262,"step":2,"intermediate_value":0.3843479677376676}
{"op_code":6,"worker_id":"fd0c97a7-9118-49aa-884e-01915f562d82-139763780097536","trial_id":262,"state":1,"values":[0.3843479677376676],"datetime_complete":"2026-08-20T12:38:57.077733"}
{"op_code":4,"worker_id":"fd0c97a7-9118-49aa-884e-01915f562d82-139763780097536","study_id":3,"datetime_start":"2026-08-20T12:38:57.082676"}
{"op_code":5,"worker_id":"fd0c97a7-9118-49aa-884e-01915f562d82-139763780097536","trial_id":275,"param_name":"lr","param_value_internal":2.4160470444641995e-05,"distribution":"{\"name\": \"FloatDistribution\", \"attributes\": {\"step\": null, \"low\": 1e-05, \"high\": 0.005, \"log\": true}}"}
{"op_code":7,"worker_id":"d94885e8-5b21-40e8-bbcc-bbbccff19840-129042275337728","trial_id":264,"step":2,"intermediate_value":0.38462916698085714}
{"op_code":6,"worker_id":"d94885e8-5b21-40e8-bbcc-bbbccff19840-129042275337728","trial_id":264,"state":1,"values":[0.38462916698085714],"datetime_complete":"2026-08-20T12:39:02.748295"}
{"op_code":4,"worker_id":"d94885e8-5b21-40e8-bbcc-bbbccff19840-129042275337728","study_id":3,"datetime_start":"2026-08-20T12:39:02.753030"}
{"op_code":5,"worker_id":"d94885e8-5b21-40e8-bbcc-bbbccff19840-129042275337728","trial_id":276,"param_name":"lr","param_value_internal":2.747430126583351e-05,"distribution":"{\"name\": \"FloatDistribution\", \"attributes\": {\"step\": null, \"low\": 1e-05, \"high\": 0.005, \"log\": true}}"}
{"op_code":7,"worker_id":"82a8534d-680a-4e34-b125-8b97812aad21-124351680103936","trial_id":269,"step":1,"intermediate_value":0.36894819340184654}
{"op_code":7,"worker_id":"93f34c78-3574-48eb-b813-57f576f8a806-134129663702528","trial_id":270,"step":1,"intermediate_value":0.3687612441249116}
{"op_code":7,"worker_id":"5de12891-0a60-451d-a5bd-48143bacfd05-138620346611200","trial_id":271,"step":1,"intermediate_value":0.36882045148098963}
{"op_code":7,"worker_id":"fe87986c-4655-4421-8d6c-f62131e9250c-124088451175936","trial_id":265,"step":2,"intermediate_value":0.38437149496848244}
{"op_code":6,"worker_id":"fe87986c-4655-4421-8d6c-f62131e9250c-124088451175936","trial_id":265,"state":1,"values":[0.38437149496848244],"datetime_complete":"2026-08-20T12:39:21.121317"}
{"op_code":0,"worker_id":"f4c3ede1-1ac2-4d51-bb51-e7cd648ac889-135492011693568","study_name":"stageD-full","directions":[1]}
{"op_code":4,"worker_id":"f4c3ede1-1ac2-4d51-bb51-e7cd648ac889-135492011693568","study_id":4,"datetime_start":"2026-08-20T12:39:25.454417"}
{"op_code":5,"worker_id":"f4c3ede1-1ac2-4d51-bb51-e7cd648ac889-135492011693568","trial_id":277,"param_name":"lr","param_value_internal":0.00025854159796465017,"distribution":"{\"name\": \"FloatDistribution\", \"attributes\": {\"step\": null, \"low\": 5e-06, \"high\": 0.0003, \"log\": true}}"}
{"op_code":7,"worker_id":"1b289a30-68d1-4ed7-87f8-9e072b17847d-135503321105920","trial_id":266,"step":2,"intermediate_value":0.38476564659165846}
{"op_code":6,"worker_id":"1b289a30-68d1-4ed7-87f8-9e072b17847d-135503321105920","trial_id":266,"state":1,"values":[0.38476564659165846],"datetime_complete":"2026-08-20T12:39:26.724197"}
{"op_code":4,"worker_id":"1b289a30-68d1-4ed7-87f8-9e072b17847d-135503321105920","study_id":3,"datetime_start":"2026-08-20T12:39:26.729204"}
{"op_code":5,"worker_id":"1b289a30-68d1-4ed7-87f8-9e072b17847d-135503321105920","trial_id":278,"param_name":"lr","param_value_internal":3.0120549808462307e-05,"distribution":"{\"name\": \"FloatDistribution\", \"attributes\": {\"step\": null, \"low\": 1e-05, \"high\": 0.005, \"log\": true}}"}
{"op_code":7,"worker_id":"93bdfaac-c5f9-441d-adc8-e1896a0d0022-139604280112640","trial_id":272,"step":1,"intermediate_value":0.3698116330356633}
{"op_code":7,"worker_id":"a7d506b3-2853-4edf-bbdd-78c053660c67-127111637091840","trial_id":267,"step":2,"intermediate_value":0.38433452306003546}
{"op_code":6,"worker_id":"a7d506b3-2853-4edf-bbdd-78c053660c67-127111637091840","trial_id":267,"state":1,"values":[0.38433452306003546],"datetime_complete":"2026-08-20T12:39:51.946389"}
{"op_code":4,"worker_id":"a7d506b3-2853-4edf-bbdd-78c053660c67-127111637091840","study_id":3,"datetime_start":"2026-08-20T12:39:51.950974"}
{"op_code":5,"worker_id":"a7d506b3-2853-4edf-bbdd-78c053660c67-127111637091840","trial_id":279,"param_name":"lr","param_value_internal":4.0614772525837796e-05,"distribution":"{\"name\": \"FloatDistribution\", \"attributes\": {\"step\": null, \"low\": 1e-05, \"high\": 0.005, \"log\": true}}"}
{"op_code":7,"worker_id":"b5ca1a1d-3742-45b4-8bca-c16f3478413c-123895411529216","trial_id":268,"step":2,"intermediate_value":0.38445162045831793}
{"op_code":6,"worker_id":"b5ca1a1d-3742-45b4-8bca-c16f3478413c-123895411529216","trial_id":268,"state":1,"values":[0.38445162045831793],"datetime_complete":"2026-08-20T12:39:56.594061"}
{"op_code":4,"worker_id":"b5ca1a1d-3742-45b4-8bca-c16f3478413c-123895411529216","study_id":3,"datetime_start":"2026-08-20T12:39:56.598986"}
{"op_code":5,"worker_id":"b5ca1a1d-3742-45b4-8bca-c16f3478413c-123895411529216","trial_id":280,"param_name":"lr","param_value_internal":4.049532263981506e-05,"distribution":"{\"name\": \"FloatDistribution\", \"attributes\": {\"step\": null, \"low\": 1e-05, \"high\": 0.005, \"log\": true}}"}
{"op_code":7,"worker_id":"759f1f59-25b9-4f5b-a359-da184bd42716-124611138672128","trial_id":274,"step":1,"intermediate_value":0.3689996197965421}
{"op_code":7,"worker_id":"186c2359-bbf0-4c4b-8d63-1f717658d6eb-136103452886528","trial_id":273,"step":1,"intermediate_value":0.3703170525838708}
{"op_code":6,"worker_id":"186c2359-bbf0-4c4b-8d63-1f717658d6eb-136103452886528","trial_id":273,"state":2,"values":[0.3703170525838708],"datetime_complete":"2026-08-20T12:40:13.072079"}
{"op_code":4,"worker_id":"186c2359-bbf0-4c4b-8d63-1f717658d6eb-136103452886528","study_id":3,"datetime_start":"2026-08-20T12:40:13.076910"}
{"op_code":5,"worker_id":"186c2359-bbf0-4c4b-8d63-1f717658d6eb-136103452886528","trial_id":281,"param_name":"lr","param_value_internal":3.403341834123045e-05,"distribution":"{\"name\": \"FloatDistribution\", \"attributes\": {\"step\": null, \"low\": 1e-05, \"high\": 0.005, \"log\": true}}"}
{"op_code":7,"worker_id":"d94885e8-5b21-40e8-bbcc-bbbccff19840-129042275337728","trial_id":276,"step":1,"intermediate_value":0.3692126244519931}
{"op_code":7,"worker_id":"fd0c97a7-9118-49aa-884e-01915f562d82-139763780097536","trial_id":275,"step":1,"intermediate_value":0.3689093705458668}
{"op_code":7,"worker_id":"5de12891-0a60-451d-a5bd-48143bacfd05-138620346611200","trial_id":271,"step":2,"intermediate_value":0.38436934382556776}
{"op_code":6,"worker_id":"5de12891-0a60-451d-a5bd-48143bacfd05-138620346611200","trial_id":271,"state":1,"values":[0.38436934382556776],"datetime_complete":"2026-08-20T12:40:26.432077"}
{"op_code":7,"worker_id":"93f34c78-3574-48eb-b813-57f576f8a806-134129663702528","trial_id":270,"step":2,"intermediate_value":0.3845982432117069}
{"op_code":6,"worker_id":"93f34c78-3574-48eb-b813-57f576f8a806-134129663702528","trial_id":270,"state":1,"values":[0.3845982432117069],"datetime_complete":"2026-08-20T12:40:26.673139"}
{"op_code":4,"worker_id":"93f34c78-3574-48eb-b813-57f576f8a806-134129663702528","study_id":3,"datetime_start":"2026-08-20T12:40:26.677729"}
{"op_code":5,"worker_id":"93f34c78-3574-48eb-b813-57f576f8a806-134129663702528","trial_id":282,"param_name":"lr","param_value_internal":4.956376115280251e-05,"distribution":"{\"name\": \"FloatDistribution\", \"attributes\": {\"step\": null, \"low\": 1e-05, \"high\": 0.005, \"log\": true}}"}
{"op_code":0,"worker_id":"1e0b6ea2-3095-4eee-be11-5101fc1d3238-130488976647680","study_name":"stageD-full","directions":[1]}
{"op_code":4,"worker_id":"1e0b6ea2-3095-4eee-be11-5101fc1d3238-130488976647680","study_id":4,"datetime_start":"2026-08-20T12:40:30.830082"}
{"op_code":5,"worker_id":"1e0b6ea2-3095-4eee-be11-5101fc1d3238-130488976647680","trial_id":283,"param_name":"lr","param_value_internal":0.00018614837286449104,"distribution":"{\"name\": \"FloatDistribution\", \"attributes\": {\"step\": null, \"low\": 5e-06, \"high\": 0.0003, \"log\": true}}"}
{"op_code":7,"worker_id":"82a8534d-680a-4e34-b125-8b97812aad21-124351680103936","trial_id":269,"step":2,"intermediate_value":0.3842894953934198}
{"op_code":6,"worker_id":"82a8534d-680a-4e34-b125-8b97812aad21-124351680103936","trial_id":269,"state":1,"values":[0.3842894953934198],"datetime_complete":"2026-08-20T12:40:31.862226"}
{"op_code":4,"worker_id":"82a8534d-680a-4e34-b125-8b97812aad21-124351680103936","study_id":3,"datetime_start":"2026-08-20T12:40:31.867066"}
{"op_code":5,"worker_id":"82a8534d-680a-4e34-b125-8b97812aad21-124351680103936","trial_id":284,"param_name":"lr","param_value_internal":3.3164502622523235e-05,"distribution":"{\"name\": \"FloatDistribution\", \"attributes\": {\"step\": null, \"low\": 1e-05, \"high\": 0.005, \"log\": true}}"}
{"op_code":7,"worker_id":"1b289a30-68d1-4ed7-87f8-9e072b17847d-135503321105920","trial_id":278,"step":1,"intermediate_value":0.36954187672792743}
{"op_code":7,"worker_id":"93bdfaac-c5f9-441d-adc8-e1896a0d0022-139604280112640","trial_id":272,"step":2,"intermediate_value":0.384345443274147}
{"op_code":6,"worker_id":"93bdfaac-c5f9-441d-adc8-e1896a0d0022-139604280112640","trial_id":272,"state":1,"values":[0.384345443274147],"datetime_complete":"2026-08-20T12:40:43.761468"}
{"op_code":0,"worker_id":"a814c175-5524-4807-b1e5-f6de3c2f1c26-139905166702080","study_name":"stageD-full","directions":[1]}
{"op_code":4,"worker_id":"a814c175-5524-4807-b1e5-f6de3c2f1c26-139905166702080","study_id":4,"datetime_start":"2026-08-20T12:40:47.998830"}
{"op_code":5,"worker_id":"a814c175-5524-4807-b1e5-f6de3c2f1c26-139905166702080","trial_id":285,"param_name":"lr","param_value_internal":6.72445830829633e-06,"distribution":"{\"name\": \"FloatDistribution\", \"attributes\": {\"step\": null, \"low\": 5e-06, \"high\": 0.0003, \"log\": true}}"}
{"op_code":7,"worker_id":"a7d506b3-2853-4edf-bbdd-78c053660c67-127111637091840","trial_id":279,"step":1,"intermediate_value":0.3713010721193457}
{"op_code":6,"worker_id":"a7d506b3-2853-4edf-bbdd-78c053660c67-127111637091840","trial_id":279,"state":2,"values":[0.3713010721193457],"datetime_complete":"2026-08-20T12:41:05.824027"}
{"op_code":4,"worker_id":"a7d506b3-2853-4edf-bbdd-78c053660c67-127111637091840","study_id":3,"datetime_start":"2026-08-20T12:41:05.828961"}
{"op_code":5,"worker_id":"a7d506b3-2853-4edf-bbdd-78c053660c67-127111637091840","trial_id":286,"param_name":"lr","param_value_internal":4.2897149035703123e-05,"distribution":"{\"name\": \"FloatDistribution\", \"attributes\": {\"step\": null, \"low\": 1e-05, \"high\": 0.005, \"log\": true}}"}
{"op_code":7,"worker_id":"b5ca1a1d-3742-45b4-8bca-c16f3478413c-123895411529216","trial_id":280,"step":1,"intermediate_value":0.3712786580704675}
{"op_code":6,"worker_id":"b5ca1a1d-3742-45b4-8bca-c16f3478413c-123895411529216","trial_id":280,"state":2,"values":[0.3712786580704675],"datetime_complete":"2026-08-20T12:41:10.572151"}
{"op_code":4,"worker_id":"b5ca1a1d-3742-45b4-8bca-c16f3478413c-123895411529216","study_id":3,"datetime_start":"2026-08-20T12:41:10.577099"}
{"op_code":5,"worker_id":"b5ca1a1d-3742-45b4-8bca-c16f3478413c-123895411529216","trial_id":287,"param_name":"lr","param_value_internal":3.44962077649817e-05,"distribution":"{\"name\": \"FloatDistribution\", \"attributes\": {\"step\": null, \"low\": 1e-05, \"high\": 0.005, \"log\": true}}"}
{"op_code":7,"worker_id":"759f1f59-25b9-4f5b-a359-da184bd42716-124611138672128","trial_id":274,"step":2,"intermediate_value":0.3852335924458622}
{"op_code":6,"worker_id":"759f1f59-25b9-4f5b-a359-da184bd42716-124611138672128","trial_id":274,"state":1,"values":[0.3852335924458622],"datetime_complete":"2026-08-20T12:41:19.652778"}
{"op_code":0,"worker_id":"f516e600-6755-4207-941e-71583a6e6045-136121758471680","study_name":"stageD-full","directions":[1]}
{"op_code":4,"worker_id":"f516e600-6755-4207-941e-71583a6e6045-136121758471680","study_id":4,"datetime_start":"2026-08-20T12:41:23.920591"}
{"op_code":5,"worker_id":"f516e600-6755-4207-941e-71583a6e6045-136121758471680","trial_id":288,"param_name":"lr","param_value_internal":9.907721576860013e-05,"distribution":"{\"name\": \"FloatDistribution\", \"attributes\": {\"step\": null, \"low\": 5e-06, \"high\": 0.0003, \"log\": true}}"}
{"op_code":7,"worker_id":"d94885e8-5b21-40e8-bbcc-bbbccff19840-129042275337728","trial_id":276,"step":2,"intermediate_value":0.38557407843101854}
{"op_code":6,"worker_id":"d94885e8-5b21-40e8-bbcc-bbbccff19840-129042275337728","trial_id":276,"state":1,"values":[0.38557407843101854],"datetime_complete":"2026-08-20T12:41:33.781208"}
{"op_code":7,"worker_id":"186c2359-bbf0-4c4b-8d63-1f717658d6eb-136103452886528","trial_id":281,"step":1,"intermediate_value":0.3701334147648291}
{"op_code":6,"worker_id":"186c2359-bbf0-4c4b-8d63-1f717658d6eb-136103452886528","trial_id":281,"state":2,"values":[0.3701334147648291],"datetime_complete":"2026-08-20T12:41:35.650645"}
{"op_code":4,"worker_id":"186c2359-bbf0-4c4b-8d63-1f717658d6eb-136103452886528","study_id":3,"datetime_start":"2026-08-20T12:41:35.655226"}
{"op_code":5,"worker_id":"186c2359-bbf0-4c4b-8d63-1f717658d6eb-136103452886528","trial_id":289,"param_name":"lr","param_value_internal":8.579439373632284e-05,"distribution":"{\"name\": \"FloatDistribution\", \"attributes\": {\"step\": null, \"low\": 1e-05, \"high\": 0.005, \"log\": true}}"}
{"op_code":0,"worker_id":"0f765532-abae-4210-af89-5879bbbbb70e-136979586926080","study_name":"stageD-full","directions":[1]}
{"op_code":4,"worker_id":"0f765532-abae-4210-af89-5879bbbbb70e-136979586926080","study_id":4,"datetime_start":"2026-08-20T12:41:38.207624"}
{"op_code":5,"worker_id":"0f765532-abae-4210-af89-5879bbbbb70e-136979586926080","trial_id":290,"param_name":"lr","param_value_internal":7.706136065672638e-05,"distribution":"{\"name\": \"FloatDistribution\", \"attributes\": {\"step\": null, \"low\": 5e-06, \"high\": 0.0003, \"log\": true}}"}
{"op_code":7,"worker_id":"93f34c78-3574-48eb-b813-57f576f8a806-134129663702528","trial_id":282,"step":1,"intermediate_value":0.3729951967509915}
{"op_code":6,"worker_id":"93f34c78-3574-48eb-b813-57f576f8a806-134129663702528","trial_id":282,"state":2,"values":[0.3729951967509915],"datetime_complete":"2026-08-20T12:41:41.171696"}
{"op_code":7,"worker_id":"fd0c97a7-9118-49aa-884e-01915f562d82-139763780097536","trial_id":275,"step":2,"intermediate_value":0.3850645023877778}
{"op_code":6,"worker_id":"fd0c97a7-9118-49aa-884e-01915f562d82-139763780097536","trial_id":275,"state":1,"values":[0.3850645023877778],"datetime_complete":"2026-08-20T12:41:42.457695"}
{"op_code":4,"worker_id":"fd0c97a7-9118-49aa-884e-01915f562d82-139763780097536","study_id":3,"datetime_start":"2026-08-20T12:41:42.462619"}
{"op_code":5,"worker_id":"fd0c97a7-9118-49aa-884e-01915f562d82-139763780097536","trial_id":291,"param_name":"lr","param_value_internal":8.415241721385808e-05,"distribution":"{\"name\": \"FloatDistribution\", \"attributes\": {\"step\": null, \"low\": 1e-05, \"high\": 0.005, \"log\": true}}"}
{"op_code":0,"worker_id":"830cb360-3e0e-4c2b-a45d-38153395366d-140173833741824","study_name":"stageD-full","directions":[1]}
{"op_code":4,"worker_id":"830cb360-3e0e-4c2b-a45d-38153395366d-140173833741824","study_id":4,"datetime_start":"2026-08-20T12:41:45.537745"}
{"op_code":5,"worker_id":"830cb360-3e0e-4c2b-a45d-38153395366d-140173833741824","trial_id":292,"param_name":"lr","param_value_internal":3.074903260033647e-05,"distribution":"{\"name\": \"FloatDistribution\", \"attributes\": {\"step\": null, \"low\": 5e-06, \"high\": 0.0003, \"log\": true}}"}
{"op_code":7,"worker_id":"f4c3ede1-1ac2-4d51-bb51-e7cd648ac889-135492011693568","trial_id":277,"step":1,"intermediate_value":0.4883282015695872}
{"op_code":7,"worker_id":"1b289a30-68d1-4ed7-87f8-9e072b17847d-135503321105920","trial_id":278,"step":2,"intermediate_value":0.386027399179506}
{"op_code":6,"worker_id":"1b289a30-68d1-4ed7-87f8-9e072b17847d-135503321105920","trial_id":278,"state":1,"values":[0.386027399179506],"datetime_complete":"2026-08-20T12:41:53.115131"}
{"op_code":7,"worker_id":"82a8534d-680a-4e34-b125-8b97812aad21-124351680103936","trial_id":284,"step":1,"intermediate_value":0.3699932164007829}
{"op_code":6,"worker_id":"82a8534d-680a-4e34-b125-8b97812aad21-124351680103936","trial_id":284,"state":2,"values":[0.3699932164007829],"datetime_complete":"2026-08-20T12:41:54.250889"}
{"op_code":4,"worker_id":"82a8534d-680a-4e34-b125-8b97812aad21-124351680103936","study_id":3,"datetime_start":"2026-08-20T12:41:54.255466"}
{"op_code":5,"worker_id":"82a8534d-680a-4e34-b125-8b97812aad21-124351680103936","trial_id":293,"param_name":"lr","param_value_internal":1.5338092876440165e-05,"distribution":"{\"name\": \"FloatDistribution\", \"attributes\": {\"step\": null, \"low\": 1e-05, \"high\": 0.005, \"log\": true}}"}
{"op_code":0,"worker_id":"f69eb149-c6c5-4e0d-9841-61548260740c-126137255384576","study_name":"stageD-full","directions":[1]}
{"op_code":4,"worker_id":"f69eb149-c6c5-4e0d-9841-61548260740c-126137255384576","study_id":4,"datetime_start":"2026-08-20T12:41:57.471948"}
{"op_code":5,"worker_id":"f69eb149-c6c5-4e0d-9841-61548260740c-126137255384576","trial_id":294,"param_name":"lr","param_value_internal":4.023549512024217e-05,"distribution":"{\"name\": \"FloatDistribution\", \"attributes\": {\"step\": null, \"low\": 5e-06, \"high\": 0.0003, \"log\": true}}"}
{"op_code":7,"worker_id":"a7d506b3-2853-4edf-bbdd-78c053660c67-127111637091840","trial_id":286,"step":1,"intermediate_value":0.37173250854460893}
{"op_code":6,"worker_id":"a7d506b3-2853-4edf-bbdd-78c053660c67-127111637091840","trial_id":286,"state":2,"values":[0.37173250854460893],"datetime_complete":"2026-08-20T12:42:19.589544"}
{"op_code":7,"worker_id":"a814c175-5524-4807-b1e5-f6de3c2f1c26-139905166702080","trial_id":285,"step":1,"intermediate_value":0.3836144830502168}
{"op_code":0,"worker_id":"6f834a40-cf70-40d2-97bc-74962b3ae119-130455453582848","study_name":"stageD-full","directions":[1]}
{"op_code":4,"worker_id":"6f834a40-cf70-40d2-97bc-74962b3ae119-130455453582848","study_id":4,"datetime_start":"2026-08-20T12:42:23.936779"}
{"op_code":5,"worker_id":"6f834a40-cf70-40d2-97bc-74962b3ae119-130455453582848","trial_id":295,"param_name":"lr","param_value_internal":1.5087661516756096e-05,"distribution":"{\"name\": \"FloatDistribution\", \"attributes\": {\"step\": null, \"low\": 5e-06, \"high\": 0.0003, \"log\": true}}"}
{"op_code":7,"worker_id":"b5ca1a1d-3742-45b4-8bca-c16f3478413c-123895411529216","trial_id":287,"step":1,"intermediate_value":0.37020983942582103}
{"op_code":6,"worker_id":"b5ca1a1d-3742-45b4-8bca-c16f3478413c-123895411529216","trial_id":287,"state":2,"values":[0.37020983942582103],"datetime_complete":"2026-08-20T12:42:24.448350"}
{"op_code":0,"worker_id":"0a106a82-bcc3-4eba-a44e-0fbf71f3821d-126847741072896","study_name":"stageD-full","directions":[1]}
{"op_code":4,"worker_id":"0a106a82-bcc3-4eba-a44e-0fbf71f3821d-126847741072896","study_id":4,"datetime_start":"2026-08-20T12:42:28.781891"}
{"op_code":5,"worker_id":"0a106a82-bcc3-4eba-a44e-0fbf71f3821d-126847741072896","trial_id":296,"param_name":"lr","param_value_internal":2.4123732709962276e-05,"distribution":"{\"name\": \"FloatDistribution\", \"attributes\": {\"step\": null, \"low\": 5e-06, \"high\": 0.0003, \"log\": true}}"}
{"op_code":7,"worker_id":"186c2359-bbf0-4c4b-8d63-1f717658d6eb-136103452886528","trial_id":289,"step":1,"intermediate_value":0.3777779560150492}
{"op_code":6,"worker_id":"186c2359-bbf0-4c4b-8d63-1f717658d6eb-136103452886528","trial_id":289,"state":2,"values":[0.3777779560150492],"datetime_complete":"2026-08-20T12:42:58.340114"}
{"op_code":0,"worker_id":"bde963b7-ca8a-438e-9cf1-859b091ffdbb-133512564618752","study_name":"stageD-full","directions":[1]}
{"op_code":4,"worker_id":"bde963b7-ca8a-438e-9cf1-859b091ffdbb-133512564618752","study_id":4,"datetime_start":"2026-08-20T12:43:02.721434"}
{"op_code":5,"worker_id":"bde963b7-ca8a-438e-9cf1-859b091ffdbb-133512564618752","trial_id":297,"param_name":"lr","param_value_internal":6.0797294378326634e-05,"distribution":"{\"name\": \"FloatDistribution\", \"attributes\": {\"step\": null, \"low\": 5e-06, \"high\": 0.0003, \"log\": true}}"}
{"op_code":7,"worker_id":"fd0c97a7-9118-49aa-884e-01915f562d82-139763780097536","trial_id":291,"step":1,"intermediate_value":0.37759888476241754}
{"op_code":6,"worker_id":"fd0c97a7-9118-49aa-884e-01915f562d82-139763780097536","trial_id":291,"state":2,"values":[0.37759888476241754],"datetime_complete":"2026-08-20T12:43:05.088169"}
{"op_code":0,"worker_id":"9d48966a-41ab-4553-b6bb-9220eda887b7-136281275385344","study_name":"stageD-full","directions":[1]}
{"op_code":4,"worker_id":"9d48966a-41ab-4553-b6bb-9220eda887b7-136281275385344","study_id":4,"datetime_start":"2026-08-20T12:43:09.501805"}
{"op_code":5,"worker_id":"9d48966a-41ab-4553-b6bb-9220eda887b7-136281275385344","trial_id":298,"param_name":"lr","param_value_internal":1.7858033894854728e-05,"distribution":"{\"name\": \"FloatDistribution\", \"attributes\": {\"step\": null, \"low\": 5e-06, \"high\": 0.0003, \"log\": true}}"}
{"op_code":7,"worker_id":"0f765532-abae-4210-af89-5879bbbbb70e-136979586926080","trial_id":290,"step":1,"intermediate_value":0.41793695842781664}
{"op_code":7,"worker_id":"82a8534d-680a-4e34-b125-8b97812aad21-124351680103936","trial_id":293,"step":1,"intermediate_value":0.3690291065484194}
{"op_code":7,"worker_id":"830cb360-3e0e-4c2b-a45d-38153395366d-140173833741824","trial_id":292,"step":1,"intermediate_value":0.3989791279888569}
{"op_code":7,"worker_id":"f4c3ede1-1ac2-4d51-bb51-e7cd648ac889-135492011693568","trial_id":277,"step":2,"intermediate_value":0.48002581685562973}
{"op_code":6,"worker_id":"f4c3ede1-1ac2-4d51-bb51-e7cd648ac889-135492011693568","trial_id":277,"state":1,"values":[0.48002581685562973],"datetime_complete":"2026-08-20T12:43:45.791623"}
{"op_code":4,"worker_id":"f4c3ede1-1ac2-4d51-bb51-e7cd648ac889-135492011693568","study_id":4,"datetime_start":"2026-08-20T12:43:45.796437"}
{"op_code":5,"worker_id":"f4c3ede1-1ac2-4d51-bb51-e7cd648ac889-135492011693568","trial_id":299,"param_name":"lr","param_value_internal":2.476699934337694e-05,"distribution":"{\"name\": \"FloatDistribution\", \"attributes\": {\"step\": null, \"low\": 5e-06, \"high\": 0.0003, \"log\": true}}"}
{"op_code":7,"worker_id":"a814c175-5524-4807-b1e5-f6de3c2f1c26-139905166702080","trial_id":285,"step":2,"intermediate_value":0.39374367948085615}
{"op_code":6,"worker_id":"a814c175-5524-4807-b1e5-f6de3c2f1c26-139905166702080","trial_id":285,"state":1,"values":[0.39374367948085615],"datetime_complete":"2026-08-20T12:43:56.253648"}
{"op_code":4,"worker_id":"a814c175-5524-4807-b1e5-f6de3c2f1c26-139905166702080","study_id":4,"datetime_start":"2026-08-20T12:43:56.258315"}
{"op_code":5,"worker_id":"a814c175-5524-4807-b1e5-f6de3c2f1c26-139905166702080","trial_id":300,"param_name":"lr","param_value_internal":0.00014241971060381797,"distribution":"{\"name\": \"FloatDistribution\", \"attributes\": {\"step\": null, \"low\": 5e-06, \"high\": 0.0003, \"log\": true}}"}
{"op_code":7,"worker_id":"6f834a40-cf70-40d2-97bc-74962b3ae119-130455453582848","trial_id":295,"step":1,"intermediate_value":0.3802482488048352}
{"op_code":7,"worker_id":"0a106a82-bcc3-4eba-a44e-0fbf71f3821d-126847741072896","trial_id":296,"step":1,"intermediate_value":0.3874242861816992}
{"op_code":7,"worker_id":"82a8534d-680a-4e34-b125-8b97812aad21-124351680103936","trial_id":293,"step":2,"intermediate_value":0.38426997526239837}
{"op_code":6,"worker_id":"82a8534d-680a-4e34-b125-8b97812aad21-124351680103936","trial_id":293,"state":1,"values":[0.38426997526239837],"datetime_complete":"2026-08-20T12:44:39.023444"}
{"op_code":0,"worker_id":"73ddc1b4-90a9-4b42-9b81-2fc2ec0b2e19-126702939522560","study_name":"stageD-full","directions":[1]}
{"op_code":4,"worker_id":"73ddc1b4-90a9-4b42-9b81-2fc2ec0b2e19-126702939522560","study_id":4,"datetime_start":"2026-08-20T12:44:43.370168"}
{"op_code":5,"worker_id":"73ddc1b4-90a9-4b42-9b81-2fc2ec0b2e19-126702939522560","trial_id":301,"param_name":"lr","param_value_internal":0.00010068336553354248,"distribution":"{\"name\": \"FloatDistribution\", \"attributes\": {\"step\": null, \"low\": 5e-06, \"high\": 0.0003, \"log\": true}}"}
{"op_code":7,"worker_id":"1e0b6ea2-3095-4eee-be11-5101fc1d3238-130488976647680","trial_id":283,"step":1,"intermediate_value":0.4201289363755439}
{"op_code":7,"worker_id":"bde963b7-ca8a-438e-9cf1-859b091ffdbb-133512564618752","trial_id":297,"step":1,"intermediate_value":0.41807360639781826}
{"op_code":7,"worker_id":"0f765532-abae-4210-af89-5879bbbbb70e-136979586926080","trial_id":290,"step":2,"intermediate_value":0.42411678323136276}
{"op_code":6,"worker_id":"0f765532-abae-4210-af89-5879bbbbb70e-136979586926080","trial_id":290,"state":1,"values":[0.42411678323136276],"datetime_complete":"2026-08-20T12:44:50.063743"}
{"op_code":4,"worker_id":"0f765532-abae-4210-af89-5879bbbbb70e-136979586926080","study_id":4,"datetime_start":"2026-08-20T12:44:50.068541"}
{"op_code":5,"worker_id":"0f765532-abae-4210-af89-5879bbbbb70e-136979586926080","trial_id":302,"param_name":"lr","param_value_internal":1.528274045463843e-05,"distribution":"{\"name\": \"FloatDistribution\", \"attributes\": {\"step\": null, \"low\": 5e-06, \"high\": 0.0003, \"log\": true}}"}
{"op_code":7,"worker_id":"830cb360-3e0e-4c2b-a45d-38153395366d-140173833741824","trial_id":292,"step":2,"intermediate_value":0.41051320564936394}
{"op_code":6,"worker_id":"830cb360-3e0e-4c2b-a45d-38153395366d-140173833741824","trial_id":292,"state":1,"values":[0.41051320564936394],"datetime_complete":"2026-08-20T12:44:53.935215"}
{"op_code":4,"worker_id":"830cb360-3e0e-4c2b-a45d-38153395366d-140173833741824","study_id":4,"datetime_start":"2026-08-20T12:44:53.939935"}
{"op_code":5,"worker_id":"830cb360-3e0e-4c2b-a45d-38153395366d-140173833741824","trial_id":303,"param_name":"lr","param_value_internal":1.3536701568871808e-05,"distribution":"{\"name\": \"FloatDistribution\", \"attributes\": {\"step\": null, \"low\": 5e-06, \"high\": 0.0003, \"log\": true}}"}
{"op_code":7,"worker_id":"9d48966a-41ab-4553-b6bb-9220eda887b7-136281275385344","trial_id":298,"step":1,"intermediate_value":0.38225426599647555}
{"op_code":7,"worker_id":"f4c3ede1-1ac2-4d51-bb51-e7cd648ac889-135492011693568","trial_id":299,"step":1,"intermediate_value":0.38944378844128824}
{"op_code":7,"worker_id":"6f834a40-cf70-40d2-97bc-74962b3ae119-130455453582848","trial_id":295,"step":2,"intermediate_value":0.38974247293211883}
{"op_code":6,"worker_id":"6f834a40-cf70-40d2-97bc-74962b3ae119-130455453582848","trial_id":295,"state":1,"values":[0.38974247293211883],"datetime_complete":"2026-08-20T12:45:30.186513"}
{"op_code":4,"worker_id":"6f834a40-cf70-40d2-97bc-74962b3ae119-130455453582848","study_id":4,"datetime_start":"2026-08-20T12:45:30.191439"}
{"op_code":5,"worker_id":"6f834a40-cf70-40d2-97bc-74962b3ae119-130455453582848","trial_id":304,"param_name":"lr","param_value_internal":1.8925774615161747e-05,"distribution":"{\"name\": \"FloatDistribution\", \"attributes\": {\"step\": null, \"low\": 5e-06, \"high\": 0.0003, \"log\": true}}"}
{"op_code":7,"worker_id":"0a106a82-bcc3-4eba-a44e-0fbf71f3821d-126847741072896","trial_id":296,"step":2,"intermediate_value":0.3917221856651819}
{"op_code":6,"worker_id":"0a106a82-bcc3-4eba-a44e-0fbf71f3821d-126847741072896","trial_id":296,"state":1,"values":[0.3917221856651819],"datetime_complete":"2026-08-20T12:45:35.510337"}
{"op_code":4,"worker_id":"0a106a82-bcc3-4eba-a44e-0fbf71f3821d-126847741072896","study_id":4,"datetime_start":"2026-08-20T12:45:35.515139"}
{"op_code":5,"worker_id":"0a106a82-bcc3-4eba-a44e-0fbf71f3821d-126847741072896","trial_id":305,"param_name":"lr","param_value_internal":8.949713971395541e-05,"distribution":"{\"name\": \"FloatDistribution\", \"attributes\": {\"step\": null, \"low\": 5e-06, \"high\": 0.0003, \"log\": true}}"}
{"op_code":7,"worker_id":"f516e600-6755-4207-941e-71583a6e6045-136121758471680","trial_id":288,"step":1,"intermediate_value":0.37104012799974323}
{"op_code":7,"worker_id":"a814c175-5524-4807-b1e5-f6de3c2f1c26-139905166702080","trial_id":300,"step":1,"intermediate_value":0.4527363246445111}
{"op_code":7,"worker_id":"0f765532-abae-4210-af89-5879bbbbb70e-136979586926080","trial_id":302,"step":1,"intermediate_value":0.38047049131003574}
{"op_code":7,"worker_id":"830cb360-3e0e-4c2b-a45d-38153395366d-140173833741824","trial_id":303,"step":1,"intermediate_value":0.378422539251066}
{"op_code":7,"worker_id":"f69eb149-c6c5-4e0d-9841-61548260740c-126137255384576","trial_id":294,"step":1,"intermediate_value":0.3724605939692818}
{"op_code":7,"worker_id":"9d48966a-41ab-4553-b6bb-9220eda887b7-136281275385344","trial_id":298,"step":2,"intermediate_value":0.39000832342494324}
{"op_code":6,"worker_id":"9d48966a-41ab-4553-b6bb-9220eda887b7-136281275385344","trial_id":298,"state":1,"values":[0.39000832342494324],"datetime_complete":"2026-08-20T12:46:40.191517"}
{"op_code":4,"worker_id":"9d48966a-41ab-4553-b6bb-9220eda887b7-136281275385344","study_id":4,"datetime_start":"2026-08-20T12:46:40.196432"}
{"op_code":5,"worker_id":"9d48966a-41ab-4553-b6bb-9220eda887b7-136281275385344","trial_id":306,"param_name":"lr","param_value_internal":0.0002183460541354926,"distribution":"{\"name\": \"FloatDistribution\", \"attributes\": {\"step\": null, \"low\": 5e-06, \"high\": 0.0003, \"log\": true}}"}
{"op_code":7,"worker_id":"f4c3ede1-1ac2-4d51-bb51-e7cd648ac889-135492011693568","trial_id":299,"step":2,"intermediate_value":0.39409360680340405}
{"op_code":6,"worker_id":"f4c3ede1-1ac2-4d51-bb51-e7cd648ac889-135492011693568","trial_id":299,"state":1,"values":[0.39409360680340405],"datetime_complete":"2026-08-20T12:46:54.549678"}
{"op_code":4,"worker_id":"f4c3ede1-1ac2-4d51-bb51-e7cd648ac889-135492011693568","study_id":4,"datetime_start":"2026-08-20T12:46:54.554591"}
{"op_code":5,"worker_id":"f4c3ede1-1ac2-4d51-bb51-e7cd648ac889-135492011693568","trial_id":307,"param_name":"lr","param_value_internal":0.00028648156814113375,"distribution":"{\"name\": \"FloatDistribution\", \"attributes\": {\"step\": null, \"low\": 5e-06, \"high\": 0.0003, \"log\": true}}"}
{"op_code":7,"worker_id":"73ddc1b4-90a9-4b42-9b81-2fc2ec0b2e19-126702939522560","trial_id":301,"step":1,"intermediate_value":0.40395693169416885}
{"op_code":6,"worker_id":"73ddc1b4-90a9-4b42-9b81-2fc2ec0b2e19-126702939522560","trial_id":301,"state":2,"values":[0.40395693169416885],"datetime_complete":"2026-08-20T12:46:55.114674"}
{"op_code":4,"worker_id":"73ddc1b4-90a9-4b42-9b81-2fc2ec0b2e19-126702939522560","study_id":4,"datetime_start":"2026-08-20T12:46:55.119454"}
{"op_code":5,"worker_id":"73ddc1b4-90a9-4b42-9b81-2fc2ec0b2e19-126702939522560","trial_id":308,"param_name":"lr","param_value_internal":0.00025752319591168743,"distribution":"{\"name\": \"FloatDistribution\", \"attributes\": {\"step\": null, \"low\": 5e-06, \"high\": 0.0003, \"log\": true}}"}
{"op_code":7,"worker_id":"bde963b7-ca8a-438e-9cf1-859b091ffdbb-133512564618752","trial_id":297,"step":2,"intermediate_value":0.3930209393924894}
{"op_code":6,"worker_id":"bde963b7-ca8a-438e-9cf1-859b091ffdbb-133512564618752","trial_id":297,"state":1,"values":[0.3930209393924894],"datetime_complete":"2026-08-20T12:46:59.115027"}
{"op_code":4,"worker_id":"bde963b7-ca8a-438e-9cf1-859b091ffdbb-133512564618752","study_id":4,"datetime_start":"2026-08-20T12:46:59.119609"}
{"op_code":5,"worker_id":"bde963b7-ca8a-438e-9cf1-859b091ffdbb-133512564618752","trial_id":309,"param_name":"lr","param_value_internal":5.0932198424250525e-06,"distribution":"{\"name\": \"FloatDistribution\", \"attributes\": {\"step\": null, \"low\": 5e-06, \"high\": 0.0003, \"log\": true}}"}
{"op_code":7,"worker_id":"6f834a40-cf70-40d2-97bc-74962b3ae119-130455453582848","trial_id":304,"step":1,"intermediate_value":0.3819628589937047}
{"op_code":7,"worker_id":"0a106a82-bcc3-4eba-a44e-0fbf71f3821d-126847741072896","trial_id":305,"step":1,"intermediate_value":0.4313917692666967}
{"op_code":6,"worker_id":"0a106a82-bcc3-4eba-a44e-0fbf71f3821d-126847741072896","trial_id":305,"state":2,"values":[0.4313917692666967],"datetime_complete":"2026-08-20T12:47:31.149622"}
{"op_code":4,"worker_id":"0a106a82-bcc3-4eba-a44e-0fbf71f3821d-126847741072896","study_id":4,"datetime_start":"2026-08-20T12:47:31.154408"}
{"op_code":5,"worker_id":"0a106a82-bcc3-4eba-a44e-0fbf71f3821d-126847741072896","trial_id":310,"param_name":"lr","param_value_internal":7.73371084738019e-06,"distribution":"{\"name\": \"FloatDistribution\", \"attributes\": {\"step\": null, \"low\": 5e-06, \"high\": 0.0003, \"log\": true}}"}
{"op_code":7,"worker_id":"a814c175-5524-4807-b1e5-f6de3c2f1c26-139905166702080","trial_id":300,"step":2,"intermediate_value":0.4301046563671995}
{"op_code":6,"worker_id":"a814c175-5524-4807-b1e5-f6de3c2f1c26-139905166702080","trial_id":300,"state":2,"values":[0.4301046563671995],"datetime_complete":"2026-08-20T12:47:49.260158"}
{"op_code":4,"worker_id":"a814c175-5524-4807-b1e5-f6de3c2f1c26-139905166702080","study_id":4,"datetime_start":"2026-08-20T12:47:49.264818"}
{"op_code":5,"worker_id":"a814c175-5524-4807-b1e5-f6de3c2f1c26-139905166702080","trial_id":311,"param_name":"lr","param_value_internal":9.16953528788101e-06,"distribution":"{\"name\": \"FloatDistribution\", \"attributes\": {\"step\": null, \"low\": 5e-06, \"high\": 0.0003, \"log\": true}}"}
{"op_code":7,"worker_id":"0f765532-abae-4210-af89-5879bbbbb70e-136979586926080","trial_id":302,"step":2,"intermediate_value":0.38983701928175585}
{"op_code":6,"worker_id":"0f765532-abae-4210-af89-5879bbbbb70e-136979586926080","trial_id":302,"state":1,"values":[0.38983701928175585],"datetime_complete":"2026-08-20T12:48:00.434417"}
{"op_code":4,"worker_id":"0f765532-abae-4210-af89-5879bbbbb70e-136979586926080","study_id":4,"datetime_start":"2026-08-20T12:48:00.439162"}
{"op_code":5,"worker_id":"0f765532-abae-4210-af89-5879bbbbb70e-136979586926080","trial_id":312,"param_name":"lr","param_value_internal":9.08708362327591e-06,"distribution":"{\"name\": \"FloatDistribution\", \"attributes\": {\"step\": null, \"low\": 5e-06, \"high\": 0.0003, \"log\": true}}"}
{"op_code":7,"worker_id":"830cb360-3e0e-4c2b-a45d-38153395366d-140173833741824","trial_id":303,"step":2,"intermediate_value":0.3903327437382411}
{"op_code":6,"worker_id":"830cb360-3e0e-4c2b-a45d-38153395366d-140173833741824","trial_id":303,"state":1,"values":[0.3903327437382411],"datetime_complete":"2026-08-20T12:48:01.055861"}
{"op_code":4,"worker_id":"830cb360-3e0e-4c2b-a45d-38153395366d-140173833741824","study_id":4,"datetime_start":"2026-08-20T12:48:01.060680"}
{"op_code":5,"worker_id":"830cb360-3e0e-4c2b-a45d-38153395366d-140173833741824","trial_id":313,"param_name":"lr","param_value_internal":8.063089134974413e-06,"distribution":"{\"name\": \"FloatDistribution\", \"attributes\": {\"step\": null, \"low\": 5e-06, \"high\": 0.0003, \"log\": true}}"}
{"op_code":7,"worker_id":"f69eb149-c6c5-4e0d-9841-61548260740c-126137255384576","trial_id":294,"step":2,"intermediate_value":0.38306528854964705}
{"op_code":6,"worker_id":"f69eb149-c6c5-4e0d-9841-61548260740c-126137255384576","trial_id":294,"state":1,"values":[0.38306528854964705],"datetime_complete":"2026-08-20T12:48:03.679438"}
{"op_code":4,"worker_id":"f69eb149-c6c5-4e0d-9841-61548260740c-126137255384576","study_id":4,"datetime_start":"2026-08-20T12:48:03.684195"}
{"op_code":5,"worker_id":"f69eb149-c6c5-4e0d-9841-61548260740c-126137255384576","trial_id":314,"param_name":"lr","param_value_internal":7.054447149343559e-06,"distribution":"{\"name\": \"FloatDistribution\", \"attributes\": {\"step\": null, \"low\": 5e-06, \"high\": 0.0003, \"log\": true}}"}
{"op_code":7,"worker_id":"6f834a40-cf70-40d2-97bc-74962b3ae119-130455453582848","trial_id":304,"step":2,"intermediate_value":0.3892331628931597}
{"op_code":6,"worker_id":"6f834a40-cf70-40d2-97bc-74962b3ae119-130455453582848","trial_id":304,"state":1,"values":[0.3892331628931597],"datetime_complete":"2026-08-20T12:48:34.909013"}
{"op_code":4,"worker_id":"6f834a40-cf70-40d2-97bc-74962b3ae119-130455453582848","study_id":4,"datetime_start":"2026-08-20T12:48:34.914065"}
{"op_code":5,"worker_id":"6f834a40-cf70-40d2-97bc-74962b3ae119-130455453582848","trial_id":315,"param_name":"lr","param_value_internal":4.745785704919927e-05,"distribution":"{\"name\": \"FloatDistribution\", \"attributes\": {\"step\": null, \"low\": 5e-06, \"high\": 0.0003, \"log\": true}}"}
{"op_code":7,"worker_id":"1e0b6ea2-3095-4eee-be11-5101fc1d3238-130488976647680","trial_id":283,"step":2,"intermediate_value":0.41975990072589703}
{"op_code":6,"worker_id":"1e0b6ea2-3095-4eee-be11-5101fc1d3238-130488976647680","trial_id":283,"state":2,"values":[0.41975990072589703],"datetime_complete":"2026-08-20T12:48:35.675481"}
{"op_code":4,"worker_id":"1e0b6ea2-3095-4eee-be11-5101fc1d3238-130488976647680","study_id":4,"datetime_start":"2026-08-20T12:48:35.680288"}
{"op_code":5,"worker_id":"1e0b6ea2-3095-4eee-be11-5101fc1d3238-130488976647680","trial_id":316,"param_name":"lr","param_value_internal":4.1407981947294816e-05,"distribution":"{\"name\": \"FloatDistribution\", \"attributes\": {\"step\": null, \"low\": 5e-06, \"high\": 0.0003, \"log\": true}}"}
{"op_code":7,"worker_id":"bde963b7-ca8a-438e-9cf1-859b091ffdbb-133512564618752","trial_id":309,"step":1,"intermediate_value":0.38579350826834113}
{"op_code":6,"worker_id":"bde963b7-ca8a-438e-9cf1-859b091ffdbb-133512564618752","trial_id":309,"state":2,"values":[0.38579350826834113],"datetime_complete":"2026-08-20T12:48:43.431025"}
{"op_code":4,"worker_id":"bde963b7-ca8a-438e-9cf1-859b091ffdbb-133512564618752","study_id":4,"datetime_start":"2026-08-20T12:48:43.435783"}
{"op_code":5,"worker_id":"bde963b7-ca8a-438e-9cf1-859b091ffdbb-133512564618752","trial_id":317,"param_name":"lr","param_value_internal":4.316804687579453e-05,"distribution":"{\"name\": \"FloatDistribution\", \"attributes\": {\"step\": null, \"low\": 5e-06, \"high\": 0.0003, \"log\": true}}"}
{"op_code":7,"worker_id":"0a106a82-bcc3-4eba-a44e-0fbf71f3821d-126847741072896","trial_id":310,"step":1,"intermediate_value":0.3814200917159839}
{"op_code":7,"worker_id":"73ddc1b4-90a9-4b42-9b81-2fc2ec0b2e19-126702939522560","trial_id":308,"step":1,"intermediate_value":0.5160152281411584}
{"op_code":6,"worker_id":"73ddc1b4-90a9-4b42-9b81-2fc2ec0b2e19-126702939522560","trial_id":308,"state":2,"values":[0.5160152281411584],"datetime_complete":"2026-08-20T12:49:04.964281"}
{"op_code":4,"worker_id":"73ddc1b4-90a9-4b42-9b81-2fc2ec0b2e19-126702939522560","study_id":4,"datetime_start":"2026-08-20T12:49:04.969122"}
{"op_code":5,"worker_id":"73ddc1b4-90a9-4b42-9b81-2fc2ec0b2e19-126702939522560","trial_id":318,"param_name":"lr","param_value_internal":3.864537681592232e-05,"distribution":"{\"name\": \"FloatDistribution\", \"attributes\": {\"step\": null, \"low\": 5e-06, \"high\": 0.0003, \"log\": true}}"}
{"op_code":7,"worker_id":"9d48966a-41ab-4553-b6bb-9220eda887b7-136281275385344","trial_id":306,"step":1,"intermediate_value":1.5148292435538593}
{"op_code":6,"worker_id":"9d48966a-41ab-4553-b6bb-9220eda887b7-136281275385344","trial_id":306,"state":2,"values":[1.5148292435538593],"datetime_complete":"2026-08-20T12:49:16.331064"}
{"op_code":4,"worker_id":"9d48966a-41ab-4553-b6bb-9220eda887b7-136281275385344","study_id":4,"datetime_start":"2026-08-20T12:49:16.336055"}
{"op_code":5,"worker_id":"9d48966a-41ab-4553-b6bb-9220eda887b7-136281275385344","trial_id":319,"param_name":"lr","param_value_internal":3.865764719604788e-05,"distribution":"{\"name\": \"FloatDistribution\", \"attributes\": {\"step\": null, \"low\": 5e-06, \"high\": 0.0003, \"log\": true}}"}
{"op_code":7,"worker_id":"a814c175-5524-4807-b1e5-f6de3c2f1c26-139905166702080","trial_id":311,"step":1,"intermediate_value":0.37535959894846826}
{"op_code":7,"worker_id":"f516e600-6755-4207-941e-71583a6e6045-136121758471680","trial_id":288,"step":2,"intermediate_value":0.3733560563074487}
{"op_code":6,"worker_id":"f516e600-6755-4207-941e-71583a6e6045-136121758471680","trial_id":288,"state":1,"values":[0.3733560563074487],"datetime_complete":"2026-08-20T12:49:27.711290"}
{"op_code":4,"worker_id":"f516e600-6755-4207-941e-71583a6e6045-136121758471680","study_id":4,"datetime_start":"2026-08-20T12:49:27.715948"}
{"op_code":5,"worker_id":"f516e600-6755-4207-941e-71583a6e6045-136121758471680","trial_id":320,"param_name":"lr","param_value_internal":5.1824556270945204e-05,"distribution":"{\"name\": \"FloatDistribution\", \"attributes\": {\"step\": null, \"low\": 5e-06, \"high\": 0.0003, \"log\": true}}"}
{"op_code":7,"worker_id":"830cb360-3e0e-4c2b-a45d-38153395366d-140173833741824","trial_id":313,"step":1,"intermediate_value":0.38004745044687227}
{"op_code":7,"worker_id":"f69eb149-c6c5-4e0d-9841-61548260740c-126137255384576","trial_id":314,"step":1,"intermediate_value":0.38323850286647504}
{"op_code":6,"worker_id":"f69eb149-c6c5-4e0d-9841-61548260740c-126137255384576","trial_id":314,"state":2,"values":[0.38323850286647504],"datetime_complete":"2026-08-20T12:49:35.150424"}
{"op_code":4,"worker_id":"f69eb149-c6c5-4e0d-9841-61548260740c-126137255384576","study_id":4,"datetime_start":"2026-08-20T12:49:35.155057"}
{"op_code":5,"worker_id":"f69eb149-c6c5-4e0d-9841-61548260740c-126137255384576","trial_id":321,"param_name":"lr","param_value_internal":4.6796816723581855e-05,"distribution":"{\"name\": \"FloatDistribution\", \"attributes\": {\"step\": null, \"low\": 5e-06, \"high\": 0.0003, \"log\": true}}"}
{"op_code":7,"worker_id":"0f765532-abae-4210-af89-5879bbbbb70e-136979586926080","trial_id":312,"step":1,"intermediate_value":0.37565961243289925}
{"op_code":7,"worker_id":"6f834a40-cf70-40d2-97bc-74962b3ae119-130455453582848","trial_id":315,"step":1,"intermediate_value":0.4095691318248783}
{"op_code":6,"worker_id":"6f834a40-cf70-40d2-97bc-74962b3ae119-130455453582848","trial_id":315,"state":2,"values":[0.4095691318248783],"datetime_complete":"2026-08-20T12:50:07.189701"}
{"op_code":4,"worker_id":"6f834a40-cf70-40d2-97bc-74962b3ae119-130455453582848","study_id":4,"datetime_start":"2026-08-20T12:50:07.194706"}
{"op_code":5,"worker_id":"6f834a40-cf70-40d2-97bc-74962b3ae119-130455453582848","trial_id":322,"param_name":"lr","param_value_internal":4.058994131793982e-05,"distribution":"{\"name\": \"FloatDistribution\", \"attributes\": {\"step\": null, \"low\": 5e-06, \"high\": 0.0003, \"log\": true}}"}
{"op_code":7,"worker_id":"f4c3ede1-1ac2-4d51-bb51-e7cd648ac889-135492011693568","trial_id":307,"step":1,"intermediate_value":1.5178915922366751}
{"op_code":6,"worker_id":"f4c3ede1-1ac2-4d51-bb51-e7cd648ac889-135492011693568","trial_id":307,"state":2,"values":[1.5178915922366751],"datetime_complete":"2026-08-20T12:50:48.885137"}
{"op_code":4,"worker_id":"f4c3ede1-1ac2-4d51-bb51-e7cd648ac889-135492011693568","study_id":4,"datetime_start":"2026-08-20T12:50:48.890183"}
{"op_code":5,"worker_id":"f4c3ede1-1ac2-4d51-bb51-e7cd648ac889-135492011693568","trial_id":323,"param_name":"lr","param_value_internal":3.845906326039314e-05,"distribution":"{\"name\": \"FloatDistribution\", \"attributes\": {\"step\": null, \"low\": 5e-06, \"high\": 0.0003, \"log\": true}}"}
{"op_code":7,"worker_id":"73ddc1b4-90a9-4b42-9b81-2fc2ec0b2e19-126702939522560","trial_id":318,"step":1,"intermediate_value":0.4160411001483475}
{"op_code":6,"worker_id":"73ddc1b4-90a9-4b42-9b81-2fc2ec0b2e19-126702939522560","trial_id":318,"state":2,"values":[0.4160411001483475],"datetime_complete":"2026-08-20T12:50:49.003151"}
{"op_code":4,"worker_id":"73ddc1b4-90a9-4b42-9b81-2fc2ec0b2e19-126702939522560","study_id":4,"datetime_start":"2026-08-20T12:50:49.007904"}
{"op_code":5,"worker_id":"73ddc1b4-90a9-4b42-9b81-2fc2ec0b2e19-126702939522560","trial_id":324,"param_name":"lr","param_value_internal":5.0841820588469465e-05,"distribution":"{\"name\": \"FloatDistribution\", \"attributes\": {\"step\": null, \"low\": 5e-06, \"high\": 0.0003, \"log\": true}}"}
{"op_code":7,"worker_id":"f516e600-6755-4207-941e-71583a6e6045-136121758471680","trial_id":320,"step":1,"intermediate_value":0.40769950727799353}
{"op_code":6,"worker_id":"f516e600-6755-4207-941e-71583a6e6045-136121758471680","trial_id":320,"state":2,"values":[0.40769950727799353],"datetime_complete":"2026-08-20T12:51:00.065588"}
{"op_code":4,"worker_id":"f516e600-6755-4207-941e-71583a6e6045-136121758471680","study_id":4,"datetime_start":"2026-08-20T12:51:00.070420"}
{"op_code":5,"worker_id":"f516e600-6755-4207-941e-71583a6e6045-136121758471680","trial_id":325,"param_name":"lr","param_value_internal":1.0539644548728636e-05,"distribution":"{\"name\": \"FloatDistribution\", \"attributes\": {\"step\": null, \"low\": 5e-06, \"high\": 0.0003, \"log\": true}}"}
{"op_code":7,"worker_id":"9d48966a-41ab-4553-b6bb-9220eda887b7-136281275385344","trial_id":319,"step":1,"intermediate_value":0.415767285407307}
{"op_code":6,"worker_id":"9d48966a-41ab-4553-b6bb-9220eda887b7-136281275385344","trial_id":319,"state":2,"values":[0.415767285407307],"datetime_complete":"2026-08-20T12:51:00.824934"}
{"op_code":4,"worker_id":"9d48966a-41ab-4553-b6bb-9220eda887b7-136281275385344","study_id":4,"datetime_start":"2026-08-20T12:51:00.829842"}
{"op_code":5,"worker_id":"9d48966a-41ab-4553-b6bb-9220eda887b7-136281275385344","trial_id":326,"param_name":"lr","param_value_internal":0.00013763460348354122,"distribution":"{\"name\": \"FloatDistribution\", \"attributes\": {\"step\": null, \"low\": 5e-06, \"high\": 0.0003, \"log\": true}}"}
{"op_code":7,"worker_id":"f69eb149-c6c5-4e0d-9841-61548260740c-126137255384576","trial_id":321,"step":1,"intermediate_value":0.4150775273893602}
{"op_code":6,"worker_id":"f69eb149-c6c5-4e0d-9841-61548260740c-126137255384576","trial_id":321,"state":2,"values":[0.4150775273893602],"datetime_complete":"2026-08-20T12:51:06.704570"}
{"op_code":4,"worker_id":"f69eb149-c6c5-4e0d-9841-61548260740c-126137255384576","study_id":4,"datetime_start":"2026-08-20T12:51:06.709300"}
{"op_code":5,"worker_id":"f69eb149-c6c5-4e0d-9841-61548260740c-126137255384576","trial_id":327,"param_name":"lr","param_value_internal":0.00012527309495236308,"distribution":"{\"name\": \"FloatDistribution\", \"attributes\": {\"step\": null, \"low\": 5e-06, \"high\": 0.0003, \"log\": true}}"}
{"op_code":7,"worker_id":"0a106a82-bcc3-4eba-a44e-0fbf71f3821d-126847741072896","trial_id":310,"step":2,"intermediate_value":0.3861350898567947}
{"op_code":6,"worker_id":"0a106a82-bcc3-4eba-a44e-0fbf71f3821d-126847741072896","trial_id":310,"state":1,"values":[0.3861350898567947],"datetime_complete":"2026-08-20T12:52:08.253457"}
{"op_code":4,"worker_id":"0a106a82-bcc3-4eba-a44e-0fbf71f3821d-126847741072896","study_id":4,"datetime_start":"2026-08-20T12:52:08.258332"}
{"op_code":5,"worker_id":"0a106a82-bcc3-4eba-a44e-0fbf71f3821d-126847741072896","trial_id":328,"param_name":"lr","param_value_internal":1.1270216525972469e-05,"distribution":"{\"name\": \"FloatDistribution\", \"attributes\": {\"step\": null, \"low\": 5e-06, \"high\": 0.0003, \"log\": true}}"}
{"op_code":7,"worker_id":"f4c3ede1-1ac2-4d51-bb51-e7cd648ac889-135492011693568","trial_id":323,"step":1,"intermediate_value":0.4163218658707075}
{"op_code":6,"worker_id":"f4c3ede1-1ac2-4d51-bb51-e7cd648ac889-135492011693568","trial_id":323,"state":2,"values":[0.4163218658707075],"datetime_complete":"2026-08-20T12:52:23.159330"}
{"op_code":7,"worker_id":"a814c175-5524-4807-b1e5-f6de3c2f1c26-139905166702080","trial_id":311,"step":2,"intermediate_value":0.38300256900851243}
{"op_code":6,"worker_id":"a814c175-5524-4807-b1e5-f6de3c2f1c26-139905166702080","trial_id":311,"state":1,"values":[0.38300256900851243],"datetime_complete":"2026-08-20T12:52:28.343311"}
{"op_code":4,"worker_id":"a814c175-5524-4807-b1e5-f6de3c2f1c26-139905166702080","study_id":4,"datetime_start":"2026-08-20T12:52:28.348187"}
{"op_code":5,"worker_id":"a814c175-5524-4807-b1e5-f6de3c2f1c26-139905166702080","trial_id":329,"param_name":"lr","param_value_internal":9.88013164021907e-06,"distribution":"{\"name\": \"FloatDistribution\", \"attributes\": {\"step\": null, \"low\": 5e-06, \"high\": 0.0003, \"log\": true}}"}
{"op_code":7,"worker_id":"f516e600-6755-4207-941e-71583a6e6045-136121758471680","trial_id":325,"step":1,"intermediate_value":0.3732530585467339}
{"op_code":7,"worker_id":"73ddc1b4-90a9-4b42-9b81-2fc2ec0b2e19-126702939522560","trial_id":324,"step":1,"intermediate_value":0.40570211914231663}
{"op_code":6,"worker_id":"73ddc1b4-90a9-4b42-9b81-2fc2ec0b2e19-126702939522560","trial_id":324,"state":2,"values":[0.40570211914231663],"datetime_complete":"2026-08-20T12:52:33.178452"}
{"op_code":7,"worker_id":"830cb360-3e0e-4c2b-a45d-38153395366d-140173833741824","trial_id":313,"step":2,"intermediate_value":0.38544491211148235}
{"op_code":6,"worker_id":"830cb360-3e0e-4c2b-a45d-38153395366d-140173833741824","trial_id":313,"state":1,"values":[0.38544491211148235],"datetime_complete":"2026-08-20T12:52:40.873100"}
{"op_code":4,"worker_id":"830cb360-3e0e-4c2b-a45d-38153395366d-140173833741824","study_id":4,"datetime_start":"2026-08-20T12:52:40.877847"}
{"op_code":5,"worker_id":"830cb360-3e0e-4c2b-a45d-38153395366d-140173833741824","trial_id":330,"param_name":"lr","param_value_internal":9.466563882196499e-06,"distribution":"{\"name\": \"FloatDistribution\", \"attributes\": {\"step\": null, \"low\": 5e-06, \"high\": 0.0003, \"log\": true}}"}
{"op_code":7,"worker_id":"0f765532-abae-4210-af89-5879bbbbb70e-136979586926080","trial_id":312,"step":2,"intermediate_value":0.3831525464450916}
{"op_code":6,"worker_id":"0f765532-abae-4210-af89-5879bbbbb70e-136979586926080","trial_id":312,"state":1,"values":[0.3831525464450916],"datetime_complete":"2026-08-20T12:52:44.790377"}
{"op_code":4,"worker_id":"0f765532-abae-4210-af89-5879bbbbb70e-136979586926080","study_id":4,"datetime_start":"2026-08-20T12:52:44.794886"}
{"op_code":5,"worker_id":"0f765532-abae-4210-af89-5879bbbbb70e-136979586926080","trial_id":331,"param_name":"lr","param_value_internal":9.525971636954533e-06,"distribution":"{\"name\": \"FloatDistribution\", \"attributes\": {\"step\": null, \"low\": 5e-06, \"high\": 0.0003, \"log\": true}}"}
{"op_code":7,"worker_id":"9d48966a-41ab-4553-b6bb-9220eda887b7-136281275385344","trial_id":326,"step":1,"intermediate_value":0.4626896839348672}
{"op_code":6,"worker_id":"9d48966a-41ab-4553-b6bb-9220eda887b7-136281275385344","trial_id":326,"state":2,"values":[0.4626896839348672],"datetime_complete":"2026-08-20T12:53:11.080524"}
{"op_code":7,"worker_id":"1e0b6ea2-3095-4eee-be11-5101fc1d3238-130488976647680","trial_id":316,"step":1,"intermediate_value":0.36692966533366356}
{"op_code":7,"worker_id":"bde963b7-ca8a-438e-9cf1-859b091ffdbb-133512564618752","trial_id":317,"step":1,"intermediate_value":0.38154106276662125}
{"op_code":7,"worker_id":"0a106a82-bcc3-4eba-a44e-0fbf71f3821d-126847741072896","trial_id":328,"step":1,"intermediate_value":0.37405679280804277}
{"op_code":7,"worker_id":"a814c175-5524-4807-b1e5-f6de3c2f1c26-139905166702080","trial_id":329,"step":1,"intermediate_value":0.3736384579809995}
{"op_code":7,"worker_id":"830cb360-3e0e-4c2b-a45d-38153395366d-140173833741824","trial_id":330,"step":1,"intermediate_value":0.3744872767571309}
{"op_code":7,"worker_id":"0f765532-abae-4210-af89-5879bbbbb70e-136979586926080","trial_id":331,"step":1,"intermediate_value":0.3743446846751622}
{"op_code":7,"worker_id":"6f834a40-cf70-40d2-97bc-74962b3ae119-130455453582848","trial_id":322,"step":1,"intermediate_value":0.3696357388726866}
{"op_code":7,"worker_id":"1e0b6ea2-3095-4eee-be11-5101fc1d3238-130488976647680","trial_id":316,"step":2,"intermediate_value":0.3801000897086354}
{"op_code":6,"worker_id":"1e0b6ea2-3095-4eee-be11-5101fc1d3238-130488976647680","trial_id":316,"state":1,"values":[0.3801000897086354],"datetime_complete":"2026-08-20T12:54:44.112806"}
{"op_code":4,"worker_id":"1e0b6ea2-3095-4eee-be11-5101fc1d3238-130488976647680","study_id":4,"datetime_start":"2026-08-20T12:54:44.117315"}
{"op_code":5,"worker_id":"1e0b6ea2-3095-4eee-be11-5101fc1d3238-130488976647680","trial_id":332,"param_name":"lr","param_value_internal":1.084429905103658e-05,"distribution":"{\"name\": \"FloatDistribution\", \"attributes\": {\"step\": null, \"low\": 5e-06, \"high\": 0.0003, \"log\": true}}"}
{"op_code":7,"worker_id":"bde963b7-ca8a-438e-9cf1-859b091ffdbb-133512564618752","trial_id":317,"step":2,"intermediate_value":0.38770563253581225}
{"op_code":6,"worker_id":"bde963b7-ca8a-438e-9cf1-859b091ffdbb-133512564618752","trial_id":317,"state":1,"values":[0.38770563253581225],"datetime_complete":"2026-08-20T12:55:13.405033"}
{"op_code":4,"worker_id":"bde963b7-ca8a-438e-9cf1-859b091ffdbb-133512564618752","study_id":4,"datetime_start":"2026-08-20T12:55:13.409675"}
{"op_code":5,"worker_id":"bde963b7-ca8a-438e-9cf1-859b091ffdbb-133512564618752","trial_id":333,"param_name":"lr","param_value_internal":6.677628464027202e-05,"distribution":"{\"name\": \"FloatDistribution\", \"attributes\": {\"step\": null, \"low\": 5e-06, \"high\": 0.0003, \"log\": true}}"}
{"op_code":7,"worker_id":"f516e600-6755-4207-941e-71583a6e6045-136121758471680","trial_id":325,"step":2,"intermediate_value":0.3817419782784751}
{"op_code":6,"worker_id":"f516e600-6755-4207-941e-71583a6e6045-136121758471680","trial_id":325,"state":1,"values":[0.3817419782784751],"datetime_complete":"2026-08-20T12:55:36.288791"}
{"op_code":4,"worker_id":"f516e600-6755-4207-941e-71583a6e6045-136121758471680","study_id":4,"datetime_start":"2026-08-20T12:55:36.293639"}
{"op_code":5,"worker_id":"f516e600-6755-4207-941e-71583a6e6045-136121758471680","trial_id":334,"param_name":"lr","param_value_internal":1.0797948418865685e-05,"distribution":"{\"name\": \"FloatDistribution\", \"attributes\": {\"step\": null, \"low\": 5e-06, \"high\": 0.0003, \"log\": true}}"}
{"op_code":7,"worker_id":"f69eb149-c6c5-4e0d-9841-61548260740c-126137255384576","trial_id":327,"step":1,"intermediate_value":0.3767346016837513}
{"op_code":7,"worker_id":"6f834a40-cf70-40d2-97bc-74962b3ae119-130455453582848","trial_id":322,"step":2,"intermediate_value":0.3814721617622463}
{"op_code":6,"worker_id":"6f834a40-cf70-40d2-97bc-74962b3ae119-130455453582848","trial_id":322,"state":1,"values":[0.3814721617622463],"datetime_complete":"2026-08-20T12:56:14.514885"}
{"op_code":7,"worker_id":"1e0b6ea2-3095-4eee-be11-5101fc1d3238-130488976647680","trial_id":332,"step":1,"intermediate_value":0.3734715195437654}
{"op_code":7,"worker_id":"0a106a82-bcc3-4eba-a44e-0fbf71f3821d-126847741072896","trial_id":328,"step":2,"intermediate_value":0.38209682714981763}
{"op_code":6,"worker_id":"0a106a82-bcc3-4eba-a44e-0fbf71f3821d-126847741072896","trial_id":328,"state":1,"values":[0.38209682714981763],"datetime_complete":"2026-08-20T12:56:45.237880"}
{"op_code":7,"worker_id":"bde963b7-ca8a-438e-9cf1-859b091ffdbb-133512564618752","trial_id":333,"step":1,"intermediate_value":0.40931247789179326}
{"op_code":6,"worker_id":"bde963b7-ca8a-438e-9cf1-859b091ffdbb-133512564618752","trial_id":333,"state":2,"values":[0.40931247789179326],"datetime_complete":"2026-08-20T12:56:57.749348"}
{"op_code":7,"worker_id":"a814c175-5524-4807-b1e5-f6de3c2f1c26-139905166702080","trial_id":329,"step":2,"intermediate_value":0.38203298619788023}
{"op_code":6,"worker_id":"a814c175-5524-4807-b1e5-f6de3c2f1c26-139905166702080","trial_id":329,"state":1,"values":[0.38203298619788023],"datetime_complete":"2026-08-20T12:57:07.166826"}
{"op_code":7,"worker_id":"f516e600-6755-4207-941e-71583a6e6045-136121758471680","trial_id":334,"step":1,"intermediate_value":0.37343125180785103}
{"op_code":7,"worker_id":"830cb360-3e0e-4c2b-a45d-38153395366d-140173833741824","trial_id":330,"step":2,"intermediate_value":0.3825353704208816}
{"op_code":6,"worker_id":"830cb360-3e0e-4c2b-a45d-38153395366d-140173833741824","trial_id":330,"state":1,"values":[0.3825353704208816],"datetime_complete":"2026-08-20T12:57:20.007210"}
{"op_code":7,"worker_id":"0f765532-abae-4210-af89-5879bbbbb70e-136979586926080","trial_id":331,"step":2,"intermediate_value":0.38243817769820865}
{"op_code":6,"worker_id":"0f765532-abae-4210-af89-5879bbbbb70e-136979586926080","trial_id":331,"state":1,"values":[0.38243817769820865],"datetime_complete":"2026-08-20T12:57:28.493996"}
{"op_code":7,"worker_id":"f69eb149-c6c5-4e0d-9841-61548260740c-126137255384576","trial_id":327,"step":2,"intermediate_value":0.39072447087083473}
{"op_code":6,"worker_id":"f69eb149-c6c5-4e0d-9841-61548260740c-126137255384576","trial_id":327,"state":1,"values":[0.39072447087083473],"datetime_complete":"2026-08-20T12:57:33.446627"}
{"op_code":7,"worker_id":"1e0b6ea2-3095-4eee-be11-5101fc1d3238-130488976647680","trial_id":332,"step":2,"intermediate_value":0.38180604126621553}
{"op_code":6,"worker_id":"1e0b6ea2-3095-4eee-be11-5101fc1d3238-130488976647680","trial_id":332,"state":1,"values":[0.38180604126621553],"datetime_complete":"2026-08-20T12:59:20.531664"}
{"op_code":4,"worker_id":"1e0b6ea2-3095-4eee-be11-5101fc1d3238-130488976647680","study_id":4,"datetime_start":"2026-08-20T12:59:20.536621"}
{"op_code":5,"worker_id":"1e0b6ea2-3095-4eee-be11-5101fc1d3238-130488976647680","trial_id":335,"param_name":"lr","param_value_internal":2.7807555277501595e-05,"distribution":"{\"name\": \"FloatDistribution\", \"attributes\": {\"step\": null, \"low\": 5e-06, \"high\": 0.0003, \"log\": true}}"}
{"op_code":7,"worker_id":"f516e600-6755-4207-941e-71583a6e6045-136121758471680","trial_id":334,"step":2,"intermediate_value":0.3818006240065469}
{"op_code":6,"worker_id":"f516e600-6755-4207-941e-71583a6e6045-136121758471680","trial_id":334,"state":1,"values":[0.3818006240065469],"datetime_complete":"2026-08-20T13:00:12.320585"}
{"op_code":7,"worker_id":"1e0b6ea2-3095-4eee-be11-5101fc1d3238-130488976647680","trial_id":335,"step":1,"intermediate_value":0.3952509674316811}
{"op_code":6,"worker_id":"1e0b6ea2-3095-4eee-be11-5101fc1d3238-130488976647680","trial_id":335,"state":2,"values":[0.3952509674316811],"datetime_complete":"2026-08-20T13:00:52.952577"}
